{"type":"Topology","transform":{"scale":[0.000001836036720550892,0.0000021445145778968874],"translate":[-70.06210062100621,12.418354295697284]},"objects":{"ABW":{"type":"MultiPolygon","arcs":[[[0]]]}},"arcs":[[[35294,74015],[33333,-21260],[5882,-5511],[5882,-10236],[19608,-20473],[0,-12598],[-5882,-3937],[-9804,0],[-11765,3937],[-9804,6299],[11765,0],[0,3150],[-17647,7874],[-37254,27558],[-11765,3937],[-5882,2363],[-1961,4724],[0,4724],[5882,7874],[1961,4725],[-1961,7874],[-3921,6299],[-1961,5511],[7843,3150],[21568,-22047],[5883,-3937]]]}