{"type":"Topology","transform":{"scale":[0.00014407488148322208,0.00009086325152490328],"translate":[60.48600486004861,29.386867280748532]},"objects":{"AFG":{"type":"MultiPolygon","arcs":[[[0]]]}},"arcs":[[[99999,86321],[-550,-167],[-150,-18],[-75,74],[-249,743],[-50,93],[-125,19],[-75,-75],[-75,-111],[-150,-186],[-50,-37],[-125,-19],[-50,-37],[-25,-74],[-75,-112],[-25,-55],[-25,-38],[-50,-18],[-50,18],[-75,112],[-50,37],[-100,-19],[-300,-111],[-225,0],[-100,-74],[-75,-168],[-49,-223],[-75,-130],[-100,-74],[-150,-37],[-275,37],[-100,-37],[0,-223],[100,-223],[225,-223],[424,-260],[125,-186],[75,-223],[100,-167],[175,-112],[25,-56],[0,-74],[0,-74],[-25,-93],[-50,-353],[-100,-38],[-150,149],[-125,242],[-25,37],[-25,18],[-124,56],[-150,0],[-300,-111],[-175,-186],[-575,-465],[-350,-353],[-150,-74],[-474,56],[-100,-38],[-100,-93],[-50,-148],[-25,-372],[-75,-111],[-400,-186],[-200,0],[-225,111],[-200,56],[-574,465],[-200,111],[-425,112],[-425,18],[-25,0],[-475,19],[-899,-186],[-225,37],[-225,37],[-450,-74],[-349,37],[-350,-167],[-100,0],[-100,0],[-200,74],[-225,37],[-1024,-148],[-125,-56],[-150,-149],[-100,-37],[-75,0],[-225,112],[-175,-56],[-175,-112],[-200,-74],[-600,-37],[-574,111],[-475,-37],[-450,-148],[-325,-205],[-449,-483],[-125,-37],[-325,18],[-300,-111],[-300,-37],[-600,-168],[-324,-167],[-100,-111],[-25,-130],[100,-223],[50,-186],[-125,-75],[-400,-74],[-175,-74],[-75,-56],[-75,-93],[25,-93],[25,-93],[0,-111],[-125,-130],[-275,-93],[-150,-93],[-125,-149],[-324,-241],[-100,-112],[-75,-111],[-100,-93],[-100,-56],[-450,-37],[-150,-112],[25,-353],[100,-297],[25,-149],[-75,-130],[-100,-56],[-125,0],[-100,56],[-200,279],[-400,353],[-149,74],[-125,-18],[-75,-112],[-75,-334],[-50,-168],[-75,-130],[-150,-223],[-50,-167],[75,-167],[50,-130],[-150,-112],[-175,-37],[-125,-56],[-100,-111],[-550,-762],[-125,-130],[-449,-205],[-25,-74],[-50,-223],[-50,-112],[-50,-55],[-225,-130],[-275,-223],[-25,-93],[-25,-223],[-50,-112],[-225,-279],[-50,-185],[25,-149],[0,-56],[75,-74],[250,-186],[100,-93],[175,-241],[175,-112],[200,-56],[200,-111],[125,-149],[25,-372],[74,-167],[300,-279],[100,-167],[250,-539],[25,-167],[25,-112],[-25,-92],[0,-93],[50,-130],[25,-75],[100,-111],[50,-56],[100,-186],[25,-204],[-50,-205],[-125,-204],[-75,-223],[50,-186],[150,-149],[375,-241],[125,-112],[50,-148],[0,-223],[-50,-205],[-25,-204],[50,-242],[25,-74],[50,-93],[100,-130],[50,-149],[0,-223],[-75,-167],[-325,-372],[-225,-371],[0,-298],[125,-279],[375,-576],[225,-223],[25,-130],[-75,-223],[-175,-353],[-475,-427],[-175,-298],[-25,-483],[50,-111],[0,-112],[-50,-74],[-75,-74],[-75,-131],[-50,-241],[-50,-130],[-75,-75],[-100,-55],[-824,-428],[-250,-260],[-125,-334],[-100,-372],[-375,-688],[-100,-130],[-275,-167],[-475,-539],[-74,-111],[0,-168],[50,-260],[24,-223],[-24,-260],[-75,-223],[-125,-93],[-300,56],[-125,0],[-25,0],[-100,-56],[-75,-204],[-25,-242],[50,-242],[50,-204],[150,-297],[200,-316],[225,-260],[474,-372],[50,-260],[-225,-781],[0,-186],[75,-390],[25,-223],[0,-260],[-50,-149],[-199,-297],[-75,-223],[0,-167],[25,-186],[-25,-205],[-125,-130],[-325,-93],[-150,-74],[-75,-149],[-75,-93],[-100,-37],[-125,0],[-200,93],[-75,-37],[-25,-130],[-125,-335],[-474,-130],[-950,19],[-925,-167],[-224,0],[-575,167],[-550,37],[-125,37],[-250,168],[-374,55],[-1500,688],[-250,18],[-374,-74],[-175,-93],[-125,-148],[0,-168],[25,-167],[-25,-167],[-125,-167],[-75,-149],[25,-167],[200,-279],[75,-149],[100,-409],[50,-167],[175,-334],[50,-168],[50,-204],[74,-204],[100,-93],[175,-38],[100,-18],[375,-205],[300,56],[75,-111],[50,-428],[50,-186],[25,-55],[50,-56],[125,-74],[50,-56],[25,-75],[0,-260],[-150,-706],[0,-204],[25,-205],[50,-204],[100,-167],[50,-56],[200,-74],[50,-56],[50,-186],[25,-74],[374,-558],[125,-334],[-50,-354],[-1199,-1319],[-125,-111],[-150,18],[-175,74],[-75,-37],[-225,-594],[-50,-93],[-100,-56],[-200,19],[-75,-19],[-499,-409],[-300,-37],[-475,316],[-250,-74],[-325,-298],[-149,-56],[-50,19],[-50,37],[-75,37],[-225,-55],[-150,0],[-275,-56],[-225,-205],[-200,-297],[-50,-204],[-75,-186],[125,-1190],[-50,-315],[-50,-56],[-175,-186],[-175,-316],[-225,-223],[-74,-149],[0,-223],[25,-93],[49,-55],[75,-56],[50,-37],[50,-56],[25,-74],[0,-205],[75,-353],[-25,-149],[-75,-204],[-374,-743],[-125,-130],[-275,-130],[-150,-131],[-200,-353],[-125,-408],[-50,-465],[75,-465],[175,-631],[25,-223],[0,-242],[-50,-465],[0,-464],[-50,-465],[0,-241],[125,-1041],[225,-836],[25,-149],[-25,-56],[-25,-37],[-325,-353],[-200,-260],[-750,-1598],[-99,-149],[-100,-93],[-100,-186],[-225,-279],[-250,-241],[-175,-112],[-250,37],[-250,-111],[-425,-316],[-299,-37],[-175,186],[-325,613],[-175,297],[-50,149],[-25,446],[-50,130],[-75,74],[-400,93],[-400,316],[-224,130],[-150,0],[-175,-93],[-300,-204],[-125,-149],[0,-111],[125,-75],[150,-18],[425,0],[124,-19],[75,-93],[-99,-148],[-150,-112],[-100,-56],[-275,56],[-725,353],[-275,19],[-275,0],[-150,18],[-74,112],[-75,149],[-175,204],[-150,112],[-200,74],[-125,0],[-100,-149],[-150,-464],[-25,-112],[-50,-93],[-225,-279],[-25,-92],[-25,-242],[-50,-74],[-350,-279],[-125,-130],[-74,-149],[-75,-56],[-275,-18],[-225,56],[-100,-19],[-175,-112],[-450,-669],[-225,-204],[-150,-149],[-200,-111],[-224,-37],[-450,130],[-225,0],[-75,-186],[50,-167],[100,-168],[100,-185],[25,-446],[100,-149],[150,-130],[125,-56],[574,112],[250,-112],[50,-465],[-75,-204],[-100,-56],[-300,0],[-100,-37],[-99,-93],[-100,-111],[-425,-391],[-125,-74],[-375,-93],[-275,-148],[-400,-75],[-474,-279],[-125,-37],[-450,56],[-375,-19],[-100,19],[-150,74],[-250,186],[-150,56],[-124,0],[-275,-93],[-125,0],[-175,37],[-75,37],[-50,56],[-25,93],[25,74],[50,56],[25,93],[-25,242],[-50,148],[-100,75],[-400,0],[-275,-112],[-449,-316],[-225,-241],[-150,-242],[-175,-186],[-275,-56],[-175,-167],[-225,-1226],[-125,-261],[-674,-910],[-150,-93],[-925,-260],[-125,-93],[-75,-149],[-674,-3549],[-25,-483],[124,-428],[175,-297],[50,-149],[25,-223],[25,-223],[-125,-1449],[0,-669],[-25,-205],[-449,-1264],[-100,-408],[0,-186],[25,-149],[250,-223],[274,-409],[225,-223],[50,-111],[-25,-37],[-50,-38],[-50,-37],[-150,-334],[-174,-335],[-550,-539],[-600,-241],[-400,-168],[-399,-167],[-400,-167],[-400,-149],[-400,-167],[-400,-167],[-424,-168],[-400,-148],[-400,-167],[-400,-168],[-400,-167],[-399,-149],[-400,-167],[-400,-167],[-425,-167],[-400,-149],[-999,-409],[-350,19],[-1149,278],[-950,19],[-1274,19],[-150,0],[-1874,-781],[-250,-167],[-150,-297],[-250,-669],[-200,-112],[-799,465],[-1275,353],[-1524,409],[-1049,-149],[-350,-37],[-325,-56],[-350,-37],[-350,-37],[-325,-56],[-349,-37],[-350,-56],[-325,-37],[-350,-37],[-325,-56],[-349,-37],[-350,-56],[-325,-37],[-350,-37],[-325,-56],[-350,-37],[-199,-37],[-875,-112],[-700,204],[-674,279],[-575,260],[-575,261],[-574,260],[-575,260],[-575,241],[-600,261],[-574,260],[-575,260],[-575,260],[-574,260],[-575,260],[-575,242],[-575,260],[-599,260],[-575,261],[-575,260],[-499,223],[-200,130],[400,650],[524,855],[1075,1747],[574,948],[375,650],[750,1227],[575,929],[799,1319],[875,1450],[574,929],[125,186],[-25,56],[0,18],[0,186],[25,74],[25,38],[-25,762],[-25,111],[125,372],[50,223],[0,223],[-25,223],[-75,353],[-125,353],[-25,111],[0,316],[-75,260],[-174,409],[-75,223],[0,223],[50,465],[-50,204],[-250,428],[-125,148],[-200,93],[-375,93],[-800,149],[-1349,279],[-1174,223],[-25,0],[-1150,241],[-699,130],[-250,130],[-75,1041],[-100,521],[-25,260],[100,817],[-100,1022],[-25,521],[50,687],[0,242],[-25,112],[-50,111],[0,112],[50,241],[-25,74],[-75,38],[-25,74],[50,167],[200,316],[25,186],[100,873],[25,892],[-250,1171],[-300,1524],[-275,1282],[-275,1153],[-225,1096],[-249,1078],[-200,892],[-100,706],[0,873],[50,149],[325,613],[374,669],[350,614],[250,483],[200,223],[225,204],[75,112],[50,223],[-25,186],[-25,185],[25,168],[125,111],[325,19],[99,56],[50,111],[25,19],[-75,167],[-99,130],[-125,93],[-225,74],[-275,19],[-500,-37],[-550,55],[-549,316],[-450,558],[-175,799],[50,353],[225,650],[25,428],[-200,1691],[-75,948],[-25,148],[50,484],[200,520],[200,372],[250,334],[324,242],[125,148],[-50,242],[475,37],[725,56],[500,37],[-75,204],