{"type":"Topology","transform":{"scale":[0.00012391447827717425,0.0001364046359074835],"translate":[11.669516695166948,-18.03175961209743]},"objects":{"AGO":{"type":"MultiPolygon","arcs":[[[0]],[[1]],[[2]]]}},"arcs":[[[552,9817],[0,-99],[-174,161],[-117,210],[-261,718],[29,210],[58,87],[174,124],[146,-37],[0,-372],[58,-161],[0,-297],[0,-284],[87,-260]],[[99244,52488],[58,-359],[58,-124],[145,-223],[29,-99],[-58,-148],[-29,-124],[29,-409],[-58,-285],[58,-99],[145,-24],[-29,-1040],[58,-186],[349,-718],[0,-86],[-58,-100],[-262,-173],[-87,-111],[-29,-75],[0,-99],[29,-173],[0,-124],[-29,-86],[-232,-310],[-145,-285],[-30,-148],[0,-186],[59,-136],[87,-148],[58,-174],[29,-544],[29,-186],[0,-74],[-174,-359],[-58,-941],[-59,-1028],[59,-322],[174,-235],[203,-185],[87,-186],[29,-446],[88,-334],[-29,-124],[-59,-124],[-290,-359],[-349,-470],[-116,-210],[-145,-520],[-145,-533],[-146,-334],[-58,-297],[58,-235],[175,-198],[435,-409],[175,-210],[145,-223],[87,-272],[-261,0],[-988,0],[-1017,0],[-988,0],[-1017,0],[-987,0],[-1017,0],[-988,0],[-1017,0],[-988,0],[-1017,0],[-987,0],[-1017,0],[-988,0],[-1017,0],[-1017,0],[-987,0],[0,-1102],[0,-1102],[0,-1114],[0,-1102],[0,-668],[0,-434],[0,-1101],[0,-1114],[0,-1102],[0,-1102],[0,-1102],[0,-1114],[0,-1102],[0,-1101],[0,-1102],[0,-1114],[0,-1102],[0,-285],[0,-161],[0,-222],[0,-322],[0,-743],[0,-755],[0,-743],[0,-755],[0,-322],[0,-25],[0,-470],[0,-446],[0,-111],[29,-161],[203,-235],[291,-396],[-204,-13],[-58,13],[87,-99],[29,-99],[0,-87],[29,-111],[58,-50],[88,-74],[29,-25],[0,-74],[29,-161],[0,-50],[261,-49],[145,-50],[-29,-99],[-58,-86],[-87,-137],[-29,-136],[0,-124],[29,-86],[145,-211],[29,-99],[0,-99],[-29,-86],[58,-50],[146,-12],[87,-50],[29,-111],[29,-124],[58,-99],[697,-495],[88,-37],[87,12],[116,37],[58,25],[29,12],[29,25],[58,-25],[58,-62],[29,-12],[204,-37],[87,-62],[58,-99],[116,-149],[58,-86],[58,-50],[29,-25],[146,-12],[58,-37],[58,-74],[581,-805],[87,-210],[87,-87],[117,-62],[261,-74],[87,-99],[29,-50],[0,-136],[29,-62],[29,-25],[117,0],[493,-173],[88,-74],[377,-347],[175,-186],[87,-198],[116,-346],[58,-99],[116,-87],[233,-111],[319,-260],[233,-124],[494,-186],[377,-86],[116,-62],[349,-322],[29,-74],[58,-198],[175,-223],[174,-198],[203,-137],[349,-123],[87,-75],[29,-123],[-29,-112],[29,-99],[87,-99],[146,-25],[145,13],[116,24],[145,13],[262,-13],[116,-37],[116,-49],[174,-99],[146,-161],[203,-136],[-58,-99],[0,-99],[29,-99],[-668,-112],[-1656,-285],[-1627,-284],[-1656,-285],[-1656,-272],[-2005,-347],[-2033,-334],[-2034,-334],[-2034,-347],[-581,-99],[-145,-37],[-29,12],[-145,161],[-233,99],[-465,136],[-377,186],[-117,25],[-319,-25],[-116,25],[-146,-25],[-145,-50],[-145,-37],[-116,50],[-756,-173],[-116,-25],[-639,-149],[-116,-198],[-262,-37],[-232,-87],[-204,-12],[-174,136],[-232,112],[-146,37],[-58,-75],[-58,-24],[-145,24],[-116,50],[-87,62],[-117,62],[-290,12],[-320,-12],[-203,-37],[-87,37],[-233,148],[-290,124],[-87,62],[-146,149],[-174,136],[-203,74],[-233,-37],[-290,223],[-116,37],[-262,-50],[-116,0],[-87,50],[-262,-211],[-203,75],[-203,12],[-204,-49],[-116,-87],[-58,49],[-116,-37],[-117,-12],[-203,0],[-465,-50],[-87,13],[-290,86],[-291,149],[-1278,0],[-58,-25],[-88,-136],[-58,-37],[-116,0],[-174,62],[-175,62],[-87,49],[-58,136],[-174,37],[-174,-12],[-465,-99],[-1395,-12],[-1278,334],[-116,74],[-378,-25],[-232,50],[-88,0],[-174,-37],[-290,-99],[-669,-25],[-1046,173],[-726,310],[-319,62],[-117,86],[-145,186],[-465,421],[-87,49],[-145,62],[-87,75],[-29,62],[-58,123],[0,62],[-436,297],[-116,50],[-30,86],[-261,471],[-203,49],[0,13],[-29,74],[-146,285],[-29,37],[-58,25],[-29,74],[-29,37],[-58,0],[-436,0],[-2063,12],[-1075,0],[-987,0],[-2063,0],[-2092,0],[-697,0],[-1366,0],[-2062,0],[-2063,0],[-2092,0],[-2063,0],[-2062,0],[-2063,0],[-116,0],[-1976,0],[-2063,0],[-2062,0],[-2092,0],[-2063,0],[-552,0],[-87,0],[0,-37],[-87,-148],[-174,-13],[-349,50],[-58,-25],[-145,-62],[-88,-24],[-87,0],[-116,37],[-174,24],[-175,38],[-87,12],[-58,-25],[-145,-62],[-87,-24],[-204,37],[-116,74],[-348,433],[-117,87],[-755,359],[-784,384],[-698,507],[-697,334],[87,211],[-58,111],[-116,99],[-116,297],[-117,99],[-174,62],[-203,25],[-145,37],[-262,174],[-145,37],[-145,-25],[-204,-50],[-58,0],[-58,38],[-116,-25],[-204,-87],[0,50],[-87,-25],[-87,0],[-203,25],[-87,37],[-30,74],[-58,37],[-116,-49],[-145,99],[-174,-13],[-204,-49],[-842,-136],[-436,-211],[-262,-49],[-145,-75],[-203,-49],[-29,-62],[-29,-87],[-29,-62],[-58,-49],[-146,-37],[-58,-25],[-87,-50],[-58,-111],[-58,-62],[-262,-74],[-377,-149],[-262,-210],[-174,-74],[-204,-25],[-174,-62],[-378,-272],[-203,-87],[-87,0],[-291,49],[-464,38],[-175,49],[-174,99],[-87,-12],[-116,-74],[-117,-38],[-523,13],[-581,-50],[-29,25],[0,74],[-58,62],[-58,37],[-87,13],[-116,49],[-58,50],[-58,37],[-30,62],[0,49],[-29,50],[-58,49],[-58,13],[-58,-13],[-29,-37],[-87,-12],[-291,74],[-87,37],[-58,13],[-29,-25],[-58,-13],[-378,-37],[-377,-99],[-320,-136],[-378,-247],[-348,-137],[-146,-86],[-58,-62],[0,-50],[-58,-37],[-116,0],[-87,13],[-116,61],[-117,13],[0,62],[-58,37],[-58,74],[0,99],[0,87],[58,285],[0,965],[87,631],[88,570],[-117,520],[0,223],[146,37],[58,-310],[87,-136],[145,310],[-29,569],[58,186],[-87,693],[58,780],[-348,2773],[29,148],[29,112],[174,334],[-174,334],[-378,533],[-29,321],[145,421],[87,75],[175,86],[174,62],[58,-49],[29,-124],[116,-37],[117,24],[406,347],[58,111],[29,99],[0,211],[30,99],[145,173],[523,260],[87,161],[29,223],[174,545],[87,198],[-87,198],[29,210],[117,421],[58,854],[58,112],[58,99],[290,235],[58,12],[117,-62],[87,0],[58,87],[29,111],[0,137],[-58,99],[-116,49],[-87,-25],[-30,13],[30,161],[58,235],[232,433],[29,260],[29,99],[87,87],[87,74],[88,74],[29,99],[87,397],[0,99],[29,49],[58,74],[29,0],[58,-12],[58,12],[87,99],[59,199],[174,235],[-29,136],[-29,124],[0,136],[0,99],[87,161],[116,545],[58,581],[29,99],[146,186],[87,260],[87,483],[29,470],[-29,248],[-87,235],[-58,124],[-29,49],[0,87],[0,37],[-59,62],[0,50],[0,49],[29,0],[59,-12],[58,24],[87,13],[58,25],[29,49],[0,74],[29,62],[-29,62],[-58,112],[-87,99],[-58,99],[145,185],[29,161],[174,174],[29,99],[29,111],[29,111],[146,186],[29,74],[0,260],[29,112],[58,99],[203,49],[29,37],[58,25],[59,-12],[116,-74],[58,-25],[58,0],[116,161],[58,272],[58,755],[-29,731],[29,86],[117,186],[29,99],[-88,99],[0,62],[0,25],[30,24],[0,236],[0,111],[-88,235],[-29,112],[29,123],[58,112],[88,86],[116,25],[174,25],[58,37],[29,87],[117,99],[145,62],[87,24],[87,50],[58,124],[0,74],[0,50],[-29,49],[0,50],[0,49],[87,74],[0,50],[58,111],[233,112],[58,86],[29,87],[29,0],[58,-25],[58,-12],[146,87],[0,12],[145,62],[87,62],[552,606],[203,149],[87,74],[146,198],[494,508],[116,198],[0,198],[-58,198],[-146,210],[-58,223],[117,186],[377,347],[175,99],[523,458],[232,99],[58,49],[145,211],[29,61],[233,186],[145,74],[174,13],[0,-25],[175,-25],[87,-49],[261,223],[87,37],[146,-25],[145,-99],[145,-37],[291,49],[232,161],[349,347],[174,124],[87,86],[29,112],[29,309],[29,136],[59,137],[145,210],[523,446],[29,0],[0,-50],[-58,-37],[-58,-37],[-29,-62],[58,-74],[116,111],[174,235],[262,260],[58,112],[203,582],[233,433],[87,235],[87,508],[58,111],[116,111],[116,124],[58,136],[59,161],[145,731],[87,222],[0,149],[-116,1325],[29,792],[29,173],[58,124],[-58,74],[0,74],[58,100],[0,86],[0,396],[0,75],[58,74],[145,186],[29,86],[0,211],[204,1039],[0,421],[0,545],[-29,260],[-116,235],[-727,966],[-58,136],[0,124],[58,124],[233,260],[29,123],[-58,112],[-88,124],[-348,247],[-58,74],[-29,87],[-756,817],[-523,384],[-116,148],[-29,137],[-29,495],[-29,161],[-58,148],[-436,557],[-87,161],[-116,359],[-116,149],[-320,297],[-465,693],[0,99],[87,112],[58,148],[-87,297],[-174,322],[-203,297],[-640,681],[-58,136],[29,124],[175,173],[58,136],[0,124],[-58,149],[-58,124],[-59,49],[0,87],[-261,681],[-29,136],[29,322],[-29,111],[-145,260],[-58,161],[-175,124],[-610,916],[-232,483],[-146,210],[-58,409],[320,581],[465,483],[406,161],[-203,-235],[-581,-433],[-290,-607],[-30,-198],[88,-87],[87,62],[465,693],[0,75],[58,86],[87,25],[116,0],[87,12],[116,99],[88,236],[87,148],[203,198],[58,75],[0,86],[0,174],[29,74],