{"type":"Topology","transform":{"scale":[0.000004536090721360827,0.000004322801038910091],"translate":[-63.427234272342716,18.169648476917757]},"objects":{"AIA":{"type":"MultiPolygon","arcs":[[[0]],[[1]]]}},"arcs":[[[85713,10156],[-13491,-8594],[-794,782],[-1587,1172],[-794,1171],[-4762,-3906],[-3174,-781],[-3969,0],[5556,6641],[1587,1171],[3175,1172],[5555,782],[2381,1171],[3968,4688],[2381,3906],[3968,3125],[7143,1172],[4762,781],[2381,0],[0,-1562],[-3968,-7422],[-1587,-2344],[-3175,-1562],[-5556,-1563]],[[794,99608],[-794,-1562],[0,1953],[794,-391]]]}