{"type":"Topology","transform":{"scale":[0.000015840316804752053,0.0000057581060713609255],"translate":[19.51399513995142,59.904524279338546]},"objects":{"ALA":{"type":"MultiPolygon","arcs":[[[0]],[[1]],[[2]],[[3]],[[4]],[[5]],[[6]],[[7]],[[8]],[[9]],[[10]],[[11]],[[12]],[[13]],[[14]],[[15]]]}},"arcs":[[[88863,880],[-682,-880],[-1364,880],[-909,880],[-454,586],[-455,1760],[682,1466],[909,586],[682,0],[682,-1173],[454,-2052],[455,-2053]],[[93635,7038],[-909,-293],[-909,0],[0,-293],[909,-880],[455,-1760],[-455,-879],[-3181,2639],[-910,1173],[-227,880],[0,293],[455,586],[909,880],[2727,-1173],[682,0],[454,-293],[0,-880]],[[58863,15836],[-2954,-2640],[-2046,294],[-1818,-294],[-909,-586],[0,-2639],[-1137,-1467],[-1363,880],[-227,3226],[1363,3812],[2273,3519],[1591,-293],[2273,-1466],[2272,-880],[682,-1466]],[[67499,26979],[228,-586],[0,-880],[227,0],[454,293],[455,-293],[227,-587],[0,-586],[227,-293],[455,0],[-227,-294],[-682,-293],[-227,0],[454,-586],[0,-1173],[-227,-1173],[-455,-1173],[-681,-1467],[-682,-293],[-1591,2346],[-227,-586],[-455,-1173],[-909,-587],[-909,0],[-682,1173],[227,2053],[1591,4105],[909,1467],[909,293],[682,-293],[455,586],[454,0]],[[57954,20821],[-1818,-587],[-909,1173],[909,2346],[1363,2346],[1591,1760],[682,293],[-682,-4692],[-1136,-2639]],[[63408,24047],[-1136,-1173],[-1818,879],[-227,2933],[1363,586],[2046,587],[227,0],[-682,293],[227,587],[910,586],[681,-293],[-454,-1173],[-682,-1466],[-227,-1467],[-228,-879]],[[37045,33137],[1818,-1466],[2046,293],[2045,-4105],[1136,-4985],[682,-3813],[228,-1466],[-910,-2639],[-1590,-2346],[-682,-880],[454,3519],[-682,1173],[-1363,-1173],[-1818,-586],[-1137,1173],[682,1759],[455,1760],[-1137,2052],[-1591,0],[-1363,2053],[-2046,587],[455,3519],[2273,1759],[2045,3812]],[[46136,37243],[909,-2053],[227,2053],[-682,3519],[228,1173],[1363,-586],[1364,-3519],[-909,-3226],[-909,-3226],[454,-3226],[-681,-1173],[-455,587],[-455,879],[-681,880],[-2046,1760],[-454,586],[-228,2933],[455,2932],[682,2640],[454,2346],[1364,-5279]],[[73636,35777],[-455,-293],[-1136,1173],[-1137,2639],[0,2346],[455,880],[682,293],[227,-293],[682,-880],[682,-1466],[227,-880],[227,-880],[0,-1466],[-454,-1173]],[[75454,51319],[-1364,-880],[-1136,880],[-455,880],[0,2053],[455,1759],[909,293],[1364,-1759],[681,-1760],[-454,-1466]],[[9773,50733],[227,-1173],[0,-880],[227,-3226],[-227,-1466],[-682,-293],[-454,293],[-455,-293],[-909,1759],[-1364,3812],[-1136,1467],[454,-2933],[228,-2639],[-228,-2639],[-909,-2346],[-1363,-880],[-1137,586],[-1136,2640],[-682,3519],[-227,1759],[0,587],[227,879],[909,880],[228,1466],[0,1760],[0,1759],[0,1760],[454,880],[1137,2052],[454,1173],[682,880],[909,0],[909,-586],[1364,-1760],[227,-1173],[454,-1466],[0,-2053],[228,-1173],[1136,-1759],[455,-1173]],[[54545,63342],[2045,-1759],[1137,1173],[454,-587],[228,-879],[0,-880],[227,-1173],[-3182,-8504],[-682,293],[0,880],[227,1173],[0,1173],[228,879],[0,2053],[-455,1173],[-1818,-2053],[-455,1467],[0,2639],[910,2346],[1136,586]],[[83636,59530],[-910,-586],[-909,293],[455,-2346],[-1591,1173],[-682,4399],[455,3812],[1136,0],[455,-880],[2045,-1759],[455,-880],[-228,-2053],[-681,-1173]],[[79772,73313],[-2273,-2346],[-454,293],[-228,1173],[0,587],[228,1466],[0,880],[681,1759],[0,587],[455,586],[227,880],[0,880],[455,293],[909,0],[682,-880],[227,-1759],[-227,-1466],[-228,-1760],[-454,-1173]],[[25454,80938],[682,-2346],[2727,879],[1591,-879],[1364,-1760],[1136,-2346],[-454,3519],[-228,1173],[909,-293],[2046,-1466],[682,293],[682,586],[681,-879],[1364,-2933],[3182,-1759],[909,-1760],[-682,-4692],[1136,587],[228,586],[909,-1173],[1363,-880],[2500,-293],[-2272,-5865],[-228,-2346],[-1818,-1173],[909,-2639],[455,-880],[-682,-587],[-682,0],[-454,-293],[-682,-1173],[-227,-1173],[-682,-2346],[-228,-586],[-681,-294],[-455,294],[-454,879],[-682,294],[-2500,0],[-682,879],[227,2640],[455,2346],[227,1759],[1364,1760],[3181,293],[910,2346],[-2500,0],[-2273,-1173],[-1818,-2639],[-1137,-5865],[-454,0],[227,4398],[-909,2053],[-909,1760],[-455,3225],[682,2933],[1364,3519],[227,2933],[-2273,586],[0,-1173],[455,-2053],[-455,-3226],[-1363,-1466],[-1818,2053],[227,-3226],[909,-3226],[1364,-2932],[909,-1466],[-455,-1173],[-454,-1467],[0,-1466],[227,-1759],[-3409,2052],[-909,1760],[227,880],[227,586],[-227,2053],[-1591,-587],[-909,-586],[227,-1760],[682,-2052],[909,-1760],[1137,-1173],[1590,-1173],[682,-1173],[455,-1173],[454,-586],[682,293],[455,880],[454,1173],[455,1173],[-682,-5572],[-227,-2639],[0,-2346],[227,-587],[454,-586],[455,-587],[227,-1466],[-454,-1760],[-682,0],[-1591,1173],[-2500,-293],[-1136,-1466],[227,-2346],[227,-2933],[-454,-880],[-682,294],[227,1759],[-1136,5572],[-909,1466],[-1591,0],[-682,-586],[-227,-1173],[-227,-880],[-455,-880],[-909,-293],[-909,293],[-455,587],[0,1759],[-1136,1173],[-1136,-586],[-910,-1760],[-681,-2346],[-909,4986],[-2273,7624],[-1136,4106],[-455,5278],[-227,2053],[-682,880],[-227,1466],[-1364,7038],[1136,0],[1137,-293],[454,-1467],[-227,-2932],[682,1759],[227,2053],[455,1466],[681,587],[909,293],[2273,2053],[-454,880],[-228,880],[-681,1759],[1363,-586],[455,-587],[454,587],[228,0],[454,-587],[-909,-4985],[-909,-3813],[227,-1466],[455,-1173],[454,-1466],[455,-4399],[454,-1173],[909,-586],[455,1173],[227,2052],[-227,2346],[-227,1760],[1136,-880],[1136,-1759],[455,4985],[1364,2346],[227,2346],[0,3519],[454,2346],[455,-2639],[0,-1173],[0,-1467],[454,-586],[682,0],[682,880],[455,879],[-228,2933],[-454,2639],[-682,1760],[-909,1466],[-455,1173],[-227,880],[-227,0],[-455,-1466],[-681,-2933],[-682,-1173],[-455,587],[-909,2932],[-909,2346],[-1136,1173],[-1591,293],[909,880],[682,1466],[454,1760],[455,1759],[1363,2053],[1364,880],[1364,0],[1590,-587],[455,-2346],[227,-3225]],[[99317,95014],[-454,-587],[-909,1173],[-455,2053],[455,1173],[681,1173],[455,0],[227,0],[455,-880],[227,-2053],[-682,-2052]]]}