{"type":"Topology","transform":{"scale":[0.000017640352805292106,0.00003017517756457956],"translate":[19.272792727927282,39.63653130893651]},"objects":{"ALB":{"type":"MultiPolygon","arcs":[[[0]]]}},"arcs":[[[44898,96418],[1224,-504],[2857,-727],[816,-504],[1633,-1679],[408,-168],[612,-336],[409,-279],[0,-224],[-613,-392],[0,-224],[204,-224],[817,-335],[408,-168],[0,-280],[0,-448],[0,-223],[612,-560],[408,-224],[613,-56],[3877,56],[1020,-56],[6939,-2238],[1021,-448],[408,-224],[1020,-615],[2245,-2015],[612,-895],[0,-616],[0,-1063],[408,-615],[1837,-2015],[204,-672],[204,-447],[0,-392],[-408,-615],[-612,-280],[-408,-112],[-204,-168],[-409,-392],[0,-280],[409,-391],[0,-224],[-1633,-392],[0,-559],[0,-168],[408,-840],[204,-503],[0,-224],[-408,-280],[-1224,-560],[-613,-335],[-408,-448],[-204,-336],[408,-2406],[408,-671],[1021,-1567],[204,-224],[0,-56],[-408,-336],[-408,-224],[-817,-224],[-816,-111],[-2857,-280],[204,-448],[0,-895],[408,-504],[612,-112],[409,-224],[612,-503],[0,-112],[204,-224],[204,-560],[0,-168],[408,-167],[1020,-56],[409,-112],[612,-448],[408,-336],[0,-56],[0,-447],[-408,-560],[-612,-448],[-613,-447],[-816,-168],[-816,112],[-204,-672],[0,-56],[204,-1007],[1020,-1791],[612,-839],[2245,-1287],[817,-784],[204,-783],[0,-560],[408,-447],[1224,-224],[408,-112],[817,-56],[612,56],[204,-56],[612,0],[613,-224],[408,-559],[1224,-2127],[1021,-1902],[816,-784],[816,-280],[612,-224],[1429,-111],[1020,167],[1837,672],[1021,112],[204,0],[2857,-168],[2857,-392],[1020,-391],[408,-616],[0,-895],[204,-1567],[-408,-672],[-1020,-559],[612,-168],[204,-280],[0,-224],[408,-280],[1633,-671],[1429,-839],[612,-448],[408,-560],[0,-671],[-204,-616],[-612,-1119],[0,-392],[-204,-280],[0,-279],[-204,-336],[-409,-168],[-612,-112],[-408,-224],[-408,-335],[-817,-56],[-612,-224],[-408,-280],[204,-392],[-204,-224],[-204,-167],[-612,-336],[-1429,-448],[-1224,168],[-1225,280],[-1632,0],[-613,-224],[-408,-280],[-204,-336],[-408,-335],[-612,-112],[-1021,-168],[-612,-224],[0,-280],[204,-951],[0,-336],[-204,-392],[-204,-279],[-612,-504],[-1021,-1007],[0,-168],[-612,-168],[-612,-168],[-612,-168],[-408,-336],[-205,-727],[205,-672],[-205,-671],[-612,-839],[-204,-112],[-816,-112],[-408,-168],[0,-168],[204,-392],[0,-168],[408,-615],[-204,-168],[-817,-1063],[-204,-224],[-408,-112],[-1428,-336],[-2245,-447],[-1225,-56],[-3061,223],[-1020,-167],[-1021,-224],[-1836,112],[-1021,-224],[-816,-392],[-612,-504],[-408,-615],[-205,-560],[-1020,-112],[-2857,-56],[-612,-55],[204,-280],[816,-2015],[408,-224],[1225,-559],[2653,-1959],[204,-559],[-408,-672],[-1021,-448],[-1020,0],[-816,280],[-2245,392],[-613,56],[-408,-112],[-408,-224],[204,-168],[204,-112],[204,-279],[0,-168],[-408,-392],[0,-112],[0,-112],[408,-224],[204,-112],[205,-279],[204,-168],[204,-168],[-204,-336],[-613,-448],[-1224,-279],[-816,-336],[-205,-728],[-408,112],[-612,56],[-408,0],[-408,-56],[-408,-224],[-204,-223],[204,-280],[-204,-168],[-1021,-112],[-1224,280],[-1429,615],[-2653,616],[-2245,336],[-2041,279],[-816,-223],[-204,-56],[0,-168],[-408,0],[-408,447],[204,560],[1020,1007],[-1020,168],[-204,168],[816,839],[1020,1623],[204,392],[-408,727],[-612,168],[-1020,56],[-1225,168],[0,112],[0,112],[0,168],[-408,112],[-612,168],[-612,112],[-1021,0],[-408,167],[0,224],[816,448],[613,224],[612,224],[-1021,391],[-2653,2295],[-408,447],[-408,336],[-408,168],[-1837,0],[-1020,112],[-612,112],[612,224],[-1633,447],[-204,-223],[0,-56],[-204,-168],[-204,279],[-204,168],[-408,112],[-408,112],[0,168],[-409,392],[-408,336],[-204,-112],[-612,279],[-3674,560],[-3265,839],[-1837,728],[-3061,448],[-1836,671],[-5511,2686],[-612,448],[-204,280],[-816,1510],[-408,392],[-2041,895],[-612,392],[-205,168],[-204,56],[0,224],[1429,392],[1020,0],[817,-280],[2040,-1063],[409,-392],[816,-784],[408,-503],[0,-448],[612,-112],[1225,112],[1224,224],[408,280],[409,2966],[-204,503],[-1429,392],[-1837,895],[-1632,952],[-204,727],[204,-224],[204,-224],[204,-279],[408,56],[408,0],[1225,-560],[612,168],[408,615],[204,784],[-816,671],[-1429,336],[-1428,-168],[-204,-951],[-409,559],[-4081,2575],[-204,279],[204,392],[816,336],[816,280],[817,335],[408,560],[204,504],[204,2014],[204,504],[408,392],[1021,111],[612,112],[-204,280],[-408,336],[-204,224],[408,224],[408,279],[204,224],[204,56],[-408,392],[-816,448],[-613,447],[613,168],[816,168],[1020,727],[1021,280],[-817,-391],[409,-784],[-409,-671],[0,-672],[409,0],[204,448],[0,-112],[0,-112],[204,-224],[612,448],[3061,615],[1021,504],[0,839],[-613,672],[-612,559],[-408,672],[-204,-839],[-816,-784],[-1429,-1007],[0,168],[-204,224],[612,223],[612,504],[409,616],[-205,671],[-204,168],[-1020,168],[-204,112],[-408,392],[0,167],[204,168],[612,2518],[-204,504],[-408,224],[-204,280],[0,224],[1224,223],[204,392],[0,448],[0,391],[2449,1623],[408,616],[-204,671],[-612,616],[-816,392],[-1021,167],[-1224,0],[-1020,56],[-613,336],[-408,616],[0,1343],[-204,280],[-816,391],[-204,336],[816,-392],[1224,0],[1021,448],[-204,895],[1224,280],[1429,560],[1224,671],[408,896],[-204,503],[-408,224],[-612,112],[-816,168],[-817,336],[-816,671],[-612,336],[4898,-280],[1632,224],[408,56],[1225,1119],[408,0],[0,-336],[204,-224],[408,0],[408,112],[-408,896],[-204,224],[-408,-224],[-408,280],[-1633,671],[1225,895],[-204,1008],[-204,1119],[0,615],[1020,-168],[612,448],[0,672],[-408,615],[-408,0],[-6735,1231],[-816,224],[-1224,224],[-3674,-560],[-204,336],[204,896],[-612,335],[-408,224],[-204,168],[0,112],[0,224],[204,168],[204,167],[0,224],[-408,784],[408,112],[408,56],[408,112],[204,559],[-408,224],[-408,504],[-204,615],[0,672],[204,559],[1020,1008],[0,279],[-204,112],[-816,448],[-3265,1007],[-817,448],[-612,559],[204,336],[1633,784],[5306,3693],[204,168],[0,447],[0,224],[612,560],[204,168],[2857,1455],[817,559],[1224,336],[816,448],[817,559],[612,616],[408,504],[612,223],[817,224],[816,336],[204,392],[408,895],[204,448],[1021,671],[1428,728],[613,279],[1020,392],[1224,224],[1429,-280],[816,-727],[408,-840],[205,-335],[0,-280],[-205,0],[-204,-168],[-408,-392],[0,-224],[-204,-503],[0,-224],[204,-336],[1021,-1007],[1836,-616],[1021,-224],[1020,-55],[612,55],[204,56],[2245,560],[408,224],[1429,448],[2857,-56],[1429,167],[2040,1176],[1225,391],[1429,-391]]]}