{"type":"Topology","transform":{"scale":[0.0000036000720010801027,0.0000021951724025715044],"translate":[1.405814058140578,42.429438113322504]},"objects":{"AND":{"type":"MultiPolygon","arcs":[[[0]]]}},"arcs":[[[83999,33077],[-3000,-3077],[-3000,-2308],[-3000,0],[-4000,1538],[0,1539],[-1000,0],[-1000,0],[-1000,-1539],[-3000,-12307],[-9000,-4615],[-16999,-3077],[-2000,-1539],[-1000,-3077],[-2000,-2307],[-3000,-2308],[-2000,0],[-17000,2308],[-3000,3077],[0,5384],[-9000,15385],[5000,2307],[2000,769],[5000,4616],[-1000,7692],[-5000,4615],[-6000,-769],[1000,5385],[5000,9230],[0,2308],[-3000,1539],[1000,4615],[1000,4615],[2000,2308],[6000,3077],[4000,18461],[9000,-769],[8000,3846],[4000,0],[14999,-12308],[3000,-1538],[32000,-3846],[-3000,-9231],[5000,-3846],[6000,-2308],[3000,-3846],[1000,-2307],[-7000,-770],[-5000,-5384],[-3000,-10000],[-1000,-11538]]]}