{"type":"Topology","transform":{"scale":[0.00004813296265443988,0.000034548636428164274],"translate":[51.56871568715687,22.620738160328557]},"objects":{"ARE":{"type":"MultiPolygon","arcs":[[[0]],[[1]],[[2]],[[3]],[[4]],[[5]],[[6]],[[7]],[[8]],[[9],[10]]]}},"arcs":[[[47644,46725],[523,-440],[75,-49],[748,-195],[149,-98],[449,-196],[225,-831],[-300,-684],[-673,-244],[-748,0],[-598,342],[75,244],[-150,391],[-299,98],[-224,-538],[149,-195],[-523,-489],[-674,-146],[-673,97],[-673,342],[-374,245],[-149,98],[-599,48],[-374,49],[-224,98],[0,244],[299,391],[224,196],[75,0],[524,244],[224,147],[374,440],[75,98],[150,146],[149,49],[225,98],[149,0],[374,-196],[150,-49],[74,98],[524,538],[598,293],[225,147],[149,342],[150,-391],[-75,-49],[-75,-147],[225,-488],[75,-98]],[[54674,47262],[-224,-782],[-150,538],[-449,244],[-523,196],[-449,342],[-224,733],[224,587],[449,244],[149,-98],[150,-195],[524,-733],[299,-391],[224,-685]],[[55646,48142],[-149,-98],[-225,0],[-149,98],[-374,538],[-224,244],[-225,98],[-75,195],[150,440],[150,294],[224,195],[299,147],[299,0],[150,-489],[224,-440],[449,-684],[-150,-245],[-149,-195],[-225,-98]],[[21615,47702],[-374,-440],[-224,391],[-224,440],[-300,733],[75,538],[299,538],[300,440],[523,391],[449,-196],[224,-440],[150,-782],[-75,-440],[-449,-733],[-374,-440]],[[57441,50439],[75,-391],[-224,-831],[-374,-195],[-524,1271],[-74,195],[149,0],[225,-49],[224,-195],[75,-49],[0,147],[-75,146],[-299,294],[-75,293],[299,0],[449,-342],[149,-294]],[[38593,49462],[-822,-489],[-374,-342],[-449,-98],[-299,-244],[0,-342],[-225,-440],[-299,489],[-299,0],[-374,293],[-149,-440],[-823,147],[-299,48],[-449,-97],[-75,-49],[-75,0],[0,146],[0,196],[75,195],[75,196],[75,49],[748,-196],[224,49],[524,293],[74,147],[150,98],[673,342],[374,244],[224,0],[150,-488],[224,-147],[150,147],[75,293],[0,342],[-150,293],[748,1467],[374,293],[75,-147],[75,-293],[0,-147],[523,-342],[-149,-1124],[-300,-342]],[[60284,52248],[-300,-147],[-523,147],[-972,391],[-1048,391],[0,489],[898,977],[299,538],[75,0],[-75,-587],[150,-537],[299,-343],[823,-537],[374,-489],[0,-293]],[[15707,53812],[-225,-98],[-299,196],[-75,146],[-149,98],[-150,147],[0,391],[225,342],[149,342],[224,146],[449,-391],[150,-684],[-299,-635]],[[97456,76832],[150,196],[149,0],[299,-294],[-74,-488],[-449,-147],[-75,733]],[[97830,87047],[449,-342],[523,-244],[299,-98],[225,-342],[449,-1955],[-150,-2640],[0,-293],[75,-782],[0,-244],[-150,-342],[0,-245],[225,-489],[74,-293],[75,-195],[75,-196],[0,-195],[0,-196],[0,-342],[-75,-586],[-75,-831],[-149,-1271],[-75,-4106],[-75,-293],[449,-2297],[-1122,-147],[-75,-146],[-74,-147],[-75,-928],[-75,-538],[0,-196],[-75,-293],[-598,-538],[-150,-146],[-673,-831],[-374,-244],[-748,-98],[-299,-196],[-75,0],[-299,-1075],[-449,-684],[-149,-538],[-150,-293],[-449,-147],[-374,0],[-74,0],[-300,49],[-598,636],[-673,2003],[-748,880],[-150,440],[75,391],[374,147],[299,-98],[225,-196],[523,-439],[-75,586],[-149,1320],[-299,831],[-524,440],[-75,48],[-822,147],[-823,-293],[-673,-538],[-150,-146],[-523,-685],[-674,-977],[-224,-929],[224,-2199],[0,-538],[-149,-1075],[75,-538],[74,-342],[300,-880],[74,-537],[-523,-685],[-150,-977],[-299,-391],[-224,-391],[75,-635],[224,-1222],[-75,-1564],[75,-440],[149,-196],[449,-342],[150,-293],[0,-244],[-75,-1369],[-75,-440],[-822,-1808],[-150,-538],[0,-440],[224,-146],[1347,-343],[299,-48],[1196,586],[599,-293],[374,-1075],[224,-1222],[748,-1760],[-224,-440],[-1272,-440],[-2468,-1270],[-374,49],[-523,537],[-374,-49],[-374,-195],[-300,0],[-673,146],[-673,49],[-598,-146],[-599,-294],[-598,-439],[-374,-294],[-897,-440],[-898,-195],[-75,-440],[150,-489],[374,-440],[748,-537],[374,-636],[75,-830],[74,-2200],[-149,-391],[-898,-1857],[-224,-489],[-673,-3568],[-300,-586],[-747,-1076],[-449,-733],[-225,-977],[-448,-2884],[-449,-1759],[-1945,-4497],[-673,-2786],[-75,-831],[150,-4252],[-224,-4203],[-1347,-2297],[-374,-98],[-2842,489],[-2842,489],[-2917,488],[-2917,489],[-2842,538],[-2917,488],[-2842,489],[-2917,489],[-2917,489],[-2842,488],[-2917,489],[-2842,489],[-2917,538],[-2917,488],[-2842,489],[-2917,489],[-2917,489],[-3291,586],[-524,196],[-449,488],[-1121,1809],[-1048,1808],[-1121,1808],[-1048,1809],[-1047,1759],[-1122,1809],[-1047,1808],[-1122,1809],[-1047,1759],[-1122,1808],[-1047,1809],[-1122,1759],[-1047,1809],[-1122,1808],[-1047,1809],[-1122,1759],[-1047,1808],[-1196,1955],[-300,685],[-149,782],[75,1808],[0,782],[-150,1124],[449,782],[0,1271],[-374,1075],[449,587],[149,-489],[449,-831],[75,-586],[0,-1662],[149,-1027],[299,-244],[300,440],[224,1271],[150,-342],[149,-880],[150,-293],[149,-98],[150,0],[224,49],[75,146],[0,147],[-75,49],[449,1222],[374,391],[449,-831],[0,-636],[-225,-1857],[75,-635],[225,-1466],[74,-294],[-74,-977],[74,-293],[150,-587],[75,-293],[224,-538],[449,-146],[1047,-49],[224,-98],[225,-147],[299,-440],[224,-146],[150,0],[75,146],[-150,196],[0,342],[449,49],[1197,-49],[149,49],[75,-49],[299,-342],[673,-391],[150,0],[897,244],[300,-146],[224,146],[224,-146],[300,195],[373,49],[374,-49],[374,0],[374,196],[748,635],[374,49],[673,0],[300,98],[224,244],[224,342],[300,293],[299,147],[299,98],[449,195],[299,294],[149,293],[150,342],[598,342],[300,293],[299,391],[374,342],[374,245],[224,146],[224,196],[75,489],[0,537],[75,342],[449,294],[374,-196],[299,-391],[748,-1271],[224,-146],[75,98],[75,146],[224,98],[449,0],[823,-342],[448,-98],[300,98],[448,244],[225,98],[224,0],[150,-98],[149,-49],[150,-49],[1795,-244],[224,98],[673,342],[150,98],[0,146],[75,147],[75,0],[149,-98],[75,-98],[0,-146],[75,-49],[598,-635],[374,-245],[823,440],[449,-195],[374,-245],[374,98],[-300,195],[-74,294],[0,293],[-75,391],[449,147],[598,-343],[449,-488],[374,-489],[299,-635],[149,-147],[1122,-49],[2693,684],[149,0],[225,-146],[299,-440],[224,-196],[300,-97],[299,48],[224,147],[374,-342],[224,-196],[150,-48],[150,-98],[224,-538],[150,-146],[149,-49],[299,0],[225,49],[299,244],[224,-98],[225,-98],[149,-48],[673,391],[150,97],[150,147],[149,-49],[225,-147],[224,-48],[2543,0],[523,48],[225,245],[1271,880],[1272,293],[449,293],[448,98],[524,293],[598,147],[225,97],[299,196],[374,391],[374,440],[149,440],[150,195],[1421,538],[1047,1026],[224,49],[150,342],[374,0],[898,-440],[149,294],[748,782],[374,684],[823,2102],[-75,733],[75,342],[299,195],[-224,147],[-75,49],[0,244],[374,-49],[449,-293],[299,-98],[-75,391],[-374,489],[-75,342],[299,-195],[374,-147],[299,-147],[150,-293],[150,0],[-75,733],[-374,245],[-598,49],[-524,146],[-1197,1027],[-523,146],[0,196],[299,97],[224,196],[225,293],[0,-146],[74,-245],[225,-195],[-75,293],[75,244],[224,440],[150,0],[149,-782],[449,-782],[524,-489],[448,98],[-74,98],[-374,293],[299,0],[449,-195],[149,0],[75,97],[150,391],[149,98],[748,2004],[-299,196],[-224,244],[74,244],[374,98],[225,147],[75,391],[74,440],[449,195],[0,196],[-224,146],[-75,293],[-75,391],[-75,391],[75,196],[-149,98],[-150,244],[75,440],[224,293],[748,684],[150,196],[74,293],[150,147],[598,-391],[75,-49],[299,98],[299,244],[75,391],[-299,489],[2319,1662],[972,928],[673,733],[374,391],[524,196],[74,0],[75,49],[75,49],[75,0],[75,97],[74,49],[75,0],[0,49],[75,49],[598,440],[-74,586],[673,196],[75,-98],[1570,2297],[2094,3470],[150,440],[-75,391],[449,440],[299,-49],[299,-537],[150,-440],[-150,-342],[-224,-538],[523,196],[150,537],[-150,636],[-448,977],[-75,244],[150,245],[598,831],[224,97],[299,0],[-74,343],[0,342],[149,293],[225,195],[224,-195],[374,440],[673,1124],[150,0],[74,-342],[150,0],[75,195],[75,391],[149,-244],[299,1075],[225,489],[224,244],[-299,196],[150,342],[299,440],[149,489],[75,488],[225,587],[299,489],[374,146],[-150,-440],[-224,-391],[-150,-391],[75,-342],[374,-195],[374,98],[449,195],[448,98],[150,195],[299,1124],[224,440],[524,733],[299,343],[748,342],[524,977],[224,196],[224,49],[225,97],[224,147],[150,195],[75,49],[598,245],[748,733],[1122,1808],[598,636],[-149,-294],[-150,-586],[-224,-489],[149,-195],[150,-49],[75,97],[0,440],[224,831],[0,538],[150,244],[897,1075],[150,294],[149,342],[150,391],[75,537],[-150,0],[-75,-293],[-75,-195],[-149,-196],[-225,-98],