{"type":"Topology","transform":{"scale":[0.000031680633609504106,0.000024265098019194648],"translate":[43.43623436234364,38.863162919330236]},"objects":{"ARM":{"type":"MultiPolygon","arcs":[[[0]],[[1],[2],[3]]]}},"arcs":[[[64204,72790],[114,417],[227,418],[341,278],[454,139],[455,0],[454,-69],[796,-418],[-455,-1113],[-1022,-766],[-1023,279],[-227,417],[-114,418]],[[49431,99999],[1137,-2436],[-228,-835],[114,-487],[568,-278],[2046,0],[568,-139],[1591,-1323],[454,-556],[0,-627],[-1022,-835],[-3182,140],[-341,-1323],[454,-695],[682,-418],[568,-70],[228,488],[113,765],[455,-278],[1023,-1114],[681,-348],[455,-556],[568,-418],[1477,-139],[1364,-626],[795,-70],[1364,696],[341,139],[909,139],[114,-974],[-228,-1322],[341,-418],[455,-139],[341,-70],[909,-695],[1250,-1740],[568,-487],[568,-209],[796,-70],[568,-278],[0,-905],[-568,-1670],[-796,-974],[-2500,-1183],[-1250,-557],[-1250,-1044],[-795,-1391],[0,-975],[0,-765],[454,-974],[568,-557],[682,-557],[568,-626],[114,-418],[114,-904],[113,-487],[228,-279],[681,-487],[341,-417],[1023,-2227],[1818,-1740],[7387,-4106],[0,-69],[1363,-1462],[568,-69],[228,69],[454,140],[682,69],[454,-278],[455,-418],[795,-1043],[114,-279],[0,-209],[0,-278],[-568,-2644],[-455,-975],[-568,-835],[-682,-626],[-113,-278],[-341,-1949],[-227,-417],[-455,-348],[-2159,-209],[-5227,835],[-2046,-1253],[114,-417],[0,-557],[1023,-487],[3295,-348],[909,-417],[682,-766],[1364,-2923],[227,-487],[1477,-1391],[682,-348],[1023,-557],[1931,-626],[910,-836],[1250,-2505],[909,-765],[1250,-348],[568,-348],[454,-557],[682,-1392],[455,-487],[681,-208],[1137,278],[2159,1113],[1136,-139],[455,-348],[682,-1044],[454,-278],[682,-139],[1932,209],[568,-140],[454,-348],[455,-487],[114,-696],[-341,-556],[-455,-279],[-341,-348],[0,-695],[228,-418],[0,-348],[-228,-348],[-454,-139],[-2273,-487],[-1023,-626],[-454,-1044],[454,-1322],[1023,-766],[2273,-1044],[568,-417],[227,-627],[114,-626],[341,-626],[795,-835],[1364,-905],[113,-209],[228,-278],[113,-70],[114,-278],[-341,-139],[-682,-70],[-1477,-1044],[-341,-69],[-1932,974],[-1136,209],[-682,-696],[0,-1322],[796,-766],[1136,-626],[682,-626],[454,-1322],[114,-1183],[0,-1183],[-455,-1323],[0,-139],[-113,-69],[-114,-488],[0,-556],[0,-487],[114,-488],[1136,-2366],[-568,209],[-3295,1462],[-455,69],[-341,0],[-682,-278],[-1250,-70],[-454,-69],[-568,-279],[-1705,-1252],[-568,-279],[-2046,-278],[-1818,3619],[-1704,4662],[-568,1322],[-910,1183],[-568,1114],[-341,1044],[228,1043],[681,1044],[228,279],[113,278],[-113,348],[-228,278],[-568,626],[-1818,905],[-454,278],[-796,557],[-568,696],[-682,487],[-1818,487],[0,209],[-227,418],[227,835],[1023,1739],[113,627],[-227,1948],[114,1044],[0,696],[-341,487],[-682,557],[-909,278],[-682,0],[-227,0],[-3864,-974],[-795,-348],[-2500,-1670],[-341,-139],[-455,-140],[-341,-69],[-340,69],[-341,140],[-1023,1043],[-455,279],[-1591,139],[-454,209],[-227,487],[-455,835],[-795,1113],[-114,279],[-909,-279],[-909,-835],[-1136,-278],[-569,417],[-227,557],[341,1531],[114,974],[-228,696],[-227,696],[-2159,2714],[-227,278],[-1023,557],[-1250,-417],[-1136,-905],[-228,-70],[-795,-487],[-1023,-278],[-1363,69],[-1478,-278],[-909,-417],[-568,835],[-1932,2574],[-113,348],[-228,140],[-113,0],[-341,-70],[-114,70],[-568,348],[-1250,1322],[-341,-279],[-113,279],[0,417],[-114,418],[-455,348],[-341,278],[-113,348],[-114,626],[-341,627],[-795,904],[-1818,1601],[-2728,1531],[-1704,1044],[-1136,348],[-1023,0],[-1932,-557],[-909,-70],[-682,-209],[-341,-69],[-227,139],[-455,348],[-227,139],[-682,-209],[-1136,-765],[-455,-209],[-3863,696],[-3409,1879],[-2955,835],[-1363,765],[-455,1253],[455,348],[1363,348],[341,557],[-227,417],[-909,1253],[-341,696],[568,487],[0,69],[-454,1044],[-1478,1810],[-795,835],[-341,626],[227,696],[227,417],[455,1601],[114,69],[0,279],[-1364,1113],[-682,696],[-113,557],[1136,1322],[682,418],[682,139],[0,278],[-114,139],[-114,139],[228,-69],[113,0],[114,-70],[227,-139],[0,974],[341,835],[1364,1601],[-228,905],[228,278],[681,1113],[0,348],[-113,2853],[-114,696],[-341,766],[-1250,2087],[-341,836],[-113,904],[-114,835],[-114,766],[-340,835],[-1023,1252],[-1250,975],[-1364,696],[-1363,208],[-569,557],[-568,1183],[-227,1322],[114,974],[341,-139],[340,0],[228,70],[1704,696],[1364,69],[5227,-696],[682,70],[682,209],[1477,1322],[1364,557],[2840,69],[682,139],[114,0],[682,140],[1250,626],[682,69],[1250,-417],[681,139],[682,348],[455,487],[113,348],[114,348],[0,348],[454,278],[341,0],[796,-348],[1591,-1043],[568,-209],[682,69],[341,209],[227,279],[227,208],[341,140],[455,-70],[1704,-974],[682,-279],[682,-69],[795,278],[568,696],[228,139],[341,0],[227,-348],[113,-417],[114,-279],[682,-208],[454,417],[341,696],[455,487],[682,348],[568,-139],[1364,-487],[4659,-70],[795,70],[341,417],[-114,209],[-227,278],[-1250,557],[-227,626],[682,557],[2954,-487],[1250,70],[341,278],[795,626],[341,209]],[[48068,90535],[227,-626],[455,-487],[1136,-418],[454,974],[-340,1183],[-1250,279],[-569,-348],[-113,-557]],[[54999,87821],[228,-974],[795,-70],[341,418],[-909,765],[-114,70],[-227,-70],[-114,-69],[0,-70]]]}