{"type":"Topology","transform":{"scale":[0.000029268585368780332,0.00003481881149309622],"translate":[-171.08631086310862,-14.533027508900474]},"objects":{"ASM":{"type":"MultiPolygon","arcs":[[[0]],[[1]],[[2]],[[3]],[[4]]]}},"arcs":[[[99999,339],[-123,-339],[-369,291],[369,97],[123,-49]],[[15990,8002],[984,-291],[492,339],[246,-145],[0,-388],[-615,-194],[-1968,-97],[-492,-97],[-861,-534],[-1353,-1454],[-861,-582],[-246,194],[-1353,776],[-984,388],[-246,194],[1476,727],[492,97],[1230,0],[492,48],[861,825],[1230,242],[1476,-48]],[[56211,8244],[-246,-291],[-369,146],[-246,-243],[-369,-97],[-246,49],[-369,97],[-123,-243],[-246,-145],[-246,0],[-369,0],[0,339],[-123,291],[-246,243],[-246,97],[492,339],[738,97],[1476,-48],[615,-194],[123,-437]],[[49569,10233],[-861,-340],[-369,0],[-123,388],[246,194],[369,0],[369,-97],[369,-145]],[[492,99708],[-369,-145],[-123,194],[0,242],[492,-48],[0,-243]]]}