{"type":"Topology","transform":{"scale":[0.00037858357163357456,0.00038170670892407336],"translate":[39.728197281972825,-49.72128923598604]},"objects":{"ATF":{"type":"MultiPolygon","arcs":[[[0]],[[1]],[[2]],[[3]],[[4]],[[5]],[[6]],[[7]],[[8]],[[9]],[[10]],[[11]],[[12]],[[13]],[[14]],[[15]],[[16]],[[17]]]}},"arcs":[[[80001,411],[-19,-31],[-38,5],[-124,84],[-47,4],[-29,14],[-28,17],[-38,18],[-48,9],[-76,13],[-28,13],[0,18],[114,27],[114,-14],[133,-101],[86,-40],[28,-36]],[[76635,1026],[47,0],[86,14],[19,-9],[-10,-40],[-19,-35],[-38,-18],[-38,0],[-47,18],[-133,0],[-67,8],[-57,27],[48,53],[28,18],[48,0],[47,-5],[86,-31]],[[79012,1389],[-47,-44],[-86,22],[-38,-13],[-38,-5],[-38,9],[-38,27],[285,101],[95,5],[0,-18],[-57,-26],[-38,-58]],[[78185,2088],[-29,-40],[210,31],[38,-4],[-10,-36],[-28,-39],[-39,-36],[-28,-22],[-95,-49],[-38,-31],[9,-39],[29,-49],[-38,-27],[-57,-17],[28,-22],[-228,-67],[-47,22],[0,133],[-10,35],[-19,76],[-10,17],[20,31],[28,18],[29,13],[28,18],[86,88],[57,45],[76,35],[76,22],[76,0],[-29,-57],[-85,-49]],[[77919,2265],[9,-58],[29,5],[19,-9],[-10,-27],[-19,-8],[-28,-14],[-19,-13],[-29,-40],[-38,-75],[-48,-57],[-28,-23],[-29,-13],[-28,9],[-19,22],[9,9],[29,93],[28,71],[48,66],[57,49],[67,13]],[[78594,2199],[-48,-5],[-47,18],[-48,31],[-38,44],[-28,49],[95,0],[123,-67],[86,-4],[-19,-35],[-29,-23],[-47,-8]],[[77272,2415],[-200,-247],[48,26],[38,27],[57,13],[66,-22],[-28,88],[86,27],[38,-62],[142,172],[200,98],[57,-9],[38,-40],[-86,-53],[-123,-40],[76,-62],[76,62],[-10,-101],[-85,-89],[-133,-66],[-67,-106],[76,39],[76,31],[-76,-141],[-161,-98],[-38,-97],[-19,-111],[95,-26],[85,-27],[-28,186],[123,120],[105,-40],[66,-93],[10,-93],[19,-80],[95,-31],[76,31],[285,76],[229,177],[28,-45],[19,-48],[-19,-53],[-28,-27],[38,-27],[47,23],[133,225],[181,111],[0,-71],[19,-66],[48,-22],[-86,-40],[-38,-53],[133,4],[105,-40],[-86,-35],[-114,-36],[162,-26],[0,-66],[-152,-23],[-153,-13],[-57,22],[-57,18],[-228,27],[-162,-98],[-66,-44],[-86,-44],[38,-27],[76,27],[76,35],[181,89],[133,-40],[-114,-44],[-124,-36],[172,-35],[-19,-49],[85,-13],[67,-53],[95,0],[0,-9],[0,-9],[-162,-18],[-161,-57],[228,13],[218,13],[200,31],[190,18],[-171,-97],[-209,-49],[171,-18],[171,5],[105,71],[95,70],[10,-48],[28,-45],[67,80],[85,49],[-9,44],[-10,35],[57,14],[57,-5],[0,49],[57,18],[57,17],[38,40],[105,31],[105,31],[152,35],[161,-44],[-9,-26],[-19,-27],[143,5],[104,66],[105,146],[161,57],[191,-4],[180,-44],[124,-62],[19,-128],[47,-98],[58,-97],[-39,-124],[-85,-106],[-152,-128],[-190,22],[-86,26],[-67,-35],[-9,-44],[-57,-27],[219,-66],[190,-93],[-238,22],[-228,-22],[-124,208],[-266,57],[-105,-26],[-104,-27],[-124,-4],[-124,17],[-190,31],[-199,-22],[142,-44],[133,-66],[-28,-9],[-38,-13],[57,-45],[66,-40],[-66,-17],[-57,-9],[-86,53],[-76,66],[-66,14],[-48,-31],[0,-45],[48,-84],[-153,80],[-171,49],[57,-62],[86,-40],[57,-35],[19,-40],[38,-18],[38,-27],[10,-61],[19,-54],[209,-75],[228,-26],[209,-62],[209,-62],[-190,119],[-47,137],[114,27],[123,13],[115,-22],[104,-31],[200,-13],[76,-115],[-181,-106],[-238,-9],[162,-31],[124,-62],[-76,-84],[-143,4],[-105,-22],[-76,-53],[-142,-4],[-152,40],[-219,-5],[-190,58],[-95,101],[-86,98],[-19,110],[-10,106],[-104,58],[-124,-9],[38,-35],[0,-53],[-85,62],[-95,17],[95,-102],[114,-97],[-10,-146],[-133,-75],[-95,22],[-95,35],[-162,9],[-161,22],[-133,80],[-115,93],[-133,9],[-114,0],[-57,106],[-85,88],[-57,-22],[19,-53],[-19,-4],[-19,-9],[57,-62],[28,-71],[-124,45],[-104,110],[28,-75],[29,-71],[28,-40],[-57,-35],[-9,-66],[-95,53],[-29,110],[-47,53],[-38,-106],[85,-164],[-104,-123],[-105,-49],[-114,-31],[-29,9],[-19,13],[-47,-4],[-48,-5],[-123,0],[-133,-4],[-105,22],[-67,88],[0,67],[29,53],[0,97],[57,75],[67,76],[47,70],[-47,62],[114,58],[95,84],[-76,88],[-10,76],[-66,13],[-105,-5],[133,98],[181,13],[-10,44],[10,44],[-86,-17],[-152,-22],[-47,57],[38,13],[47,5],[-152,71],[-48,110],[-19,44],[10,36],[47,-36],[58,-44],[123,84],[200,76],[-200,-9],[-143,44],[58,35],[66,22],[-104,0],[-96,0],[10,36],[9,35],[-85,18],[19,75],[104,18],[86,-36],[-38,98],[0,137],[124,-5],[114,-22],[-67,80],[-76,75],[-66,71],[-67,62],[-19,49],[67,22],[104,44],[105,-5],[9,58],[10,53],[76,40],[9,75],[-38,35],[48,67],[47,71],[153,44],[161,-13],[-38,-31],[57,-58],[-19,-53],[105,-35],[-352,-191]],[[76445,2818],[-67,-9],[-57,13],[-28,18],[38,18],[66,17],[57,0],[29,-35],[-38,-22]],[[76816,2929],[-48,-31],[-29,26],[0,53],[38,40],[67,9],[29,-31],[-10,-40],[-47,-26]],[[32065,8675],[-114,-106],[-95,13],[-38,0],[-38,-13],[-86,9],[-57,26],[-47,40],[-48,49],[-38,66],[29,40],[180,93],[67,-5],[47,-35],[19,-62],[19,-18],[48,-4],[67,-5],[28,-17],[19,-18],[38,-53]],[[27862,9418],[-38,0],[-105,27],[-57,9],[-38,26],[-19,44],[-9,53],[38,23],[209,35],[29,-40],[38,-44],[9,-53],[-19,-53],[-38,-27]],[[99885,28777],[-19,-5],[-48,9],[-9,13],[-19,44],[9,23],[19,8],[29,-8],[9,-9],[38,-40],[10,-18],[-19,-17]],[[99942,30988],[-76,-22],[-86,49],[-38,80],[38,75],[105,9],[85,-62],[29,-80],[-57,-49]],[[1740,71736],[-47,-62],[-57,-5],[-19,14],[-19,31],[-10,44],[19,26],[29,9],[28,5],[19,-9],[0,-27],[-9,-13],[-10,-13],[-9,-14],[19,-17],[28,4],[29,27],[-10,39],[0,23],[19,-5],[0,-57]],[[10,74080],[-10,0],[0,5],[10,-5]],[[8007,85564],[-19,-40],[-76,31],[38,18],[57,-9]],[[39073,88643],[0,-22],[-19,13],[19,9]],[[19998,99999],[19,-49],[-48,9],[29,40]]]}