{"type":"Topology","transform":{"scale":[0.0000022680453606804135,0.000007379156460952067],"translate":[-61.893618936189355,16.989332965269753]},"objects":{"ATG":{"type":"MultiPolygon","arcs":[[[0]],[[1]]]}},"arcs":[[[52380,18535],[7937,-1602],[0,1145],[1587,915],[4762,1602],[1587,-1144],[3175,-687],[4762,-229],[4762,229],[-1588,-686],[-1587,-458],[-1587,-458],[-3175,-229],[1587,-2059],[4762,-915],[4762,229],[6349,915],[3175,0],[3174,-687],[1588,-686],[1587,-1602],[-3175,229],[-6349,-229],[-3174,0],[4762,-1373],[3174,-686],[3175,-916],[-1588,-1602],[-4761,-2288],[-4762,0],[-6349,915],[-7937,458],[-3174,-458],[0,-1144],[3174,-3432],[-4762,-1602],[-6349,915],[-7936,2060],[-3175,915],[-1587,-229],[-9524,-1144],[-6349,-458],[-9524,0],[-4762,458],[-14285,2517],[-3175,1144],[3175,1831],[1587,1602],[-1587,1373],[0,1144],[7936,1144],[-3174,229],[-9524,1602],[4762,1373],[7936,915],[9524,915],[-3175,1831],[0,1602],[4762,1373],[6349,1144],[14286,-458],[4762,-2517],[3174,-2746]],[[26984,95880],[6349,-686],[9524,915],[4762,-229],[7936,-1602],[6349,-2288],[4762,-2288],[3175,-2289],[3174,-3890],[0,-2288],[0,-2060],[-3174,-2746],[-3175,-457],[-4762,229],[-7936,-916],[-3175,2517],[-7936,1831],[-19048,2288],[-4762,-915],[-3174,1831],[0,5492],[-3175,2517],[-1587,2059],[-3175,2289],[1588,2517],[1587,-458],[0,-458],[1587,-915],[1588,-1602],[7936,-2517],[1587,-1602],[0,-1830],[-1587,-1602],[0,-1144],[4762,-916],[3174,2517],[0,3433],[-3174,2975],[-7937,1373],[-3174,1602],[3174,2517],[6350,915],[7936,-3204],[-3175,-686],[-3174,-229]]]}