{"type":"Topology","transform":{"scale":[0.00007628552570288557,0.000026308296947741732],"translate":[9.520295202952042,46.37902034757815]},"objects":{"AUT":{"type":"MultiPolygon","arcs":[[[0]]]}},"arcs":[[[97309,84595],[142,-1797],[-48,-450],[-47,-192],[-236,-449],[-188,-321],[-95,-386],[-94,-513],[-331,-963],[-141,-513],[-47,-514],[-95,-2054],[-47,-256],[-47,-65],[0,-192],[-47,-449],[47,-193],[94,-128],[283,-64],[95,-65],[141,-256],[95,-257],[94,-321],[-47,-128],[-47,-257],[-47,-193],[94,-64],[0,-64],[47,-193],[47,-256],[48,-129],[47,-256],[94,-129],[95,-64],[141,-257],[94,-64],[48,-128],[0,-193],[0,-449],[0,-129],[188,-1412],[95,-641],[0,-835],[94,-642],[331,-641],[141,-257],[236,-64],[142,-129],[188,-706],[48,-257],[188,-320],[-141,-321],[-47,-385],[-95,-707],[47,-64],[189,-256],[-94,-642],[283,-321],[425,-257],[330,-578],[-849,-1347],[141,-321],[0,-193],[-47,-257],[-47,-321],[0,-64],[-142,-192],[-47,-65],[47,-192],[47,-64],[48,-64],[47,-65],[-47,-641],[-95,-514],[-141,-385],[-189,-321],[-472,-193],[-142,-192],[0,-385],[95,-193],[236,-256],[141,-129],[95,-706],[94,-257],[-189,-449],[0,-642],[95,-770],[47,-1219],[47,-386],[94,-320],[189,-193],[-283,-193],[-944,-256],[-1038,-514],[-519,129],[-189,1027],[-189,-321],[-236,-771],[-141,-256],[-142,-65],[-708,193],[-141,193],[-142,321],[-94,385],[-47,385],[-95,321],[-141,256],[-1086,771],[-519,128],[-519,-385],[-47,-385],[0,-514],[-47,-321],[-142,-192],[-519,-578],[-142,-257],[-94,-64],[-47,0],[-95,129],[-47,192],[-94,-192],[-189,-642],[-141,-321],[235,-257],[756,-578],[330,193],[897,-706],[424,128],[283,-256],[236,-578],[95,-770],[-47,-771],[188,-256],[189,-321],[94,-514],[0,-577],[-141,-450],[-378,-321],[-141,-320],[47,-1541],[-189,-257],[-472,-770],[-1415,-1283],[-189,513],[-142,257],[-189,-129],[-141,-449],[47,-1476],[0,-129],[-94,-64],[-48,-64],[0,-257],[48,-128],[47,-64],[47,-64],[47,-65],[378,-1668],[47,-578],[-47,-513],[-189,-321],[-425,-450],[47,-706],[-188,-834],[47,-578],[47,-128],[94,0],[142,-64],[94,-193],[0,-385],[-141,-642],[0,-192],[189,-257],[424,449],[236,-64],[142,-449],[-47,-450],[-283,-770],[-284,-321],[-94,-577],[94,-514],[284,-128],[141,-193],[47,-192],[-47,-193],[-141,-192],[-614,-450],[-142,-321],[378,-64],[189,-128],[189,-385],[47,-385],[-236,-129],[-331,0],[-236,-64],[-47,-128],[-94,-65],[-47,65],[-95,128],[-188,321],[-284,64],[-566,-128],[-472,192],[-189,-64],[-94,-385],[-94,-578],[-95,-192],[-141,-64],[-95,-193],[-47,-257],[0,-192],[0,-257],[-94,-257],[-95,-128],[-283,-257],[-330,-449],[-142,-321],[-472,-1284],[-188,-321],[-189,-256],[-519,-578],[-283,-321],[-48,-64],[-566,-257],[-47,-64],[-142,-257],[0,-128],[95,-64],[0,-257],[-95,-1220],[0,-64],[-47,-577],[47,-642],[142,-963],[283,-321],[142,-642],[47,-834],[-283,578],[-142,192],[-519,193],[-897,898],[-377,193],[-331,-64],[-519,-450],[-377,-321],[-330,0],[-1039,257],[-188,257],[-48,-514],[0,-513],[-94,-321],[-47,-128],[-95,-65],[-141,-128],[-189,128],[-283,0],[-283,-192],[-189,-257],[-142,-578],[0,-64],[-47,-321],[-47,-256],[-47,-129],[-236,-385],[-378,-128],[-330,321],[-47,128],[-236,385],[-378,321],[-708,-64],[-1698,-193],[-425,65],[-897,192],[-236,64],[-330,64],[-755,-449],[-472,-1412],[-236,706],[-189,64],[-189,-192],[-283,-385],[-47,0],[-236,-65],[-189,65],[-141,-129],[-236,-642],[-142,-641],[-94,-642],[-95,-578],[-141,-642],[-142,-449],[-47,-128],[-283,-321],[-330,-64],[-142,128],[-236,-193],[-47,-192],[-94,-257],[-142,-321],[-94,-513],[-95,64],[-47,0],[-94,0],[-236,-578],[-142,-192],[-142,-65],[-283,-64],[-141,-64],[-189,-578],[-94,-706],[-95,-321],[-47,-320],[-236,-193],[-141,321],[-142,706],[-189,449],[-472,-192],[-189,64],[-188,192],[-236,193],[-95,193],[0,192],[-94,193],[-142,64],[-424,-193],[-1558,64],[-1227,65],[-47,0],[-141,128],[-708,1220],[-189,192],[-236,128],[-236,65],[-236,-129],[-189,-64],[-236,64],[-1179,1156],[-378,128],[-849,-321],[-189,0],[-897,449],[-189,0],[-188,-64],[-189,64],[-1605,1027],[-566,0],[-94,193],[-189,385],[-94,64],[-803,-128],[-566,256],[-1321,-577],[-519,64],[-284,193],[-849,1026],[-1085,514],[-3068,449],[-708,963],[-330,193],[-142,64],[-94,0],[-189,-193],[-141,0],[-95,129],[-283,320],[-94,129],[-661,128],[-755,-192],[-189,64],[-236,192],[-377,578],[-425,128],[-283,65],[-567,449],[-424,834],[-283,1220],[-95,834],[-236,257],[-236,64],[-283,193],[-141,192],[-48,193],[-47,256],[0,450],[47,449],[48,257],[47,257],[-47,513],[-95,834],[-236,257],[-519,64],[-189,129],[-94,192],[-47,193],[-142,321],[-141,128],[-331,128],[-141,129],[188,385],[0,321],[-94,385],[-94,385],[-47,899],[-48,449],[-94,385],[142,642],[755,898],[283,706],[0,514],[47,513],[-330,193],[-614,-257],[-236,-64],[-1321,-1348],[-944,-128],[-566,-385],[-567,-578],[-472,-706],[-566,-193],[-141,-192],[-284,-449],[-141,-65],[-236,193],[-425,642],[-236,64],[-94,-64],[-142,64],[-660,257],[-331,-64],[-377,-193],[-142,-128],[-94,-65],[-142,65],[-94,128],[-95,128],[-47,193],[-94,64],[-236,129],[-142,-65],[-94,-192],[-94,-257],[-472,-899],[-378,65],[-425,385],[-472,192],[-896,-321],[-944,-577],[-189,-257],[-849,-1669],[-142,-449],[-141,-1348],[-236,-1155],[0,-193],[0,-385],[0,-192],[-95,-129],[-141,-128],[-48,-64],[-283,-1027],[-188,-385],[-189,-65],[-189,193],[-472,64],[-236,-64],[-425,-321],[-141,0],[-142,128],[-236,385],[-94,129],[-142,0],[-236,-193],[-141,64],[-378,386],[-141,128],[-283,-193],[-142,0],[-94,321],[94,193],[283,513],[47,257],[-94,385],[-1038,1155],[-189,129],[-236,-64],[-1321,-706],[-567,128],[-424,642],[0,834],[141,1284],[-47,642],[-142,321],[-424,642],[-283,898],[-142,321],[-47,64],[-95,64],[-94,-64],[-378,-449],[-330,-706],[-189,-899],[-47,-706],[-330,-64],[-236,193],[-189,-129],[-236,-642],[-47,-513],[0,-321],[-47,-257],[-142,-385],[-566,-577],[-330,-193],[-95,0],[-189,0],[-566,385],[-283,321],[-519,963],[-1416,898],[-283,514],[-189,449],[0,385],[0,385],[47,899],[48,385],[0,193],[-48,128],[-47,0],[-94,64],[47,449],[-2501,1541],[-189,64],[-708,-193],[-236,129],[378,963],[94,962],[-141,963],[-331,835],[-377,513],[0,321],[141,578],[0,256],[-141,514],[-95,321],[-47,321],[47,577],[-188,385],[-142,321],[425,1412],[472,1092],[47,256],[47,642],[47,385],[519,1220],[142,577],[0,1605],[-378,706],[-472,385],[-377,1155],[-47,257],[-47,642],[47,-64],[802,-385],[802,0],[378,321],[189,641],[141,642],[330,642],[189,257],[189,0],[189,-128],[141,-321],[48,-450],[-48,-449],[48,-385],[283,-321],[94,64],[189,193],[47,0],[378,-257],[424,-64],[189,64],[142,257],[47,-642],[141,-321],[142,-321],[142,-513],[0,-129],[0,-128],[0,-193],[141,-192],[142,128],[94,193],[189,128],[613,-1861],[142,-450],[-94,-385],[-284,-449],[142,-385],[47,-385],[0,-385],[95,-385],[94,-257],[94,64],[95,128],[188,129],[48,0],[141,-129],[95,0],[47,65],[141,320],[567,193],[236,-257],[0,-642],[-236,-1412],[47,-256],[0,-257],[-47,-257],[-48,-128],[-188,-64],[-48,-65],[-94,-449],[-94,-257],[94,-64],[189,64],[849,193],[283,257],[567,706],[283,449],[236,642],[283,1155],[47,193],[142,192],[283,193],[142,128],[188,578],[189,770],[142,899],[0,770],[-48,513],[-94,321],[-94,257],[-189,193],[141,1476],[0,385],[-94,385],[-94,449],[-47,321],[188,129],[236,128],[95,64],[47,-64],[47,-385],[0,-129],[-47,-192],[-47,-257],[0,-321],[94,-128],[94,-193],[189,-192],[566,-129],[142,65],[189,256],[283,706],[142,257],[330,0],[1746,-1284],[47,-128],[47,-192],[48,-193],[141,-64],[378,64],[519,513],[189,65],[188,0],[142,-129],[283,-449],[-94,-257],[-425,-577],[94,-321],[661,-642],[661,-1348],[47,-193],[0,-256],[-47,-257],[-48,-193],[95,-513],[189,-193],[1368,-64],[283,193],[850,1155],[330,193],[283,-257],[-47,-1027],[330,-64],[284,256],[188,386],[189,449],[236,513],[236,129],[566,0],[236,192],[95,385],[-48,257],[-141,193],[-142,128],[614,1348],[283,192],[330,-128],[283,-193],[614,257],[283,193],[236,513],[94,385],[95,835],[94,449],[331,578],[47,128],[283,0],[566,-257],[1038,0],[755,-321],[142,129],[142,642],[141,192],[1086,385],[3020,-256],[94,64],[378,963],[47,256],[0,321],[0,1027],[-47,193],[-47,128],[-142,193],[-94,256],[-48,193],[0,321],[189,128],[331,514],[94,192],[189,129],[47,0],[-47,