{"type":"Topology","transform":{"scale":[0.00005850117001755039,0.000034987670908678516],"translate":[44.77544775447754,38.39204986103297]},"objects":{"AZE":{"type":"MultiPolygon","arcs":[[[0]],[[1]],[[2]],[[3]],[[4]],[[5],[6]]]}},"arcs":[[[23261,13465],[-184,0],[-985,290],[-1108,675],[-3630,1014],[-370,193],[-861,434],[-1539,49],[-984,289],[-492,48],[-124,0],[-61,49],[-369,241],[-246,96],[-247,97],[-369,241],[-369,338],[-185,290],[0,289],[0,242],[62,241],[61,289],[-61,194],[-431,241],[-184,145],[-62,241],[-123,627],[-62,242],[-184,193],[-123,144],[-185,145],[-123,290],[185,434],[-123,290],[-247,193],[-184,48],[-185,97],[0,289],[62,241],[-62,194],[-184,0],[-124,-49],[-123,-145],[-61,-48],[-1785,772],[-431,-193],[-123,435],[-184,1448],[-123,289],[-123,290],[-123,289],[-308,917],[-123,290],[-185,96],[-184,290],[-124,290],[-61,193],[-62,144],[-615,531],[-62,145],[-61,97],[-62,144],[-123,49],[-184,-49],[-62,49],[-492,386],[-62,241],[185,338],[-369,386],[-246,579],[-493,2751],[-184,627],[-370,338],[62,97],[62,96],[-431,49],[-308,48],[-123,48],[-246,193],[0,97],[-185,338],[-246,1110],[-123,337],[492,290],[800,193],[739,-48],[554,193],[430,338],[123,48],[616,627],[677,290],[554,-386],[123,-193],[1169,-1883],[123,-482],[123,-483],[-62,-675],[-184,-1062],[123,-386],[308,-290],[615,193],[492,579],[493,193],[61,-193],[431,-772],[246,-579],[123,-338],[246,-145],[862,-96],[246,-193],[554,-724],[184,-97],[185,-48],[185,48],[246,97],[184,96],[1354,1159],[431,241],[2092,676],[123,0],[370,0],[492,-193],[369,-386],[185,-338],[0,-483],[-62,-724],[123,-1351],[-61,-435],[-554,-1206],[-123,-579],[123,-290],[0,-145],[985,-337],[369,-338],[307,-483],[431,-386],[246,-193],[985,-627],[308,-435],[123,-193],[61,-241],[-61,-193],[-123,-193],[-370,-724],[-123,-724],[185,-724],[308,-772],[492,-821],[308,-917],[923,-3233],[984,-2510]],[[99691,55598],[246,-338],[62,-434],[-123,-290],[-308,97],[-246,-97],[-246,290],[-123,434],[0,338],[246,-193],[185,48],[123,145],[184,0]],[[94891,59748],[185,-144],[246,96],[123,-193],[62,-579],[184,-338],[185,-241],[185,-386],[0,-338],[-123,-193],[-247,-48],[-369,0],[123,675],[-554,1014],[0,675]],[[6892,74372],[0,48],[62,48],[123,49],[61,-49],[493,-531],[-185,-289],[-431,48],[-123,676]],[[3138,76254],[62,386],[308,241],[677,-193],[184,-820],[-246,-676],[-615,290],[-246,338],[-124,434]],[[28307,99999],[370,-145],[430,48],[800,-144],[308,-242],[123,-531],[-123,-1158],[123,-482],[308,-338],[308,0],[307,241],[554,627],[369,145],[677,193],[185,193],[123,97],[308,386],[123,0],[61,-338],[185,-1110],[61,-386],[185,-338],[1108,-1303],[307,-241],[185,-48],[492,-97],[185,-97],[61,-193],[123,-530],[62,-193],[185,-387],[861,-917],[431,-868],[123,-869],[246,-531],[62,0],[677,145],[307,145],[370,96],[307,-96],[246,-386],[123,-531],[62,-483],[123,-386],[308,-290],[61,-48],[123,-193],[62,-241],[61,-290],[124,-289],[492,-821],[123,-338],[61,-724],[0,-1496],[185,-627],[246,-386],[1354,-1014],[369,-144],[123,-97],[1785,-193],[369,-193],[492,-821],[308,-337],[369,0],[554,530],[369,145],[308,-48],[923,-579],[492,-338],[370,-48],[1169,96],[246,49],[739,289],[369,290],[123,289],[-123,386],[-62,580],[62,579],[123,289],[246,193],[246,386],[123,531],[123,435],[185,241],[431,-97],[369,290],[554,2027],[369,820],[554,435],[1969,482],[492,338],[923,965],[1477,1159],[370,531],[307,820],[739,2510],[123,145],[1169,1930],[862,1641],[123,-193],[553,-386],[616,-676],[1477,-2654],[615,-724],[246,-435],[62,-724],[1169,-1640],[677,-1786],[308,-145],[307,-386],[246,-434],[124,-386],[369,-724],[123,-145],[61,-145],[431,-145],[123,-96],[246,-483],[616,-1641],[554,-1351],[246,-483],[184,-531],[123,-627],[185,-2461],[123,-531],[185,-193],[123,-338],[307,-2075],[800,-1690],[2031,-2944],[185,-337],[184,-483],[308,-386],[800,-579],[369,96],[370,-338],[307,-482],[308,-242],[185,-289],[-62,-628],[-308,-1061],[-123,-579],[0,-290],[0,-290],[123,-193],[185,-386],[61,-145],[124,-241],[307,-386],[369,-338],[185,-145],[739,-48],[369,-96],[246,-193],[615,-676],[370,-241],[800,-145],[738,-290],[431,-48],[307,97],[924,482],[430,97],[1969,-97],[124,-145],[61,-241],[62,-193],[61,-193],[308,-483],[369,-386],[308,-241],[1538,-386],[308,-241],[185,-435],[246,-627],[246,-628],[308,-289],[369,-145],[369,-434],[246,-580],[123,-579],[185,-2364],[123,-242],[123,-531],[123,-627],[-61,-386],[-308,820],[-369,724],[-431,628],[-862,868],[-369,242],[-369,193],[-739,144],[-677,290],[-307,48],[-185,-48],[-246,-96],[-185,-97],[-615,0],[-308,-145],[-615,-627],[-308,0],[-123,145],[-246,434],[-123,193],[-185,97],[-430,96],[-431,338],[-369,-241],[-554,-676],[123,-676],[-492,-627],[-677,-435],[-1170,-337],[-984,-773],[-1293,-579],[-307,-289],[-677,-966],[-308,-241],[-184,-338],[0,-579],[61,-772],[0,-338],[-923,-434],[-123,-435],[0,-579],[246,-579],[185,-241],[246,-241],[123,-194],[62,-289],[-124,-193],[-123,-145],[-307,-386],[-185,-48],[-123,-145],[-123,-290],[-62,-337],[0,-242],[62,-579],[246,-627],[62,-338],[-123,-338],[-124,-193],[-123,-145],[-123,-145],[0,-289],[0,-145],[62,-145],[61,-193],[0,-193],[-123,-145],[-246,-241],[-123,-434],[0,-145],[123,-193],[-61,-386],[61,-386],[369,-724],[0,-242],[-246,-241],[-431,-289],[-430,-676],[-370,-579],[-307,-724],[0,-483],[-185,-482],[-184,-628],[-124,-676],[-61,-579],[0,-772],[185,-531],[1538,-1882],[246,-290],[123,-386],[0,-144],[-61,-97],[-123,-965],[0,-242],[184,-337],[-246,144],[-123,145],[-123,242],[-123,241],[-123,0],[61,-435],[185,-482],[185,-386],[307,-242],[0,-241],[-431,145],[-246,338],[-184,434],[-862,724],[-615,-290],[-431,-723],[-185,-917],[62,-3137],[-62,-338],[-123,-531],[-246,-917],[-61,-435],[-62,-1013],[-61,-627],[-185,-483],[-1292,-1207],[-677,-337],[-431,530],[61,338],[0,242],[0,144],[185,242],[739,193],[246,193],[246,434],[123,579],[61,531],[-246,579],[-307,193],[-800,49],[0,241],[-123,1207],[-62,289],[-308,338],[-307,145],[-739,-49],[-246,-96],[-61,-241],[-62,-290],[-185,-386],[0,-145],[0,-338],[0,-193],[-123,-96],[-61,0],[-62,0],[0,-1352],[62,-724],[246,-579],[-62,-724],[-430,-2027],[-62,-193],[-369,-1013],[0,-97],[-492,-772],[-616,241],[0,-1013],[62,-483],[61,-434],[369,-1351],[124,-4392],[123,-4826],[-1108,289],[-554,0],[-369,-241],[-369,-483],[-431,-338],[-492,-241],[-370,-193],[-800,97],[-61,0],[-554,723],[-492,1014],[-246,386],[-370,676],[-307,482],[-247,435],[-307,579],[-246,289],[-247,387],[-123,772],[-184,627],[-369,0],[-924,-531],[-492,0],[-308,386],[-246,531],[-861,869],[0,483],[61,579],[-123,386],[0,241],[-246,241],[-2277,1448],[-1107,1159],[-308,820],[-62,1207],[185,289],[861,724],[62,193],[0,241],[62,145],[3138,772],[738,531],[123,338],[124,338],[0,48],[123,386],[0,386],[-123,338],[-493,1448],[-246,338],[-985,531],[-984,1206],[-431,773],[-184,772],[0,965],[307,820],[492,628],[616,386],[1046,290],[923,772],[431,193],[184,48],[-369,1062],[-492,869],[-1169,1399],[-2893,4440],[-1046,1255],[-307,290],[-247,96],[-184,-386],[-185,-193],[-246,-97],[-1292,49],[-369,-145],[-370,-290],[-246,-337],[-738,-1014],[-2031,-1496],[-308,-193],[-923,-1207],[-246,-193],[-369,-48],[-1169,-531],[-739,-531],[-554,-579],[-861,-1448],[-554,-724],[-492,-386],[-246,-145],[-1662,-868],[-862,-628],[-123,-241],[-61,-290],[-616,-1303],[-307,-1061],[-62,-242],[-184,-241],[-123,-97],[-1047,-772],[-184,-48],[-246,97],[-493,289],[-307,0],[-247,-193],[-246,-290],[-246,-337],[-431,-1014],[-123,-145],[-123,-144],[-307,-194],[-123,-144],[-185,-435],[-308,-868],[-307,-338],[-985,-676],[-308,-338],[-184,-386],[-493,-1303],[-184,-434],[-246,-338],[-308,-290],[-246,-193],[-370,-193],[-307,-48],[-616,1641],[-61,338],[0,338],[0,386],[61,338],[62,48],[0,96],[246,917],[0,821],[-61,820],[-247,917],[-369,435],[-615,434],[-431,531],[0,917],[369,482],[616,-144],[1046,-676],[184,48],[800,724],[370,48],[184,97],[-61,193],[-62,48],[-123,193],[-61,145],[-739,627],[-431,580],[-184,434],[-62,434],[-123,435],[-308,289],[-1230,724],[-554,531],[-246,917],[246,724],[554,434],[1230,338],[247,97],[123,241],[0,241],[-123,290],[0,482],[184,242],[246,193],[185,386],[-62,483],[-246,337],[-246,242],[-308,96],[-1046,