{"type":"Topology","transform":{"scale":[0.00001846836936554059,0.000021614005194550455],"translate":[28.985689856898574,-4.464041248589936]},"objects":{"BDI":{"type":"MultiPolygon","arcs":[[[0]]]}},"arcs":[[[84989,95468],[-1754,-1953],[-780,-938],[-2144,-4297],[-390,-1484],[-195,-469],[-584,-547],[-1170,-1093],[-585,-547],[-195,-1172],[585,-469],[1170,0],[1169,313],[1949,781],[1170,391],[-390,-938],[-3119,-2734],[-390,-625],[-194,-703],[0,-1172],[-1170,-1407],[-585,-1015],[0,-781],[1365,-1485],[779,-703],[975,-234],[-195,-469],[390,-391],[390,-390],[195,-547],[0,-78],[390,156],[974,1250],[780,469],[585,234],[585,-78],[3508,-1797],[585,-234],[390,-156],[0,-313],[195,-703],[195,-234],[780,-157],[389,157],[585,156],[780,78],[585,-234],[1169,-704],[780,-156],[1364,78],[2535,625],[1169,0],[-390,-547],[-195,-312],[-1559,-1641],[-390,-703],[195,-703],[1364,-1016],[585,-703],[0,-234],[-195,-625],[-195,-234],[195,-391],[780,-391],[195,-312],[0,-625],[0,-547],[-390,-1094],[-780,-937],[0,-391],[195,-781],[0,-313],[-779,-1250],[-1365,-703],[-1364,-156],[-1560,625],[-195,-547],[-195,-469],[-584,-234],[-780,-78],[-1365,-469],[-1169,-625],[-1170,-859],[-975,-1016],[390,-156],[1755,-781],[-195,-1172],[-1365,-1172],[-2534,-1016],[-780,-781],[-389,-312],[-390,-78],[-1365,-313],[-195,-78],[0,-391],[0,-156],[-1169,-78],[0,156],[-975,-156],[-195,-156],[-195,-547],[0,-156],[-1559,-938],[-390,-547],[195,-937],[0,-860],[-390,-859],[-2339,-2969],[-390,-859],[0,-859],[195,-782],[390,-703],[195,-703],[-195,-859],[-2534,703],[-1365,-781],[-1949,-3047],[-2924,-2500],[-585,-938],[-975,-3359],[-779,-1719],[-195,-312],[-1365,-1875],[-1559,-1641],[-3704,-2656],[-585,-703],[-1364,-2813],[-585,-703],[-1364,-625],[-390,-312],[-1950,-938],[-1949,-1562],[-2924,-1172],[-390,-78],[-974,78],[-585,234],[-585,78],[-780,-468],[-195,-157],[0,-703],[-389,-390],[-780,-391],[-390,-313],[-195,-625],[0,-625],[-195,-468],[-585,-469],[-389,78],[-2145,156],[-2729,547],[-12670,-156],[-1560,11250],[-389,859],[-1560,4453],[-3314,4766],[-1949,1953],[-975,938],[-389,1249],[-585,5469],[585,3360],[389,1953],[195,3593],[-1169,11797],[195,1328],[195,625],[1364,1016],[195,156],[-975,625],[-389,938],[-195,3046],[195,938],[389,781],[780,391],[195,468],[0,313],[-390,2656],[-390,703],[-779,469],[-975,313],[-975,156],[-974,312],[-585,860],[-195,937],[-390,703],[-780,469],[-974,313],[-780,390],[-390,703],[0,782],[-195,468],[-974,1016],[-390,1172],[-195,390],[-975,313],[-975,78],[-974,234],[-585,782],[195,1015],[390,781],[585,547],[1169,78],[-780,1094],[975,4688],[1170,1015],[3119,157],[974,-79],[3314,-1250],[1170,-312],[2339,-234],[1169,-235],[975,-469],[585,-468],[0,-157],[0,-546],[195,-625],[0,-79],[1169,-937],[390,-547],[-195,-547],[-780,-781],[-194,-469],[194,-547],[585,-1015],[0,-547],[390,-860],[1365,79],[2339,859],[974,78],[975,-156],[2144,-313],[1170,-547],[975,235],[974,547],[1365,156],[390,0],[584,156],[390,156],[1560,547],[390,0],[584,-234],[2145,-625],[1169,-78],[1170,78],[584,312],[195,391],[195,1016],[390,390],[585,0],[1170,-312],[1364,0],[1170,156],[974,547],[1170,937],[585,860],[779,937],[390,1016],[390,1016],[0,468],[195,4766],[1170,3515],[-390,3516],[390,2422],[0,391],[195,312],[584,0],[390,-234],[390,-235],[0,-78],[975,-703],[390,-78],[584,78],[390,-78],[585,-156],[780,-469],[1559,-1641],[975,-703],[1169,-625],[1170,-390],[1170,0],[974,546],[2534,2657],[0,312],[0,391],[195,312],[780,0],[1559,-703],[780,-156],[780,0],[1169,234],[975,235],[780,390],[585,547],[389,235],[195,312],[390,391],[975,234],[195,-156],[1754,-313],[195,78],[195,-312],[390,-625],[195,-391],[2924,-2031],[1949,-703],[1754,-78]]]}