{"type":"Topology","transform":{"scale":[0.00003852077041155619,0.00002000984074651719],"translate":[2.5218252182521894,49.49444541051173]},"objects":{"BEL":{"type":"MultiPolygon","arcs":[[[0]]]}},"arcs":[[[90186,62784],[-93,-169],[0,-84],[0,-84],[93,-85],[374,-253],[0,-506],[-94,-507],[94,-422],[374,-84],[1028,422],[467,-84],[467,-591],[1589,-2954],[-374,-337],[281,-675],[560,-338],[1776,-84],[93,-253],[-186,-507],[-281,-422],[0,-168],[-561,-422],[-841,-844],[-467,-928],[374,-676],[-187,-337],[93,-253],[187,-85],[281,0],[-187,-506],[187,-169],[187,-590],[280,-254],[187,0],[934,338],[0,84],[94,0],[93,0],[0,-84],[468,-253],[1121,-253],[467,-85],[-280,-337],[-93,-422],[93,-422],[94,-507],[280,-421],[187,-85],[93,-169],[-93,-844],[-94,-1181],[-187,-675],[0,-591],[935,-1941],[0,-253],[0,-422],[-280,-422],[-748,-168],[-280,84],[-374,169],[-281,0],[-280,-253],[-280,-338],[-187,-506],[-94,-507],[187,-422],[-467,-590],[-1122,-338],[-560,-337],[-281,-507],[-560,-506],[-281,-422],[374,-422],[93,-591],[0,-590],[-186,-422],[-187,-169],[-468,-84],[-280,-169],[0,-169],[-93,-591],[-94,-168],[280,-338],[94,-253],[-94,-338],[-186,-337],[-374,168],[-94,422],[0,507],[-93,422],[-281,422],[-280,-85],[-93,-169],[-281,-168],[-561,-169],[-280,84],[-93,85],[-281,84],[-187,422],[-93,422],[-94,253],[-467,-422],[-561,-84],[-186,-422],[-94,-675],[-187,-760],[-374,-506],[-1028,-506],[-374,-507],[-93,-337],[-93,-844],[-94,-338],[-93,-253],[-374,-422],[-187,-337],[0,-507],[0,-506],[0,-422],[-187,-253],[-561,-253],[-187,-253],[0,-676],[187,-337],[94,-253],[-281,-675],[-187,-253],[-373,-85],[-187,-169],[-187,-337],[-187,-253],[0,-254],[-94,-337],[-934,-1941],[-94,-506],[281,-169],[560,-506],[281,-507],[-654,85],[0,-253],[-94,-169],[0,-85],[-93,-168],[280,-338],[-280,-253],[-187,-422],[93,-591],[187,-675],[187,-591],[280,-168],[281,0],[374,-254],[187,-337],[560,-1519],[94,-253],[0,-675],[0,-85],[187,-168],[374,-169],[93,-85],[187,-84],[187,84],[187,0],[93,-253],[0,-169],[94,-253],[-187,-169],[-94,-253],[0,-253],[0,-337],[-93,-169],[-94,-169],[94,-337],[187,-169],[560,-85],[187,-168],[94,-760],[-94,-422],[-280,-253],[-187,-338],[-374,-1181],[-187,-506],[-280,-338],[467,-253],[-280,-844],[-561,-759],[-654,-338],[-280,84],[-561,422],[-281,85],[-280,-253],[-374,-507],[-280,-168],[-561,84],[-561,337],[-654,169],[-561,-422],[-373,-506],[0,-338],[-94,-253],[-374,0],[-280,85],[-841,422],[-467,-254],[-655,-675],[-654,-506],[-561,253],[-186,422],[93,422],[93,506],[0,507],[-186,422],[-1215,2869],[-281,337],[-187,169],[-841,422],[-280,169],[-187,84],[-94,-169],[-93,-253],[-93,-253],[-187,-84],[-468,84],[-93,253],[-94,422],[94,760],[187,168],[93,169],[-93,760],[-561,759],[-561,675],[-560,-84],[-1122,-338],[-654,169],[-467,422],[-374,506],[-1122,2026],[-280,337],[-935,338],[-467,337],[-1028,1182],[-467,337],[-561,0],[-1121,-506],[-561,-84],[-654,84],[-281,422],[0,1856],[0,254],[-280,506],[0,253],[0,338],[187,337],[93,253],[187,591],[94,422],[93,422],[0,675],[-467,928],[-1215,591],[-374,760],[187,759],[934,3122],[0,507],[0,422],[0,422],[561,1350],[94,84],[280,-422],[94,928],[93,1013],[93,844],[-280,422],[-748,-253],[-373,169],[-94,759],[-654,-422],[-2804,-3460],[-187,-422],[0,-422],[0,-337],[94,-253],[93,-338],[-187,-1603],[-187,-760],[-280,-591],[-280,-253],[-1122,-168],[-3551,-2279],[-841,-169],[-187,85],[-3832,1350],[-1589,-338],[-467,0],[-280,85],[-1496,1012],[187,-84],[0,759],[-93,760],[-187,84],[93,591],[187,338],[187,337],[467,506],[561,507],[654,422],[0,337],[-187,422],[-186,422],[-374,2194],[-281,169],[-280,-84],[-561,-254],[-280,169],[0,929],[561,2025],[93,928],[93,338],[281,506],[654,591],[280,337],[0,591],[-186,253],[-281,422],[-374,253],[-187,85],[-373,-169],[0,-338],[93,-337],[-187,-253],[-561,337],[-654,1857],[-561,590],[-560,422],[-841,1182],[-468,253],[-560,-85],[-1683,-843],[-560,0],[-468,253],[-467,422],[-561,337],[-1028,169],[-1121,-84],[-374,-169],[-187,-338],[-467,-928],[-187,-422],[0,-169],[-187,-84],[-94,0],[-93,-338],[-841,1013],[-280,2110],[0,2278],[-187,1941],[-468,928],[-467,675],[-561,338],[-654,169],[-1682,0],[-281,253],[281,591],[0,422],[-187,253],[-374,84],[-374,0],[-187,-253],[-280,-253],[-374,-338],[-1121,-506],[-655,-169],[-467,169],[-1121,759],[-374,338],[-374,591],[-93,590],[-94,1604],[-654,2785],[-187,1518],[374,760],[-374,1266],[-187,422],[-374,168],[-280,0],[-280,338],[-281,928],[-374,844],[-467,928],[-374,507],[-654,253],[-2149,-844],[-1309,-506],[-654,-422],[-467,-675],[-748,-1604],[-374,-337],[-374,84],[-93,85],[-2056,1181],[-561,506],[-93,253],[-374,1013],[-94,338],[-1028,1181],[-187,338],[0,337],[-187,253],[-280,254],[-280,0],[-468,-85],[-186,85],[-468,84],[-187,84],[-93,253],[-187,676],[-187,168],[-280,169],[-94,169],[0,253],[187,506],[94,338],[-561,2194],[187,506],[561,675],[186,338],[-93,1013],[-374,675],[-934,1266],[-281,1012],[-280,2194],[-374,1097],[561,507],[934,422],[3552,3206],[5420,3882],[5234,4135],[5794,2278],[187,-1940],[-93,-1266],[0,-1097],[373,-1266],[655,-844],[187,-84],[560,-338],[841,-169],[1215,254],[94,506],[-94,591],[94,590],[280,338],[374,84],[374,85],[1028,253],[654,84],[654,-169],[3178,-1265],[467,-422],[187,-591],[-94,-591],[94,-506],[374,-591],[280,-169],[3084,85],[654,169],[1122,1181],[3271,1941],[1215,1181],[1028,1688],[187,506],[187,1182],[0,253],[0,-84],[560,-507],[187,-506],[187,-928],[374,-591],[467,-506],[374,-507],[94,-337],[0,-253],[-94,-422],[-93,-338],[-94,-84],[281,168],[187,338],[373,928],[-841,422],[-187,253],[-93,422],[0,1097],[-94,507],[-186,422],[-374,506],[560,0],[187,0],[935,-591],[561,-253],[1215,-84],[467,337],[93,844],[-93,506],[-654,844],[-187,422],[0,507],[187,422],[93,337],[-374,422],[1402,928],[1402,675],[748,85],[280,-85],[280,-337],[-93,-844],[-187,-675],[-93,-506],[560,-422],[281,0],[747,168],[842,-253],[467,0],[280,169],[281,253],[2056,2954],[841,506],[374,0],[467,-253],[467,-338],[187,-422],[93,-759],[-186,-675],[-94,-760],[187,-844],[-1121,591],[-281,0],[-187,-675],[561,-253],[1869,-85],[467,-168],[935,-507],[561,169],[654,760],[654,1012],[374,760],[187,590],[93,507],[187,337],[374,85],[94,-85],[747,-675],[561,-1181],[-94,-844],[-280,-760],[-93,-1097],[93,-506],[935,-1181],[93,-422],[281,-1097],[186,-338],[374,-253],[1028,84],[468,-84],[467,-675],[0,-1772],[467,-169],[187,84],[841,254],[2991,-169],[561,253],[1121,928],[467,253],[561,-84],[654,-422],[468,-759],[186,-1013],[94,-1097],[187,-169],[374,-422],[1495,-591],[374,-253],[187,-337],[280,-253],[467,0],[1122,253],[280,-85],[467,-253],[561,-928],[281,-338],[841,254],[467,-85],[187,-591],[93,-253],[-373,-422],[-94,-590],[561,-760],[-187,-169],[-280,-168],[-281,-85],[-280,85],[93,-338],[0,-169],[94,-253],[-187,-675],[-187,-338],[-187,-337],[-280,337],[-187,-168],[-187,-507],[0,-675],[280,-506],[-374,-1266],[-1028,-1941],[561,169],[280,0],[281,-169],[-374,-675],[-374,-1097],[-374,-675],[-93,-84],[-374,-169],[-280,-85],[-1870,-2616],[94,-1097],[374,-759],[467,-338],[187,-168],[561,-338],[374,-84],[-94,-591],[-187,-1181],[467,-338],[281,-84],[280,84],[94,253],[280,506],[187,169],[280,-84],[561,-675],[280,-253],[2243,84],[281,-169],[280,-84],[1869,-85],[561,169]]]}