{"type":"Topology","transform":{"scale":[0.00003074461488922338,0.0000618532039278426],"translate":[0.7614076140761483,6.2145214061482505]},"objects":{"BEN":{"type":"MultiPolygon","arcs":[[[0]]]}},"arcs":[[[92154,88615],[-703,-355],[-2225,-1884],[-351,-737],[-234,-245],[-703,-874],[117,-382],[469,-437],[5854,-4013],[820,-382],[234,0],[234,27],[118,0],[234,-27],[234,-109],[-234,-628],[0,-355],[117,-328],[234,-300],[351,-273],[586,-1447],[0,-464],[-703,-874],[0,-273],[117,-191],[235,-136],[351,-109],[234,-137],[117,-191],[351,-519],[235,-191],[468,-54],[468,-28],[352,-136],[351,-301],[117,-464],[0,-409],[0,-492],[-234,-436],[-820,-792],[-234,-437],[-117,-846],[-117,-300],[-586,-301],[-468,-27],[-2108,519],[-702,82],[-586,-110],[-585,-300],[-235,-164],[-117,-109],[0,-300],[-117,-191],[-819,-628],[-703,-737],[0,-301],[468,-382],[2225,-1119],[234,-191],[118,-246],[-118,-300],[0,-82],[-234,-355],[-468,-164],[-469,-109],[-468,-246],[-234,-245],[-234,-1393],[-234,-300],[-1054,-628],[-937,-764],[-586,-273],[-1873,109],[-1288,-164],[-2342,-491],[-585,-191],[-235,-301],[-117,-382],[117,-300],[469,-519],[234,-491],[-234,-410],[-1054,-300],[-586,27],[-585,55],[-586,-82],[-234,-409],[0,-110],[234,-191],[-117,-82],[-1873,-1283],[-351,-109],[-469,-82],[-234,-82],[-585,-518],[-118,-437],[118,-464],[468,-492],[117,-273],[0,-1037],[-234,-355],[-703,-628],[-1054,-1665],[-468,-492],[-820,-273],[-2224,-300],[-352,0],[-351,82],[-351,109],[-352,82],[-351,27],[-937,-27],[-351,-27],[-351,-109],[-234,-137],[-352,-109],[-468,-27],[-2459,81],[117,-409],[-117,-1037],[-234,-437],[0,-109],[-469,-273],[0,-28],[0,-136],[117,-27],[235,-28],[117,-109],[0,-246],[-469,-464],[-117,-245],[117,-137],[117,-273],[0,-136],[-234,-82],[-468,-110],[-234,-136],[0,-164],[0,-27],[585,-3931],[117,-492],[-234,-546],[-234,-164],[-703,-382],[-117,-191],[-117,-136],[117,-301],[0,-163],[-234,-656],[0,-327],[117,-382],[234,-355],[586,-683],[234,-327],[0,-355],[-234,-301],[-351,-273],[-235,-273],[-117,-300],[-117,-955],[-351,-1038],[-117,-1010],[-117,-136],[-352,-328],[-117,-109],[117,-82],[0,-55],[235,-191],[351,-464],[820,-437],[234,-245],[117,-219],[-351,-2184],[0,-518],[117,-628],[702,-601],[937,-573],[702,-601],[-117,-682],[0,-137],[0,-82],[-117,-54],[-702,82],[-352,0],[-234,-82],[-117,-164],[703,-3986],[-117,-218],[0,-164],[-352,-164],[-234,-300],[-117,-109],[-117,-110],[117,-218],[351,-164],[820,-355],[234,-136],[-117,-191],[-351,-82],[-469,-55],[-351,-82],[-819,-600],[117,-574],[351,-627],[234,-683],[-351,-682],[-117,-328],[117,-328],[351,-163],[234,-110],[352,-54],[351,0],[234,-82],[0,-164],[117,-737],[-117,-191],[-468,-137],[-586,-245],[-351,-355],[0,-328],[234,-682],[0,-355],[-585,-846],[-117,-164],[-118,-328],[-234,-737],[0,-983],[-117,0],[-12880,-600],[-2576,-273],[-11124,-628],[-8665,-983],[-235,328],[703,163],[4215,492],[703,27],[-703,1201],[-585,1201],[-820,683],[-351,82],[-703,191],[-117,82],[-117,136],[117,355],[-117,164],[-117,137],[-585,218],[-117,109],[0,191],[-235,28],[-351,0],[-234,27],[-351,54],[-235,110],[-234,136],[-234,137],[-117,163],[0,137],[117,136],[0,137],[-351,328],[-469,163],[-117,191],[234,355],[469,328],[234,164],[117,245],[-117,383],[-351,327],[-117,301],[0,273],[234,682],[0,218],[-351,164],[-469,191],[-468,273],[-586,1147],[2459,0],[586,82],[0,2375],[0,2348],[0,2429],[-117,1584],[0,1392],[0,273],[0,3221],[0,2539],[117,2594],[0,1856],[-352,1365],[-117,164],[-234,27],[-117,55],[234,409],[0,273],[0,137],[1054,873],[117,301],[-117,136],[-820,546],[-234,164],[0,191],[0,491],[-117,2157],[0,1502],[0,1774],[-117,2020],[-117,437],[-234,382],[-703,601],[-1990,1037],[-2694,1338],[-117,136],[-585,465],[-468,627],[-235,1638],[-351,465],[-585,-137],[-469,246],[-351,409],[-117,328],[117,191],[585,437],[235,218],[0,164],[0,328],[117,163],[0,191],[-235,765],[0,1256],[-117,1747],[0,1201],[0,136],[-468,546],[-3396,1120],[-4684,1529],[-2810,900],[-1873,628],[-3045,1010],[-2459,792],[-234,246],[0,382],[351,1665],[586,901],[0,628],[-234,1447],[468,546],[1756,819],[352,300],[117,164],[0,382],[117,164],[468,491],[0,164],[-234,328],[-117,164],[117,327],[820,1010],[936,-273],[469,-27],[585,0],[117,82],[118,191],[0,191],[-235,82],[-234,55],[-117,163],[0,164],[0,164],[117,55],[234,191],[235,191],[234,136],[117,28],[117,0],[702,-82],[235,-55],[234,-82],[117,-27],[117,-55],[234,-136],[0,-55],[234,0],[352,109],[117,0],[937,-54],[351,-55],[117,-82],[234,-164],[234,-109],[117,82],[0,273],[-351,164],[-234,191],[0,164],[0,191],[-117,191],[-351,55],[-118,54],[0,55],[118,218],[-118,55],[-234,27],[-234,-82],[-117,-27],[0,246],[117,27],[1054,136],[234,55],[234,300],[117,82],[352,0],[585,-164],[351,-54],[-117,300],[-117,546],[-585,492],[117,191],[351,163],[351,246],[235,-109],[234,-191],[0,-82],[351,0],[117,27],[117,55],[352,27],[585,0],[586,-82],[1053,-245],[352,382],[117,109],[-117,164],[-352,164],[0,109],[117,191],[352,-82],[468,-218],[117,-164],[234,136],[235,55],[234,-55],[234,-136],[585,245],[-117,192],[-234,218],[-234,300],[234,301],[703,191],[702,163],[586,164],[-351,355],[117,137],[234,191],[351,136],[468,82],[352,82],[117,246],[585,-164],[586,-55],[3044,-136],[0,-82],[-117,-246],[0,-109],[586,27],[585,-628],[703,110],[585,136],[1405,164],[703,136],[468,82],[1405,-27],[703,0],[1171,273],[702,55],[586,-82],[234,109],[468,-55],[820,-191],[1405,-245],[1054,-55],[937,218],[117,82],[4333,2130],[2341,955],[1757,464],[468,219],[117,163],[0,164],[0,273],[352,464],[1288,683],[351,437],[1171,1556],[0,163],[-351,273],[-118,192],[235,191],[234,54],[351,-27],[234,27],[235,137],[234,218],[234,137],[351,0],[351,-55],[235,27],[0,273],[0,191],[-235,82],[-351,28],[-351,82],[-351,136],[-235,137],[-117,163],[-1171,1502],[-234,901],[-117,382],[351,273],[820,191],[351,27],[820,-27],[351,27],[117,28],[235,191],[234,54],[234,-27],[117,-82],[234,-27],[117,164],[235,191],[234,54],[234,-27],[351,0],[117,-27],[117,-109],[117,-55],[235,0],[117,55],[351,136],[117,55],[1171,136],[117,0],[234,-82],[235,0],[117,28],[468,163],[234,0],[1054,-136],[351,82],[469,355],[117,109],[0,136],[117,110],[234,109],[351,54],[352,-109],[234,55],[351,109],[469,300],[468,109],[234,28],[703,0],[351,27],[703,27],[468,246],[1522,-682],[703,-192],[234,-163],[234,-191],[234,-383],[352,-136],[351,-82],[351,-55],[1054,-82],[234,-27],[117,-82],[352,-300],[1288,-956],[5620,-2484],[117,-109],[469,-137],[117,-109],[0,-327],[234,-383],[234,-273],[703,-627],[468,-273],[234,-110],[469,-136],[468,-55],[351,109],[469,110],[468,-28],[351,-109],[352,-54],[1405,-437],[1171,-191],[351,-137],[351,-109],[1054,-764],[234,-110],[117,-54],[235,-55],[117,-136],[117,-246],[117,-137],[117,-136],[117,-109],[234,-82],[352,-273],[117,-82]]]}