{"type":"Topology","transform":{"scale":[0.00007912958258373858,0.00005687185116816093],"translate":[-5.524255242552414,9.392423828067493]},"objects":{"BFA":{"type":"MultiPolygon","arcs":[[[0]]]}},"arcs":[[[72565,97030],[46,-386],[-137,-238],[-136,-207],[-182,-268],[0,-504],[364,-1010],[91,-534],[-865,-3266],[91,-891],[364,-831],[182,-208],[1820,-2257],[501,-980],[45,-118],[0,-149],[-136,-208],[-46,-148],[-45,-534],[-46,-208],[-318,-654],[-46,-207],[46,-208],[136,-327],[91,-119],[91,-59],[46,-119],[91,-148],[-46,-89],[-91,-297],[0,-149],[137,-178],[136,-119],[137,-148],[45,-327],[91,-296],[182,-208],[227,-149],[137,-208],[0,-148],[-91,-327],[0,-178],[91,-119],[273,-237],[91,-149],[91,-326],[91,-208],[91,-89],[182,-238],[409,-386],[137,-237],[136,-208],[228,-119],[91,-148],[-46,-327],[-136,-386],[-46,-267],[182,-445],[319,-149],[1683,89],[137,-59],[0,-119],[0,-148],[45,-89],[-45,-60],[-46,-89],[46,-119],[136,-178],[228,-178],[227,0],[500,60],[592,-238],[682,-564],[501,-742],[45,-802],[273,-535],[410,-415],[1365,-861],[227,-89],[546,-89],[182,-89],[227,-179],[228,-386],[-364,-178],[-228,178],[-227,238],[-227,89],[-46,-89],[-45,-208],[-137,-594],[-91,-29],[-273,148],[-682,238],[-1001,564],[-273,59],[-182,-712],[0,-1485],[0,-1663],[0,-1128],[0,-327],[45,-326],[137,-267],[364,-297],[910,-89],[364,-268],[728,-831],[727,-861],[956,-1069],[318,-386],[1047,-1187],[682,-802],[865,-980],[364,-267],[409,-149],[1319,-178],[1593,-178],[227,30],[182,208],[182,297],[137,356],[182,416],[91,237],[45,89],[137,30],[91,-60],[91,-29],[136,119],[228,326],[91,89],[1228,-148],[500,-178],[364,-535],[46,-326],[45,-90],[137,-207],[136,-149],[228,-178],[136,-208],[91,-237],[0,-208],[137,-1069],[45,-238],[91,-267],[91,-119],[137,-237],[45,-149],[0,-59],[0,-208],[0,-89],[0,-386],[-91,-178],[-182,-59],[-728,-89],[-91,0],[-136,118],[-46,0],[-45,-59],[-91,-178],[-91,-60],[-728,-207],[-182,-208],[-46,-505],[273,-623],[546,-1040],[910,-1811],[910,-1692],[1001,-1900],[637,-772],[-455,-1693],[-136,-475],[-501,-742],[-136,-505],[0,-297],[0,-178],[-46,-178],[-182,-238],[-682,-504],[-910,-1039],[-1684,-2316],[-45,-89],[-364,-238],[-409,59],[-546,268],[-319,207],[-182,60],[-91,-119],[-227,89],[-273,-59],[-455,-297],[-273,0],[-546,30],[-182,-90],[-273,-148],[-546,-178],[-228,-149],[-273,-118],[-227,683],[-227,-30],[0,119],[45,267],[0,89],[-1183,148],[-227,60],[-228,178],[-45,-267],[-137,-89],[-182,-89],[-136,-149],[-91,-208],[-46,-148],[137,-386],[-228,-178],[-273,-178],[-273,-208],[-91,-327],[91,-327],[91,-237],[46,-208],[-228,-267],[-91,148],[-91,60],[-91,-60],[-91,-148],[-45,178],[-182,238],[-137,89],[-45,-208],[0,-119],[136,-178],[46,-178],[-46,-119],[-136,-416],[-410,268],[-227,89],[-227,0],[-137,-30],[-45,-59],[-46,-30],[-136,0],[0,89],[-91,208],[-91,119],[-137,-268],[-136,-178],[-46,-208],[228,-534],[45,-594],[46,-327],[-137,60],[-227,178],[-137,0],[-45,-89],[-91,-327],[-91,-59],[-410,-149],[-45,-29],[0,-267],[45,29],[91,89],[91,-29],[46,-60],[-46,-237],[0,-60],[46,-59],[136,-59],[46,-208],[0,-208],[0,-178],[91,-208],[136,-178],[0,-297],[-45,-89],[-91,119],[-91,178],[-46,89],[-136,59],[-364,60],[-46,0],[-136,-119],[-91,0],[0,59],[-91,149],[-46,59],[-45,30],[-91,89],[-91,59],[-273,89],[-46,0],[-45,-29],[-91,-149],[-91,-208],[-91,-208],[-46,-59],[0,-178],[0,-178],[46,-178],[91,-60],[91,-89],[0,-208],[-46,-208],[-45,-89],[-228,0],[-182,30],[-364,297],[-1637,-59],[-1229,-30],[-773,-208],[-1593,-772],[137,772],[-182,59],[45,60],[0,89],[0,59],[46,89],[0,60],[-46,29],[0,30],[-1410,386],[-1137,327],[-2867,801],[-1546,446],[-637,178],[-683,178],[-1683,505],[-46,-297],[46,-178],[45,-149],[-136,-267],[-137,-208],[-637,-623],[-227,356],[-227,267],[-273,0],[-228,-415],[-45,-268],[-46,-386],[-45,-178],[-182,-178],[-319,-208],[-136,-208],[0,-59],[-46,-30],[-45,-29],[-46,-30],[-500,30],[-273,-30],[-182,-89],[-91,-297],[-91,-445],[-137,-386],[-227,-179],[-592,802],[46,119],[91,119],[45,148],[-91,119],[-91,30],[-91,-60],[-45,30],[-46,178],[-91,30],[-1410,29],[-91,119],[-45,30],[-91,-30],[-91,-119],[-273,-59],[-273,-445],[-228,-30],[91,237],[-136,0],[-46,60],[-91,237],[-91,89],[-136,30],[-1729,178],[-364,-59],[-91,-267],[-1547,0],[-1592,29],[-319,89],[-409,208],[-137,89],[-136,60],[-1593,89],[-227,-89],[-91,-327],[-182,-119],[-1956,-29],[-2775,-30],[-2821,-30],[-3048,-59],[-2457,-30],[-1183,0],[-319,0],[0,178],[-1091,30],[45,-119],[-45,-118],[91,-327],[136,-327],[46,-326],[-46,-386],[-182,-267],[-182,-208],[-182,-268],[-91,-386],[-136,-801],[-228,-475],[-45,-416],[-46,-148],[-136,-208],[-46,-89],[0,-178],[46,-89],[45,0],[91,-30],[46,-89],[0,-119],[-46,-89],[-45,-59],[-91,-297],[-137,-416],[-45,-178],[45,-327],[364,-920],[46,-178],[45,-357],[0,-178],[91,-119],[137,-237],[45,-59],[46,-357],[91,-208],[455,-564],[136,-89],[228,-59],[318,0],[46,-89],[-46,-149],[-136,-178],[-137,-59],[-182,-30],[-91,-59],[-91,-119],[-91,-149],[-91,-267],[-91,-356],[0,-356],[137,-297],[91,-60],[136,-29],[91,-30],[46,-119],[45,-208],[91,-29],[91,0],[137,-60],[91,-118],[91,-60],[45,-89],[0,-208],[-45,-237],[-91,-149],[-228,-297],[-182,-356],[0,-356],[137,-772],[0,-1514],[45,-357],[319,-593],[45,-327],[0,-445],[-136,-802],[91,-445],[272,-654],[46,-178],[-91,-178],[-409,-683],[-228,-594],[-45,-356],[91,-356],[91,-178],[91,0],[45,0],[137,-60],[45,-148],[0,-178],[45,-149],[91,-89],[46,-59],[-137,-178],[-136,-268],[-45,-297],[0,-267],[0,-297],[91,-178],[409,-564],[500,-802],[-409,-504],[-319,-921],[-227,-267],[-318,30],[-273,297],[-1274,2315],[-637,1693],[-228,802],[-136,415],[-182,267],[-273,89],[-410,-178],[-227,30],[-228,238],[-136,415],[-137,861],[-273,416],[-272,89],[-319,0],[-182,178],[-91,356],[46,416],[0,327],[-137,148],[-227,-208],[-410,-831],[-182,-238],[-318,-29],[-91,208],[-46,386],[0,326],[-45,119],[-137,-59],[-136,-119],[-137,-60],[-136,90],[-182,296],[-182,60],[-2002,237],[-728,-148],[-227,59],[-137,149],[-91,148],[-91,119],[-182,89],[-45,-59],[-91,-208],[-91,-30],[-46,0],[-182,149],[-91,0],[-637,-90],[-182,-89],[-91,-118],[-227,-297],[-91,-119],[-273,-89],[-819,-30],[-273,-89],[-455,-445],[-273,-89],[-182,-119],[-45,-297],[-91,-238],[-410,-29],[-91,-30],[-227,-148],[0,-30],[0,-89],[-46,-89],[-45,-30],[-91,30],[-137,119],[-728,267],[-182,-30],[-227,-237],[-364,-683],[-228,-178],[-500,-90],[-228,-118],[-136,-208],[45,0],[137,-89],[-364,-535],[-91,-178],[0,-148],[45,-416],[-45,-208],[-137,-445],[-91,-149],[-363,208],[-182,60],[-46,-268],[0,-296],[-45,-149],[-182,119],[-46,178],[-136,594],[-91,237],[-319,119],[-455,-30],[-409,60],[-182,356],[45,327],[91,445],[46,297],[-46,89],[-45,59],[-91,30],[-228,0],[-45,-30],[-46,-89],[0,-118],[-91,-238],[0,-237],[-45,-179],[-182,-59],[-137,59],[-182,386],[-136,149],[-182,-238],[-137,-89],[-182,-29],[-182,0],[46,-60],[-46,-89],[-91,-119],[-136,-89],[-91,-59],[0,59],[-46,119],[-182,89],[-91,59],[0,149],[-45,178],[-46,119],[-136,178],[-46,119],[-45,118],[-91,60],[-136,0],[-91,0],[-46,-60],[0,-89],[91,-89],[-182,-59],[-182,386],[-182,-89],[-45,148],[0,89],[-137,119],[0,149],[137,-30],[91,30],[227,89],[-136,297],[-46,415],[-91,267],[-273,-118],[-91,356],[-182,238],[-227,89],[-319,29],[-91,30],[-45,89],[-46,89],[-136,30],[-91,-60],[-91,-178],[-46,-118],[-136,59],[-364,475],[0,208],[182,712],[-46,119],[-136,416],[-137,237],[-45,178],[273,30],[45,238],[-91,326],[-136,268],[-182,118],[-137,119],[-136,178],[-91,297],[-91,-148],[-182,-89],[-137,29],[-91,208],[182,119],[-91,30],[-91,59],[-91,30],[-91,0],[137,148],[273,149],[0,118],[-319,297],[-91,178],[91,327],[-364,-30],[46,208],[91,297],[-46,386],[-45,-119],[-46,-119],[-91,-89],[-91,-59],[-136,30],[0,89],[45,89],[46,89],[0,980],[-91,267],[-46,0],[-181,178],[-228,30],[-91,-238],[-91,-29],[-637,504],[-182,-59],[-591,119],[-228,0],[-91,-89],[-45,-119],[-91,-89],[-137,-60],[-136,0],[-91,0],[-46,60],[-91,29],[-45,-59],[-46,-89],[-45,-59],[-273,0],[-182,89],[-182,118],[-137,149],[-45,119],[-46,148],[-45,149],[-91,59],[-91,30],[-91,0],[-182,89],[0,326],[-182,446],[-228,386],[-227,178],[91,237],[91,921],[45,119],[319,653],[182,920],[-46,178],[-91,