{"type":"Topology","transform":{"scale":[0.00006260525209878141,0.000029905002499647468],"translate":[22.343623436234367,41.237302560785324]},"objects":{"BGR":{"type":"MultiPolygon","arcs":[[[0]]]}},"arcs":[[[99596,83737],[-57,-452],[-58,-4065],[58,-452],[172,-564],[173,-396],[115,-395],[0,-452],[-173,-903],[-230,-1016],[-287,-904],[-230,-395],[-173,-113],[-747,-1073],[-173,-339],[-57,-451],[0,-565],[-230,452],[-748,621],[-115,226],[-172,282],[-403,282],[-747,226],[-403,-113],[-575,-508],[-287,-113],[-1035,113],[-345,-113],[-633,-508],[-403,-960],[-115,-282],[-862,-3558],[-230,-508],[-288,-339],[-1092,-451],[-173,-170],[-115,-56],[-115,0],[0,-226],[518,-678],[115,-225],[0,-396],[-345,-1468],[-173,-1637],[-115,-283],[-172,-225],[-115,-226],[-58,-395],[0,-735],[288,-1524],[57,-678],[-115,-2258],[115,-508],[-345,-396],[0,-564],[115,-678],[115,-903],[0,-1581],[-57,-621],[-58,-283],[-805,-56],[-862,226],[-690,56],[-173,-56],[-115,-226],[-115,-452],[-57,-339],[57,-339],[115,-225],[230,-226],[-460,-113],[-690,-452],[-345,-113],[-288,-395],[58,-847],[173,-960],[115,-565],[-231,226],[-1495,57],[-460,-452],[-230,-678],[-115,-847],[-172,-790],[-288,226],[-172,-339],[0,-508],[230,-282],[-58,-283],[0,-169],[58,-508],[57,282],[0,56],[-57,113],[115,678],[460,-791],[172,-113],[230,283],[115,395],[173,169],[287,-395],[115,339],[115,-56],[173,-170],[115,-113],[230,113],[172,170],[115,56],[231,-56],[0,-226],[-58,0],[-58,-57],[116,-564],[172,-396],[230,-113],[403,396],[0,-283],[115,-169],[115,-57],[172,57],[0,-226],[-57,-56],[-288,-170],[115,-339],[115,-56],[115,-57],[-115,-338],[-57,-452],[115,-508],[172,-339],[230,-113],[173,0],[230,113],[230,0],[0,-169],[-58,-226],[0,-170],[58,-169],[115,-169],[-403,-509],[-172,-621],[57,-621],[403,-508],[-58,-113],[-57,-169],[575,-565],[115,-226],[57,-226],[173,-339],[230,-282],[172,-169],[0,-113],[-57,-282],[-58,-57],[518,-452],[115,-226],[287,-903],[805,-847],[115,-339],[173,-339],[172,-112],[-57,-339],[115,-339],[115,-226],[172,-226],[0,-169],[0,-57],[-57,0],[-58,0],[173,-338],[115,-396],[57,-508],[-115,-395],[58,-339],[-575,226],[-230,113],[-805,-113],[-230,56],[-403,339],[-402,170],[-115,0],[-345,-57],[-58,57],[-57,0],[-58,0],[-57,-57],[-58,-339],[0,-451],[-57,-339],[287,-226],[-57,-226],[-230,-113],[-173,0],[-230,113],[-805,678],[-632,56],[-1208,-508],[-58,-339],[-57,-169],[-58,0],[-172,169],[-115,-282],[-173,-169],[-345,-170],[58,-113],[57,0],[0,-56],[58,-57],[-58,-56],[-57,-113],[-58,-57],[230,-169],[-287,-169],[-173,225],[-402,847],[-230,339],[-1208,1017],[-345,508],[-345,677],[-690,1638],[-460,677],[-517,452],[-518,226],[-345,-113],[-230,-226],[-345,-734],[-57,-169],[0,-113],[-58,-57],[-403,170],[-345,56],[-172,-56],[-288,339],[-230,225],[-287,170],[-288,0],[-57,0],[-345,-339],[-345,-1016],[-345,-339],[-230,-113],[-115,-395],[-115,-396],[-230,-338],[-115,-57],[-288,113],[-172,-113],[-173,-282],[-172,0],[-115,113],[-173,0],[-172,-170],[-230,-282],[-115,-226],[-173,-113],[-172,113],[-288,395],[-172,113],[-173,-113],[-345,-508],[-172,-226],[-288,-56],[-1495,395],[-288,-56],[-287,-283],[-460,-734],[-115,-169],[-58,-169],[-115,-170],[58,-169],[172,-170],[58,-113],[0,-225],[-58,-283],[-57,-169],[0,-169],[0,-283],[-58,-564],[-115,-622],[-230,-451],[-747,-396],[-1668,113],[-690,-903],[-172,-791],[-58,-734],[58,-677],[172,-339],[-575,-113],[-345,170],[-230,282],[-402,734],[-173,113],[-230,56],[-345,-508],[-863,-56],[-402,-170],[-460,-564],[-115,-113],[-115,0],[-115,-57],[-58,-169],[-115,-395],[0,-509],[58,-451],[57,-396],[58,-169],[115,-282],[230,-170],[230,-56],[172,-170],[173,-225],[57,-283],[173,-847],[0,-282],[0,-508],[0,-226],[115,-113],[230,-113],[115,-113],[57,-452],[0,-395],[0,-395],[-57,-395],[-173,-283],[-57,-226],[172,-621],[58,-169],[230,-282],[57,-226],[-57,-283],[-58,-56],[-115,-56],[-57,-226],[-173,-791],[-287,-903],[-173,-452],[-57,-56],[-173,56],[-1322,-508],[-230,-170],[-403,-451],[-402,-283],[-173,-56],[-172,113],[-230,0],[-403,-339],[-230,-56],[-287,169],[-518,847],[-345,169],[-172,-56],[-575,-678],[-575,-56],[-173,-113],[-173,-226],[-115,-169],[-115,-113],[-172,-57],[-173,113],[-345,283],[-115,112],[-1437,113],[-230,-113],[-115,-282],[-115,-395],[-115,-282],[-173,-57],[-115,0],[-115,57],[-172,56],[-403,-113],[-2702,-1412],[-345,-56],[-403,113],[-288,282],[-690,1468],[-287,452],[-58,57],[-632,395],[-58,113],[-115,338],[-57,113],[-58,0],[-287,-113],[-2588,1751],[-517,508],[-173,0],[-172,0],[-345,-226],[-633,-56],[-57,-452],[57,-565],[-115,-508],[-345,57],[-345,451],[-518,1130],[-345,451],[-287,226],[-288,57],[-402,0],[115,339],[-575,-57],[-173,113],[-287,339],[0,169],[57,339],[0,169],[-115,113],[-115,170],[-57,56],[-115,226],[-58,113],[-57,169],[-58,283],[-57,903],[-173,904],[-345,451],[-460,-282],[-345,-113],[-345,-734],[-230,-57],[-345,57],[-230,-57],[-575,-225],[-115,-57],[-460,113],[-115,-56],[-115,-57],[-115,-56],[-115,56],[-57,170],[57,282],[0,282],[-345,339],[-230,452],[-288,-57],[-287,-169],[-288,-282],[0,-57],[-230,-282],[-115,-226],[-57,-508],[-58,-170],[-115,57],[-57,113],[-58,226],[-115,112],[-517,226],[-633,113],[-460,-339],[58,-1072],[57,-734],[0,-283],[-115,-282],[-172,-113],[-230,56],[-345,339],[-58,-226],[-57,-56],[-115,-57],[-58,-112],[-287,-396],[-230,0],[-748,847],[-115,0],[-460,-621],[-230,-169],[-345,-170],[-345,-56],[-287,56],[-231,-169],[-345,-960],[-287,-113],[-518,170],[-517,0],[-288,-170],[-402,-621],[-58,-56],[-230,-226],[-517,56],[-1035,847],[-1610,57],[-288,-113],[-460,-565],[-287,-282],[-345,-57],[-173,283],[-173,338],[-287,339],[-288,0],[-345,-282],[-345,-339],[-230,-339],[-57,-282],[-58,-621],[-57,-283],[-173,-225],[-172,-170],[-345,-169],[-690,-113],[-3163,734],[403,508],[57,621],[-115,678],[0,734],[58,169],[172,396],[58,169],[-58,169],[-57,339],[-58,169],[0,2316],[-57,508],[115,564],[0,226],[-58,226],[-115,339],[-57,226],[-58,451],[58,452],[57,452],[58,395],[57,113],[288,113],[57,113],[58,169],[115,452],[115,395],[230,508],[172,791],[0,790],[-287,678],[-173,113],[-402,56],[-173,113],[-57,226],[-345,1299],[-173,1129],[-115,395],[-57,113],[-230,170],[0,113],[-58,0],[-57,282],[57,508],[-57,226],[-173,734],[-115,791],[0,790],[-57,339],[-115,395],[-58,452],[0,226],[-115,169],[-172,226],[-58,0],[-288,-169],[-115,0],[-115,169],[-57,226],[0,226],[-115,113],[-115,56],[-748,-56],[-115,56],[-57,113],[-58,169],[-57,113],[-518,170],[-747,621],[-173,113],[-1380,1524],[-345,509],[-57,169],[-173,508],[-230,960],[-575,734],[-1610,3275],[345,282],[633,0],[287,170],[230,451],[288,1243],[230,508],[230,169],[230,57],[172,169],[173,565],[230,1242],[57,678],[-115,508],[-115,451],[-172,396],[-518,564],[-805,1186],[-57,57],[57,677],[173,1299],[57,395],[58,791],[-115,451],[460,1243],[172,338],[58,57],[0,113],[0,113],[-58,113],[-230,282],[-230,508],[-345,1412],[-57,113],[0,169],[57,113],[115,226],[115,169],[403,339],[172,226],[288,621],[115,169],[230,0],[287,-56],[115,113],[58,169],[230,226],[460,113],[1207,-508],[460,169],[460,339],[230,339],[0,56],[115,396],[288,1581],[57,451],[115,283],[173,169],[460,169],[230,113],[230,452],[633,1016],[115,226],[115,621],[57,226],[115,170],[288,225],[115,170],[345,734],[287,1129],[173,1073],[0,452],[-58,395],[-230,169],[-805,283],[-287,226],[-230,338],[-403,904],[-402,621],[-115,226],[-58,226],[0,621],[-58,282],[-230,452],[-1150,1750],[-115,170],[-115,56],[-230,169],[-172,57],[-288,-57],[-172,113],[-58,170],[-57,56],[-173,565],[-115,169],[-172,113],[-345,-56],[-173,56],[-115,170],[-230,451],[-115,170],[-575,395],[-172,339],[-173,621],[-287,1581],[-230,621],[0,169],[57,170],[0,169],[58,57],[0,113],[0,56],[-58,113],[-57,113],[0,113],[0,113],[57,113],[0,56],[0,57],[-115,395],[0,790],[-115,396],[-172,282],[-460,395],[-173,283],[-172,338],[-115,396],[-115,451],[-58,452],[0,226],[58,564],[-58,283],[-402,734],[-173,903],[58,734],[230,791],[115,1016],[57,1017],[58,169],[115,452],[57,113],[58,564],[0,960],[57,395],[173,452],[345,226],[517,169],[230,57],[345,0],[230,339],[115,508],[173,395],[345,169],[287,-56],[288,113],[230,508],[0,282],[-115,734],[-58,339],[58,339],[172,