{"type":"Topology","transform":{"scale":[0.0000017280345605183696,0.000004525432337608984],"translate":[50.44910449104492,25.790197695898385]},"objects":{"BHR":{"type":"MultiPolygon","arcs":[[[0]]]}},"arcs":[[[58333,89178],[24999,-7462],[12500,-10821],[4167,-12687],[-2083,-19776],[-8334,-24253],[-6250,-4851],[-16666,-9328],[-4167,6716],[-6250,7090],[-8333,7089],[-12500,6344],[-24999,9701],[-4167,6343],[12500,7090],[2083,3358],[4167,3358],[-4167,8209],[-8333,8209],[-10417,5970],[-2083,2612],[0,3731],[6250,10448],[4167,2612],[8333,1119],[12500,0],[8333,-746],[8333,-1493],[8333,-1119],[22917,3358],[4166,-746],[2084,-2985],[4166,-2239],[2084,-746],[0,-747],[-2084,-2612],[-6250,-373],[-16666,747],[-8333,-1120]]]}