{"type":"Topology","transform":{"scale":[0.00006847336946054192,0.00006016460977201825],"translate":[-79.5949959499595,20.911897963207267]},"objects":{"BHS":{"type":"MultiPolygon","arcs":[[[0]],[[1]],[[2]],[[3]],[[4]],[[5]],[[6]],[[7]],[[8]],[[9]],[[10]],[[11]],[[12]],[[13]],[[14]],[[15]],[[16]],[[17]],[[18]],[[19]],[[20]],[[21]],[[22]],[[23]],[[24]],[[25]],[[26]],[[27]],[[28]],[[29]],[[30]],[[31]],[[32]],[[33]],[[34]],[[35]],[[36]],[[37]],[[38]],[[39]],[[40]]]}},"arcs":[[[95846,4070],[-947,-1263],[-473,-1460],[-315,-168],[-1105,-505],[-630,112],[-158,-56],[-158,-84],[-263,-225],[-105,0],[0,140],[105,85],[-210,168],[-316,56],[-788,-477],[-473,28],[-894,-225],[-631,281],[-946,112],[-211,-56],[-210,-112],[-105,-140],[-53,-141],[-52,-140],[-106,28],[-157,112],[-211,253],[-52,168],[0,281],[-53,393],[-263,477],[0,84],[53,112],[421,57],[210,168],[105,365],[53,309],[-211,224],[-157,169],[0,168],[525,-253],[316,113],[210,112],[210,140],[421,141],[105,336],[316,309],[157,309],[316,-84],[315,168],[421,0],[158,28],[105,56],[157,140],[211,309],[158,141],[52,-57],[53,-364],[263,-281],[262,-421],[421,-197],[894,-308],[315,224],[316,169],[736,196],[368,449],[263,646],[736,1235],[210,308],[316,197],[315,-141],[105,-308],[-52,-365],[-263,-1796],[-105,-449]],[[95688,8532],[-158,0],[0,168],[0,197],[-105,337],[-158,308],[-52,337],[157,141],[316,112],[263,168],[263,337],[210,168],[158,-84],[157,-252],[158,-141],[315,-168],[263,-140],[158,-169],[-52,-337],[-316,-168],[-526,-84],[-263,-253],[-157,-28],[-473,-281],[-158,-168]],[[56571,21442],[53,-112],[53,-196],[-106,-141],[-210,0],[-105,141],[-105,224],[0,141],[52,0],[106,-29],[105,-56],[-53,85],[-52,280],[52,56],[53,-112],[157,-281]],[[56203,22004],[-52,-28],[-53,56],[53,421],[52,-28],[0,-281],[0,-140]],[[55362,23968],[0,-112],[-105,140],[-105,253],[-53,253],[53,28],[52,-169],[53,-112],[53,-84],[52,-197]],[[94741,25287],[263,-28],[0,28],[53,85],[158,84],[52,28],[105,0],[263,-84],[105,-28],[368,-141],[736,-533],[368,-28],[-105,112],[-105,253],[473,-253],[263,-56],[158,84],[210,-196],[211,-112],[262,-28],[368,0],[106,-57],[105,-112],[158,-252],[157,-85],[316,0],[105,-84],[105,-281],[-53,-336],[-157,-281],[-263,-112],[-263,84],[-684,702],[-262,252],[-263,141],[-263,56],[-368,28],[-158,-28],[-210,-85],[-105,-28],[-158,28],[-105,85],[-105,84],[-106,56],[-315,-84],[-578,-309],[-368,-84],[-106,28],[-105,84],[-105,84],[-52,28],[-579,141],[-263,56],[-105,112],[0,169],[316,196],[-105,140],[0,56],[105,169],[52,224],[-52,169],[0,168],[157,140],[263,-364],[105,-85]],[[87433,27673],[-262,-56],[105,449],[210,140],[158,-112],[-211,-421]],[[89484,27841],[-105,0],[-631,197],[-263,84],[-316,56],[0,84],[263,28],[211,29],[368,-85],[315,-168],[158,-225]],[[76550,27449],[-473,-365],[158,701],[420,477],[474,421],[420,562],[-52,-449],[-421,-702],[-526,-645]],[[83963,30059],[-315,-646],[-158,-168],[-52,168],[-53,140],[-53,85],[-157,56],[52,-225],[105,-224],[158,-113],[211,113],[52,-225],[158,-1263],[52,-252],[211,-421],[-263,-56],[-105,-281],[-53,-365],[-52,-309],[-158,-196],[-211,-225],[-210,-196],[-210,-84],[-158,-141],[-473,-982],[-789,-674],[-105,-84],[-158,0],[-893,-393],[-368,-84],[-211,-196],[-368,-646],[-105,-112],[-420,-365],[-158,-84],[-316,-56],[-262,-141],[-474,-477],[0,141],[0,589],[53,168],[158,56],[578,-56],[158,56],[420,421],[0,113],[-157,112],[0,112],[315,169],[105,56],[-105,28],[-53,28],[-52,56],[0,112],[263,141],[473,252],[315,56],[53,56],[158,253],[210,140],[0,197],[-53,224],[0,169],[263,112],[421,28],[315,112],[158,253],[105,393],[158,196],[263,85],[315,56],[579,224],[368,393],[157,533],[-210,674],[-421,309],[-1051,28],[-421,252],[-263,225],[53,56],[158,309],[105,84],[105,56],[105,56],[-52,112],[-211,337],[474,-140],[105,-84],[52,196],[105,141],[106,56],[157,-56],[53,84],[52,28],[53,0],[0,112],[-105,56],[-53,28],[-52,56],[-53,113],[736,0],[368,56],[368,168],[53,-84],[0,-56],[0,-28],[52,-56]],[[78864,30732],[52,0],[210,0],[53,0],[0,-56],[105,-168],[263,-113],[526,-28],[315,-84],[-105,225],[316,-85],[893,-364],[-1104,-1039],[-52,141],[0,28],[-158,56],[0,280],[-263,-56],[-368,-112],[-1104,281],[-105,140],[-263,281],[-105,-197],[-158,-168],[-158,-84],[-105,28],[105,365],[0,196],[-157,84],[-947,1488],[53,28],[52,56],[0,56],[0,84],[158,0],[263,84],[105,28],[158,-56],[420,-280],[158,-56],[316,-29],[157,-28],[368,-364],[53,-141],[53,-280],[0,-141]],[[84384,36430],[1104,-113],[789,85],[315,-85],[0,-112],[-1314,-281],[-631,0],[-263,506]],[[59200,41818],[263,-393],[-526,197],[-631,112],[-525,225],[-211,393],[474,-57],[630,-168],[526,-309]],[[1157,42941],[0,-28],[-316,224],[0,57],[316,-253]],[[631,43586],[-53,-28],[-578,702],[105,-56],[368,-421],[158,-197]],[[52839,45972],[105,-224],[157,-169],[211,-84],[210,-56],[316,0],[-53,-84],[0,-57],[-53,-56],[-105,-28],[999,-1066],[684,-421],[157,-56],[211,-534],[525,-421],[1262,-477],[-210,-252],[-368,112],[-631,365],[-736,56],[-263,168],[105,337],[-263,197],[-263,280],[-262,141],[-211,-141],[-525,562],[-526,421],[-631,196],[-736,-56],[0,112],[420,140],[106,29],[-53,168],[-105,140],[52,84],[-157,113],[-158,196],[0,225],[105,168],[158,-28],[158,28],[105,84],[52,28],[158,-56],[53,-84]],[[62565,45888],[841,-1488],[211,-140],[262,-309],[263,-393],[106,-308],[210,-1123],[158,-281],[262,-308],[842,-1769],[0,-168],[105,-140],[52,-365],[0,-730],[106,-814],[262,-477],[421,-309],[1209,-505],[526,-449],[946,-1094],[-52,-85],[-53,-168],[-52,-84],[157,-169],[106,-421],[105,-505],[0,-645],[-53,-197],[-52,-56],[-211,56],[-52,113],[-106,561],[-52,-28],[-158,-84],[-105,421],[-421,785],[-157,702],[-105,225],[-526,617],[-158,168],[-158,85],[-1682,364],[-368,225],[-158,168],[-1051,702],[-211,84],[0,169],[105,140],[53,140],[158,141],[52,0],[158,-253],[421,-196],[157,-253],[-368,56],[-157,56],[105,-196],[158,-169],[157,-84],[211,0],[157,-112],[263,-253],[158,-84],[158,-28],[263,-28],[105,56],[-53,169],[-841,982],[-105,281],[52,449],[105,308],[158,281],[53,253],[0,392],[-105,450],[-158,392],[-210,253],[-53,-84],[-158,-140],[0,392],[-525,478],[0,392],[-211,29],[-158,84],[-105,112],[105,225],[-315,224],[-105,281],[-105,757],[-316,786],[-105,85],[-105,-57],[-105,-84],[-158,-56],[105,814],[-105,225],[-315,-253],[157,224],[53,85],[105,56],[-210,56],[-105,-112],[-106,-197],[-210,-112],[0,140],[158,141],[105,196],[105,253],[-52,308],[105,-28],[52,-56],[106,-56],[52,-84]],[[70189,46084],[-53,-224],[-158,-112],[-315,0],[0,-85],[105,-140],[-263,0],[-368,112],[-158,253],[-263,-140],[-473,0],[-263,-85],[-52,365],[52,225],[263,112],[316,84],[736,225],[526,0],[210,-85],[315,-252],[-157,-253]],[[65509,48302],[-105,-57],[-105,281],[105,225],[105,28],[53,-85],[0,-168],[-53,-224]],[[47844,50996],[-105,-112],[-211,252],[-262,590],[-263,364],[-158,506],[-158,280],[-52,169],[0,224],[368,-252],[841,-2021]],[[75341,52090],[-578,-1094],[-53,196],[53,169],[105,336],[-105,-196],[-211,-674],[-52,-168],[-947,-112],[0,112],[263,337],[158,505],[53,589],[-53,506],[0,393],[158,252],[263,140],[263,113],[105,84],[52,84],[105,56],[106,-28],[210,-421],[52,-56],[0,-168],[158,-225],[53,-112],[-53,-140],[-52,-337],[-53,-141]],[[26183,55402],[-105,-84],[-263,-84],[-105,0],[-53,56],[-53,28],[-157,-84],[-106,-169],[-157,-449],[-158,-196],[-158,-140],[-788,-393],[-263,-28],[-53,112],[-105,224],[0,225],[0,168],[158,28],[158,-56],[210,-28],[52,169],[158,56],[789,561],[52,56],[263,140],[158,57],[578,0],[-52,-169]],[[24132,55318],[105,-225],[-210,57],[-368,-57],[-210,0],[-158,85],[-210,140],[-53,140],[210,113],[368,56],[369,196],[315,84],[158,-224],[-211,0],[-105,-140],[0,-225]],[[45636,55122],[105,-253],[-263,0],[-158,84],[-631,842],[-157,225],[0,224],[263,-140],[105,-197],[105,-252],[158,-197],[157,-168],[158,-56],[158,-112]],[[26971,53522],[368,-253],[211,112],[105,-168],[-53,-309],[-263,-477],[0,-224],[-105,-169],[-210,-112],[263,-84],[263,224],[420,955],[316,364],[157,225],[53,337],[0,421],[53,393],[210,252],[263,-56],[210,-337],[210,-421],[158,-280],[158,-253],[105,-252],[53,-281],[52,-561],[53,-337],[0,-141],[0,-196],[-53,-309],[-52,-196],[52,-84],[210,