{"type":"Topology","transform":{"scale":[0.0000390247804917071,0.00002725390967500342],"translate":[15.715957159571616,42.559458563103476]},"objects":{"BIH":{"type":"MultiPolygon","arcs":[[[0]]]}},"arcs":[[[84593,84634],[738,247],[554,62],[461,186],[2306,1673],[277,62],[185,-186],[92,-310],[92,-185],[277,0],[461,185],[277,62],[1107,-247],[277,61],[184,62],[185,0],[553,-495],[277,-62],[277,0],[0,62],[0,62],[92,-124],[184,-186],[185,-186],[92,-186],[92,-310],[0,-371],[-92,-62],[-185,-62],[-92,-186],[-922,-4399],[-185,-682],[-276,-371],[-554,-434],[-277,-310],[-184,-372],[-369,-1115],[-1199,-2044],[-93,-124],[-276,-186],[-93,-186],[-92,-248],[0,-557],[0,-248],[-184,-310],[-185,-248],[-185,-186],[-922,-310],[0,-557],[369,-1673],[0,-991],[-369,-496],[-369,-496],[-184,-743],[0,-744],[276,-681],[554,-1301],[461,-558],[461,-248],[1107,-248],[554,-247],[277,-124],[276,0],[831,186],[369,-62],[369,-372],[461,-620],[369,-805],[0,-744],[184,-495],[462,-496],[1107,-867],[276,-248],[185,-124],[184,62],[277,310],[184,0],[185,-310],[92,-682],[93,-186],[461,-433],[461,-682],[92,-248],[831,-495],[461,-496],[184,-186],[93,62],[184,248],[277,62],[277,-310],[184,-681],[-184,-558],[-462,-558],[-1014,-805],[-646,-186],[-646,-62],[-1476,124],[-1291,-62],[-369,-124],[-370,-62],[-368,248],[-646,620],[-646,495],[-369,124],[-369,-62],[-553,-124],[-185,-248],[-184,-309],[0,-310],[184,-434],[-92,-248],[-277,-309],[277,-186],[922,-682],[738,-1053],[1384,-2292],[2583,-2974],[554,-1178],[645,-2044],[0,-992],[-645,-681],[-93,-434],[-92,-495],[92,-496],[93,-434],[184,-186],[92,-124],[-92,-185],[-184,-124],[-923,433],[-369,-62],[-277,-805],[-276,-310],[-185,310],[-184,620],[-369,743],[-462,558],[-461,247],[-184,-62],[-646,-495],[-277,-186],[-277,0],[-738,124],[-276,-124],[-277,-558],[-277,-867],[-277,-620],[-645,0],[-1200,248],[-645,-124],[-646,-805],[-554,-248],[-461,0],[-461,186],[-369,434],[-277,495],[-369,372],[-553,-62],[-370,-248],[-645,-743],[-461,-248],[-185,-186],[-184,-310],[0,-310],[276,-185],[369,-62],[185,-124],[369,-558],[0,-248],[-185,-310],[0,-185],[554,124],[184,-124],[923,-1240],[738,-2168],[830,-1549],[-185,-186],[-737,0],[-277,-186],[-92,-62],[-93,-248],[-184,-309],[-185,-310],[-277,-248],[-92,186],[0,62],[-553,681],[-185,434],[-92,310],[92,248],[-92,248],[-184,247],[-646,496],[-646,186],[-1476,-124],[-461,-248],[92,-124],[92,-371],[93,-124],[-646,-248],[-3321,-2478],[-369,-620],[645,-310],[-1106,-1611],[-462,-929],[-184,-1115],[0,-124],[0,-930],[461,-2788],[-1015,124],[-1568,0],[-1384,-310],[-830,-805],[-461,-1425],[0,-620],[277,-743],[553,-1301],[185,-744],[-185,-309],[-369,-310],[-184,-372],[0,-620],[276,-929],[277,-867],[923,-1549],[553,-558],[369,-557],[277,-1054],[0,-1053],[-185,-434],[-92,-309],[-554,-558],[-276,-186],[-462,-310],[185,-372],[0,-309],[-92,-248],[-277,0],[-277,186],[-277,0],[-276,-124],[-277,-248],[-461,124],[-923,124],[-369,248],[0,62],[-461,805],[-277,186],[-738,0],[-1383,496],[-831,495],[-4520,3160],[-1384,929],[-553,558],[-1107,1301],[-646,496],[-922,248],[-277,247],[-830,1302],[0,433],[0,868],[-93,371],[-277,434],[-184,-62],[-277,-186],[-184,-124],[-554,124],[-1014,434],[-554,124],[-646,-124],[-276,-372],[-369,-557],[-2491,1611],[461,0],[738,-310],[369,-124],[-369,372],[-554,371],[1384,310],[738,558],[-92,991],[-830,1921],[-738,991],[-277,372],[-3505,2416],[-277,124],[-369,496],[-277,681],[-185,806],[-184,371],[-277,248],[-553,372],[-1015,991],[-1015,1611],[-553,1797],[461,3098],[-369,929],[-830,558],[-2491,433],[-1476,868],[-554,496],[-830,805],[-1199,1487],[-4059,4337],[-2860,2354],[-369,620],[-277,743],[-92,620],[-184,558],[-1015,991],[-830,1239],[-1292,1301],[-738,1115],[-277,434],[-369,496],[-461,371],[-1107,372],[-184,434],[-185,558],[-277,557],[-276,124],[-646,-62],[-277,62],[-277,124],[-276,248],[-462,495],[-369,620],[-645,1425],[-369,682],[-1107,1239],[-369,619],[-462,1611],[-276,1115],[0,558],[92,434],[184,557],[93,310],[92,620],[0,62],[-92,309],[-277,310],[-553,310],[-462,124],[-277,62],[-92,-124],[0,248],[185,186],[276,124],[93,247],[0,620],[-185,682],[-553,1796],[-185,744],[-184,619],[-277,372],[-554,124],[-922,-434],[-554,62],[-461,558],[185,619],[369,558],[184,496],[185,124],[-93,495],[-92,496],[-184,310],[-369,186],[-554,62],[-369,123],[-276,186],[-277,496],[-277,929],[-277,372],[-184,0],[-185,-124],[-184,-62],[-185,248],[-92,310],[-92,372],[-93,371],[-184,186],[-277,0],[-184,-186],[-185,-309],[-184,-248],[-185,-62],[-461,-62],[-277,-62],[-369,-62],[-184,248],[-185,371],[-184,310],[-646,434],[-185,186],[-645,1115],[-277,620],[0,619],[369,496],[553,186],[462,186],[92,681],[-277,682],[-369,619],[-369,744],[-92,929],[92,248],[92,434],[646,1115],[93,619],[-277,1116],[0,681],[645,1611],[93,558],[-93,2168],[0,310],[277,805],[277,248],[553,496],[1384,248],[2491,-62],[553,124],[277,0],[369,-186],[185,-310],[0,-310],[-93,-310],[0,-185],[185,-124],[553,-124],[370,-248],[368,-682],[554,-1425],[461,-619],[2306,-2355],[739,-433],[922,-434],[1015,-248],[646,186],[92,496],[276,1053],[554,991],[92,310],[92,434],[-92,248],[0,185],[185,372],[276,124],[646,248],[277,186],[369,557],[830,1859],[1199,868],[1476,-62],[5074,-1549],[646,124],[369,247],[0,310],[0,310],[184,434],[185,248],[369,123],[184,186],[185,372],[184,186],[277,248],[185,310],[92,185],[738,620],[184,-248],[185,-743],[92,-310],[-92,-310],[185,-186],[553,62],[-92,248],[-93,248],[369,-124],[277,-434],[277,-186],[277,496],[92,-310],[0,-186],[0,-247],[-92,-310],[184,124],[369,309],[185,124],[461,-1115],[1107,-805],[646,-372],[1660,-744],[277,186],[1199,62],[93,186],[461,1115],[1014,-681],[462,-186],[922,-558],[185,-247],[369,-186],[461,62],[830,247],[92,124],[93,248],[92,124],[185,-124],[184,-248],[0,-185],[-92,-186],[-185,-248],[369,-124],[277,62],[646,310],[-277,-744],[-92,-248],[184,62],[1292,186],[553,-62],[277,62],[461,310],[1015,1053],[554,248],[830,-62],[738,-434],[738,-681],[1384,-1859],[461,-434],[553,-247],[277,62],[738,309],[646,124],[276,124],[370,434],[1568,1859],[369,247],[461,0],[369,-247],[1476,-1302],[553,-247],[462,-124],[277,0],[276,0],[554,124],[461,309],[185,372],[0,434],[92,496],[276,309],[646,186],[554,-248],[1199,-867],[369,-186],[1845,-124],[461,-248],[462,-371],[553,-620],[369,-434],[369,-247],[277,-124],[645,-310],[646,0],[-92,495],[-92,496],[0,248],[0,62],[369,124],[184,0],[462,-62],[184,-62],[184,124],[370,186],[184,62],[185,-124],[92,-186],[184,-434],[93,-310],[184,-247],[277,-124],[184,186],[92,123],[93,248],[0,186],[184,186],[185,0],[92,-62],[184,-186],[923,-1982],[369,-372],[277,-124],[738,-124],[92,-62],[184,-62],[0,-186],[93,-186],[0,-124],[0,-185],[0,-124],[92,-62],[185,-186],[0,-124],[-93,-372],[-553,-434],[-185,-371],[277,-1054],[923,-929],[553,-434],[461,-309],[830,-248],[2953,62],[276,124]]]}