{"type":"Topology","transform":{"scale":[7.560151202268046e-7,4.7280636363084457e-7],"translate":[-62.86562865628656,17.882590341037698]},"objects":{"BLM":{"type":"MultiPolygon","arcs":[[[0]]]}},"arcs":[[[33333,0],[-14286,17857],[-14285,32143],[-4762,28571],[0,21428],[9524,-10714],[90475,-21429],[-9524,-21428],[-19047,-25000],[-14286,-21428],[-23809,0]]]}