{"type":"Topology","transform":{"scale":[0.00009554591090866381,0.000049222519642276905],"translate":[23.164431644316437,51.23536857576079]},"objects":{"BLR":{"type":"MultiPolygon","arcs":[[[0]]]}},"arcs":[[[52185,99690],[188,-343],[716,-857],[339,-515],[226,-240],[226,-69],[226,137],[340,618],[226,171],[1582,206],[565,-137],[189,-69],[113,-102],[150,-343],[377,-584],[76,-205],[113,-481],[37,-480],[113,-412],[302,-274],[791,-240],[226,68],[38,481],[264,308],[640,309],[641,446],[527,206],[603,-34],[565,-206],[528,-412],[301,-274],[1620,-515],[189,-103],[188,-206],[188,-274],[76,-206],[37,-137],[-37,-137],[-76,-35],[-75,0],[-75,-34],[-113,-69],[-76,-34],[-75,-68],[-75,-172],[-38,-206],[-75,-480],[-38,-206],[-226,-686],[-76,-309],[76,-446],[151,-274],[527,-515],[490,-823],[226,-103],[264,69],[829,1097],[1017,652],[264,69],[753,-206],[264,137],[414,858],[227,343],[414,274],[414,103],[415,-34],[1243,-515],[302,103],[452,515],[226,137],[188,-69],[377,-343],[189,-171],[2072,-755],[75,-103],[0,-171],[-37,-172],[-38,-171],[113,-172],[942,-480],[113,-103],[75,-137],[38,-275],[-38,-171],[-37,-172],[0,-171],[113,-309],[226,-137],[226,-69],[452,34],[113,-68],[113,-206],[113,-309],[301,-686],[302,-34],[339,206],[452,171],[415,-206],[226,-446],[37,-137],[76,-755],[-189,-720],[151,-103],[38,-34],[-76,-240],[-263,-240],[-38,-343],[75,-378],[151,-240],[151,-274],[0,-412],[-151,-240],[-603,-515],[-377,-549],[-150,-377],[-38,-377],[113,-275],[188,-171],[377,-206],[113,-240],[189,-755],[150,-274],[490,-412],[113,-172],[38,-103],[-38,-171],[0,-103],[38,-34],[113,-35],[38,-34],[37,-103],[38,-68],[0,-103],[-38,-206],[-75,-137],[-38,-138],[38,-171],[75,-137],[151,-412],[113,-480],[0,-412],[-264,-69],[-490,138],[-226,-35],[-37,-240],[75,-343],[151,-206],[75,-240],[-188,-411],[-189,-138],[-640,-171],[-264,-206],[38,-206],[113,-309],[-38,-514],[-151,-343],[-226,-275],[-226,-343],[-37,-583],[75,-309],[151,-137],[452,-171],[1582,-1338],[151,-309],[38,-377],[226,34],[904,-103],[226,-549],[415,-412],[-302,-789],[-527,-926],[-264,-892],[339,-274],[754,-240],[113,-275],[339,-103],[150,-411],[264,-1064],[113,-240],[151,-171],[113,-172],[75,-343],[76,-1166],[113,-584],[150,-308],[1621,-1475],[263,-275],[264,-103],[528,-171],[904,-549],[301,-103],[302,0],[113,-69],[113,-171],[75,-206],[75,-309],[114,-240],[113,-69],[263,206],[76,35],[75,-69],[0,-69],[0,-103],[264,-1063],[-76,-172],[0,-137],[0,-171],[-37,-137],[-113,-446],[-151,-1167],[-188,-514],[-415,-789],[-113,-481],[452,-34],[905,-343],[2223,686],[226,-69],[602,-514],[1319,-412],[377,-309],[339,-548],[151,-103],[490,34],[226,-34],[226,-138],[188,-308],[76,-137],[0,-172],[0,-137],[-76,-172],[-791,-446],[-75,-103],[0,-137],[37,-377],[113,-549],[189,-412],[226,-308],[301,-241],[528,-274],[226,-206],[188,-377],[76,-137],[75,-35],[75,35],[76,137],[188,34],[188,-34],[151,-103],[-38,-172],[-37,-206],[37,-240],[113,-34],[340,137],[113,0],[188,-480],[0,-172],[-151,-1303],[151,-652],[-226,-171],[-151,34],[-188,68],[-151,69],[-753,-206],[37,-68],[113,-172],[38,-68],[-302,-206],[-301,-69],[-339,34],[-264,172],[-264,-103],[-75,-240],[75,-206],[227,-69],[-76,-411],[-151,-378],[-339,-651],[-188,-241],[-188,-102],[-377,-138],[-339,-377],[-264,-446],[-264,-309],[-565,0],[-38,-68],[-37,-103],[0,-69],[0,-68],[0,-103],[-38,-103],[-38,-35],[-37,0],[-76,35],[-377,-69],[-301,-240],[-75,-69],[-377,35],[-754,343],[-301,-35],[-264,-171],[-264,-34],[-226,68],[-565,378],[-113,34],[-377,-34],[-113,68],[-188,309],[-113,823],[-113,378],[-189,102],[-489,0],[-189,69],[-640,275],[-226,34],[-189,-69],[-414,-274],[-226,0],[-528,103],[-490,0],[-376,-343],[-189,-995],[0,-240],[0,-35],[38,-205],[0,-206],[0,-206],[-113,-137],[-264,-69],[-113,-69],[-527,-960],[-227,-275],[792,-789],[188,-377],[264,-995],[226,-411],[339,-378],[339,-274],[302,-103],[263,-34],[76,-172],[37,-274],[76,-309],[150,-240],[113,-138],[113,-137],[114,-411],[0,-858],[-227,-377],[-715,-481],[113,-308],[452,-755],[339,-823],[113,-241],[377,-377],[150,-240],[-37,-206],[-151,-34],[-377,103],[-151,0],[38,-69],[151,-240],[-189,-103],[-113,-171],[38,-206],[151,-172],[226,-206],[0,-514],[-38,-618],[-37,-514],[113,-206],[75,-172],[75,-240],[38,-343],[-75,-274],[-113,-275],[-113,-206],[-151,-137],[301,-549],[189,-205],[188,-172],[188,-103],[340,-68],[188,-103],[-113,-172],[-75,-274],[-38,-275],[38,-309],[75,-205],[113,-103],[527,-446],[113,-275],[38,-411],[0,-618],[-1206,-68],[-1846,446],[-942,-35],[-829,-377],[-226,-343],[-150,-412],[-151,-343],[-264,-137],[-264,137],[-452,480],[-264,172],[-414,68],[-1432,-102],[-264,-103],[-150,-206],[75,-343],[-75,-103],[-38,-103],[0,-103],[-38,-103],[302,-34],[113,-275],[-113,-274],[-264,-34],[-75,137],[-38,34],[-75,-34],[-76,-103],[-113,-103],[0,-137],[0,-103],[0,-69],[-113,-171],[-113,-137],[-113,-138],[-151,-103],[-301,-137],[0,-68],[0,-138],[75,-68],[0,-172],[-150,-206],[-76,-137],[-113,-68],[-301,34],[-76,-34],[-37,-103],[0,-206],[-38,-172],[-226,-137],[-75,-137],[-38,-137],[-75,-69],[0,-69],[-226,-343],[-76,-137],[-37,-68],[0,-69],[75,-206],[0,-309],[-189,-240],[-226,-171],[-150,-206],[226,-103],[75,-34],[0,-138],[-113,-137],[-38,-240],[0,-274],[-75,-172],[-113,-69],[-301,0],[-151,-68],[75,-275],[-113,-411],[38,-309],[-75,-69],[-76,-171],[-38,-34],[0,-69],[38,-206],[-113,-68],[-301,-344],[0,-137],[188,-206],[113,-68],[0,-137],[-113,-35],[-38,-34],[-37,-34],[-38,-35],[0,-137],[113,-206],[339,-103],[189,-102],[-76,-241],[-75,-103],[-75,-68],[113,-137],[113,-138],[75,-137],[-75,-171],[37,-240],[113,-172],[113,-69],[76,-68],[0,-137],[-113,34],[-113,-69],[-76,-137],[-37,-240],[37,-240],[76,-69],[113,0],[113,-103],[75,-137],[75,-583],[76,-103],[75,-137],[0,-103],[-151,-69],[76,-549],[-302,-377],[-301,-309],[-38,-274],[-188,-412],[-38,-34],[0,-480],[0,-35],[-38,-103],[-113,-34],[-75,172],[-151,171],[-113,103],[-150,69],[-151,-35],[-151,69],[-226,412],[-151,171],[-150,69],[-339,0],[-151,68],[-151,138],[-301,514],[-76,206],[38,34],[75,412],[0,171],[0,206],[0,172],[-37,137],[-38,137],[-151,137],[-527,309],[-151,206],[-377,652],[-301,274],[-302,69],[-1469,-34],[-226,-69],[-641,-412],[-150,0],[-151,137],[-113,0],[-113,-102],[-188,-412],[-114,-137],[-188,-69],[-942,206],[-151,206],[-75,308],[-188,378],[-151,171],[-226,35],[-264,-69],[-188,-103],[-226,-240],[-151,-240],[-151,-240],[-264,-137],[-263,-35],[-151,-68],[-75,-241],[-151,-514],[-188,-309],[-189,0],[-452,206],[-264,-103],[-263,-274],[-114,-138],[-226,-103],[-263,172],[-113,377],[-76,446],[-113,378],[-226,308],[-188,138],[-76,240],[113,549],[-37,514],[-113,343],[-377,618],[-188,754],[-151,241],[-264,205],[-414,103],[-189,0],[-226,-103],[-188,-240],[-264,-617],[-188,-275],[-302,-137],[-640,0],[-302,-68],[-339,-241],[-339,-308],[-264,-446],[-226,-549],[-37,-343],[37,-755],[-37,-309],[-189,-274],[-113,206],[-75,377],[-76,275],[-150,0],[-113,-103],[-151,-69],[-188,103],[-114,206],[-75,274],[-151,1132],[-37,412],[-76,274],[-263,138],[-942,240],[-302,0],[-264,-103],[-527,-446],[-264,-309],[-113,-69],[-151,69],[-75,137],[-113,583],[-38,206],[-150,172],[-302,240],[-113,137],[-113,240],[0,172],[0,171],[-37,206],[-151,206],[-189,34],[-263,-137],[-226,-240],[-189,-412],[-339,-789],[-264,-274],[-188,-69],[-1017,0],[-189,69],[-226,103],[-603,857],[-226,138],[-264,-35],[-188,-240],[-113,-343],[-75,-412],[0,-240],[37,-240],[0,-206],[-37,-274],[-76,-137],[-490,-789],[-113,-138],[-150,-34],[-151,69],[-188,171],[-113,206],[-76,103],[0,34],[339,1030],[76,514],[-113,446],[-189,103],[-565,34],[-1130,549],[-377,0],[-188,-137],[-302,-377],[-226,-138],[-226,-34],[-603,137],[-414,-171],[-226,0],[-151,137],[75,343],[151,446],[38,343],[-339,103],[-227,-34],[-226,34],[-150,171],[-76,378],[0,549],[38,446],[-75,308],[-302,206],[-414,103],[-942,34],[-1055,-446],[-678,138],[-1960,1063],[-2336,103],[-113,69],[-151,240],[-37,206],[37,171],[0,137],[-113,69],[-2449,137],[-301,172],[-678,720],[-302,69],[-753,0],[-2223,480],[-867,-206],[-1432,35],[-2034,34],[-1771,583],[-490,0],[-452,-206],[-942,-583],[-2939,-583],[-226,0],[-641,206],[-2600,-240],[-226,-103],