{"type":"Topology","transform":{"scale":[0.000014544290884363348,0.00002610566564904298],"translate":[-89.23589235892359,15.879937698956823]},"objects":{"BLZ":{"type":"MultiPolygon","arcs":[[[0]],[[1]],[[2]],[[3]],[[4]],[[5]],[[6]],[[7]],[[8]],[[9]]]}},"arcs":[[[98514,54980],[0,-906],[-495,0],[0,453],[0,130],[-495,-65],[-248,-129],[0,-130],[-247,-259],[0,2329],[-248,970],[-742,388],[990,453],[742,-711],[1238,-1811],[-495,-324],[0,-388]],[[79702,62224],[495,-517],[0,-388],[-247,-194],[0,-194],[-248,-388],[-495,64],[-247,324],[0,776],[0,194],[-743,-65],[-495,130],[-495,258],[0,195],[-248,129],[0,259],[495,129],[991,-194],[1237,-518]],[[99504,63259],[495,-711],[-495,-582],[-1238,-1553],[-990,-646],[-742,-647],[-990,-324],[-1238,582],[-743,-646],[-990,-388],[-742,-453],[-495,-906],[-495,-1746],[0,-259],[-495,-388],[-248,-453],[0,-582],[-990,517],[248,130],[0,129],[0,130],[247,194],[0,776],[743,1358],[247,1811],[495,647],[990,453],[1238,453],[1485,776],[495,0],[990,-194],[990,-65],[743,324],[495,776],[0,776],[-495,517],[-743,-388],[-742,-194],[-495,65],[0,194],[742,1035],[743,0],[990,-130],[990,-388]],[[81930,64100],[-495,0],[-248,388],[-742,906],[-743,2070],[990,-388],[495,-971],[743,-2005]],[[75742,68628],[-2228,-65],[0,130],[0,129],[495,259],[1485,323],[3713,1423],[990,194],[-742,-1229],[-1485,-776],[-2228,-388]],[[86880,84022],[-742,-64],[0,194],[495,388],[247,129],[248,0],[247,130],[248,-130],[0,-388],[-743,-259]],[[88860,84799],[-495,-259],[-247,65],[0,194],[-248,129],[248,129],[247,130],[495,129],[0,259],[248,129],[0,65],[248,-194],[0,-388],[-496,-388]],[[95544,87192],[-248,-841],[-742,-453],[-496,-453],[-1485,-2069],[-742,-647],[-495,129],[-495,130],[0,-389],[-248,-323],[-495,-194],[-495,-129],[0,-259],[495,-582],[495,517],[248,259],[0,323],[495,0],[-495,-1681],[-1485,-1488],[-1981,-1164],[-2970,-388],[0,258],[743,0],[247,0],[2475,970],[743,647],[495,971],[-1238,0],[495,1164],[1238,2393],[0,194],[495,129],[248,195],[0,258],[247,388],[990,2006],[495,388],[1238,-259],[1485,517],[743,-517]],[[93563,88938],[0,-194],[-247,-388],[-743,-388],[-247,129],[247,647],[248,259],[247,-65],[0,65],[-247,129],[0,65],[247,0],[248,0],[247,-65],[0,-194]],[[64108,99676],[0,-194],[1238,-518],[-1485,-970],[-5198,-2005],[-495,-582],[742,-583],[990,-64],[3218,841],[-247,-583],[-743,-582],[-1485,-1099],[-495,-324],[247,-194],[495,65],[496,194],[1237,711],[2228,841],[1237,324],[991,64],[1732,-64],[1980,-518],[743,-194],[1485,130],[2228,776],[2227,388],[743,65],[495,-130],[-247,-582],[-248,-323],[-1485,-582],[-1485,-324],[-248,-194],[0,-388],[495,-129],[495,129],[495,453],[495,258],[743,130],[743,65],[247,-195],[495,-4527],[-495,-3493],[-247,-647],[-991,-906],[-247,-582],[-2475,-3492],[-1238,-453],[-2970,-2976],[495,-1035],[-743,-3169],[-1732,-3169],[-495,-647],[-1733,-1100],[-743,-711],[-495,-841],[495,-906],[743,-453],[2475,-711],[495,-518],[743,-323],[2723,-323],[742,-259],[-990,-776],[-1733,0],[-1732,129],[-743,-323],[-247,-582],[-990,-1876],[-1733,-3234],[-743,-3881],[0,-777],[-247,-1487],[495,-841],[247,-712],[0,-64],[0,-388],[495,-841],[248,-518],[495,-194],[1485,-258],[990,-583],[495,-711],[248,-841],[247,-1229],[495,-906],[-247,-452],[-495,-130],[-495,65],[-743,-129],[-742,-388],[-991,-583],[-742,-711],[-248,-582],[248,-712],[1238,-1099],[247,-712],[248,0],[247,-65],[248,-194],[-248,-194],[-247,-64],[-743,64],[-495,0],[-743,-388],[-495,-258],[0,-324],[-247,-194],[-248,-194],[-247,-259],[-248,-388],[0,-453],[248,-582],[247,-388],[-742,-2716],[-248,-453],[-742,-324],[-743,-452],[-742,-1617],[-248,-453],[-248,-647],[496,-970],[-496,-388],[-495,-324],[-247,0],[-248,582],[1981,4334],[1237,647],[495,388],[-1732,-453],[-1981,-2522],[-1485,-971],[495,0],[990,-258],[-495,-130],[-495,-64],[-247,64],[-743,130],[248,-324],[0,-194],[495,0],[742,0],[0,-259],[-742,-258],[-495,-388],[-248,-453],[248,-194],[247,-259],[-1237,-582],[-1485,-1488],[-1238,-323],[-248,-194],[0,-906],[0,-194],[-495,-129],[-247,0],[-248,64],[0,65],[-495,-194],[0,-65],[-247,-64],[-248,-194],[-742,-1165],[-495,-194],[-495,-129],[-1733,-1294],[-248,-194],[-247,-517],[-248,-194],[0,-130],[0,-323],[0,-65],[-247,-64],[-495,64],[-248,0],[-247,-129],[-743,-65],[-247,-129],[-248,-129],[-247,-583],[0,1553],[-495,0],[-496,-841],[-990,-129],[-990,323],[-495,517],[-247,194],[-495,65],[-495,-65],[-248,-64],[-247,-130],[0,-646],[0,-259],[-495,-130],[-2476,-129],[-247,-194],[-495,-129],[-495,-194],[-743,-65],[-990,-259],[-247,-582],[0,-1488],[-248,-776],[-495,-582],[-990,-388],[-1238,-129],[-495,-65],[-247,-259],[-495,-259],[-248,-711],[-495,-194],[-495,-129],[-743,-194],[-742,-324],[-248,-194],[-247,-259],[-248,-452],[0,-389],[-247,-323],[-1733,-323],[-1237,-324],[-991,-517],[-742,-518],[-248,-970],[1238,-1617],[-248,-906],[-2475,-517],[-6188,841],[-2227,0],[-1981,-194],[-5198,129],[-1237,-259],[-495,-64],[-990,-130],[-495,-194],[-248,-64],[-495,452],[0,518],[0,1811],[1980,8862],[990,7955],[495,3946],[1238,10737],[1238,9961],[0,10867],[-496,10673],[-247,8279],[0,3299],[495,1552],[1485,1100],[5693,1099],[1485,-258],[990,-582],[990,-583],[1238,-452],[743,-65],[990,65],[495,-65],[990,-1100],[990,-323],[2723,-906],[495,130],[495,323],[247,841],[248,259],[3713,1423],[495,388],[990,1488],[495,388],[990,452],[743,259],[990,324],[495,582],[247,388],[248,905],[247,388],[1733,1488],[247,453],[-247,517],[-248,130],[1981,776],[1980,517],[742,324],[743,582],[247,453],[0,129],[0,582],[248,647],[742,647],[2228,1294],[743,711],[247,453],[248,970],[742,906],[248,1164],[495,388],[495,323],[1980,841],[743,0],[742,-194],[743,-129],[495,65],[1485,258],[743,194],[495,65],[247,-65],[743,-323],[495,-194],[247,65],[495,129],[495,65],[4208,0],[495,0]]]}