{"type":"Topology","transform":{"scale":[0.00000183603672055075,0.0000012495596753099571],"translate":[-64.860048600486,32.26420294862865]},"objects":{"BMU":{"type":"MultiPolygon","arcs":[[[0]]]}},"arcs":[[[99999,99999],[-1961,-9459],[-3921,-6757],[-9804,-10811],[0,-13513],[-7843,-16216],[-11765,-14865],[-7843,-5405],[-5882,-2703],[-15686,-16216],[-7843,-2703],[-15686,-1351],[-5883,2703],[-5882,4054],[29411,5405],[13726,6757],[-5882,9459],[5882,2703],[9804,6756],[5882,1352],[29411,48648],[11765,12162]]]}