{"type":"Topology","transform":{"scale":[0.00012200644011660168,0.00013216626457636464],"translate":[-69.6660966609666,-22.896550726629485]},"objects":{"BOL":{"type":"MultiPolygon","arcs":[[[0]]]}},"arcs":[[[94304,20672],[0,191],[118,397],[30,166],[-30,319],[30,166],[-30,230],[-147,434],[0,243],[29,256],[-29,102],[-89,89],[-324,179],[-768,409],[-767,422],[-767,409],[-767,408],[-767,422],[-738,409],[-767,421],[-767,409],[-413,230],[-237,141],[-265,153],[-148,38],[-678,-12],[-1535,-13],[-1534,-26],[-1564,-12],[-1534,-13],[-679,-13],[-1239,-230],[-2774,-524],[-2773,-536],[-2774,-524],[-2774,-524],[-177,-26],[-383,-51],[-384,-51],[-177,-25],[-738,-90],[-118,-51],[-59,-89],[-147,-371],[-236,-562],[-236,-549],[-236,-563],[-237,-549],[-88,-192],[-118,-204],[-59,-89],[-30,-103],[-118,-191],[-147,-179],[-118,-192],[-148,-179],[-147,-178],[-354,-460],[-354,-460],[-384,-460],[-354,-460],[-177,-217],[-177,-218],[-295,-396],[-89,-204],[30,-690],[0,-664],[0,-729],[29,-1098],[-29,-499],[-266,-779],[-265,-779],[-295,-856],[-296,-869],[-265,-805],[-384,-1099],[-324,-856],[-354,-1035],[-207,-664],[-236,-715],[-177,-384],[-89,26],[0,51],[-29,64],[-30,76],[-88,90],[-354,204],[-384,166],[-118,103],[-59,140],[0,243],[-59,89],[30,64],[0,77],[-59,281],[-30,77],[-118,12],[-354,64],[-1210,-51],[0,-13],[-2596,13],[-2567,13],[-325,-38],[-118,-64],[-384,-294],[-88,38],[-354,256],[-148,64],[-767,51],[-236,-39],[-118,-51],[0,-13],[-29,-51],[-60,-166],[-29,-153],[-30,-51],[-59,-64],[-88,-26],[-30,-12],[-59,-26],[-59,-128],[-147,-421],[-236,-562],[-59,-77],[-177,-77],[-59,-64],[-620,-1367],[-177,-242],[-443,-345],[-118,-179],[-354,-1137],[0,-550],[-59,-140],[-206,-588],[29,-89],[-177,51],[-29,357],[-89,103],[59,191],[-29,205],[-118,166],[-177,64],[-89,64],[-206,408],[-89,52],[-59,25],[-59,38],[-29,115],[0,90],[59,140],[0,77],[29,89],[59,64],[89,77],[0,115],[-443,383],[-118,141],[-59,166],[-30,51],[-147,89],[-59,52],[0,76],[88,141],[-29,89],[-118,77],[-148,102],[-118,141],[89,178],[88,103],[59,102],[0,128],[-59,153],[-88,89],[-207,230],[-88,51],[-148,26],[-206,77],[-148,102],[-177,25],[-59,26],[-59,-13],[-147,-64],[-89,-12],[-325,76],[-560,281],[-1564,307],[-1387,-13],[-2183,-25],[-443,38],[-561,77],[-59,-13],[-59,-26],[-29,-38],[-59,-26],[-1151,-115],[-236,77],[-236,141],[-1062,1073],[-177,89],[-768,115],[-29,39],[-89,357],[-265,243],[-354,153],[-679,192],[-147,-38],[-413,-1252],[-60,-703],[-29,-115],[-59,-90],[-30,0],[-29,13],[-89,-13],[-88,-38],[-59,-64],[-59,-64],[-30,-76],[-206,-128],[-1062,-281],[-974,-217],[-30,-39],[-29,-51],[0,-51],[-59,-13],[-118,39],[-177,12],[-89,39],[-88,0],[-118,-39],[-177,-140],[-118,-153],[-59,-179],[-89,-562],[-59,-167],[-118,-114],[0,-64],[30,-218],[0,-76],[-89,-64],[-915,-243],[-206,-102],[-177,-153],[-89,-103],[-88,-51],[-148,-25],[-177,13],[-147,-13],[88,-703],[-29,-166],[-89,-115],[-620,-422],[-236,-242],[-413,-601],[-2596,-485],[-295,-51],[-591,-26],[-1268,64],[-266,77],[-59,51],[-177,230],[-29,0],[-325,51],[-89,115],[-29,191],[0,588],[265,1124],[0,154],[-265,421],[-59,384],[-59,153],[-325,498],[-59,153],[0,154],[148,472],[0,141],[-89,192],[-236,281],[-29,76],[29,77],[118,128],[30,64],[-30,166],[-118,179],[-118,166],[-177,89],[-413,332],[-177,166],[-88,90],[-30,102],[-88,1252],[-178,575],[-501,805],[-59,268],[29,1840],[-118,332],[-1711,2453],[-118,115],[-177,39],[-354,-13],[-118,13],[-177,89],[-177,102],[-148,320],[0,971],[59,178],[118,154],[561,434],[0,128],[-236,179],[-207,76],[-383,218],[-856,345],[-177,127],[-177,166],[-177,205],[-118,230],[-30,230],[89,204],[206,128],[443,141],[-325,498],[-88,255],[29,294],[30,217],[-30,77],[-265,51],[-236,141],[-30,140],[118,128],[1003,268],[266,26],[118,-13],[89,-25],[59,0],[88,76],[30,90],[88,255],[0,141],[177,357],[0,115],[0,39],[-29,51],[-30,102],[-29,217],[0,64],[-59,102],[-89,51],[-236,90],[-147,89],[-266,243],[-384,268],[-59,90],[0,140],[118,154],[354,268],[148,128],[443,587],[354,486],[177,217],[118,102],[324,128],[59,51],[-59,153],[-118,141],[-177,141],[-885,562],[-295,102],[-207,128],[-295,434],[-206,179],[-767,588],[-266,166],[-384,115],[-118,64],[-88,115],[-177,396],[-148,242],[-118,103],[-118,63],[236,294],[59,141],[30,166],[-30,77],[-472,843],[0,13],[0,12],[59,103],[30,102],[-30,102],[-59,89],[-177,307],[-88,371],[0,396],[59,357],[0,179],[-59,154],[-295,447],[-30,115],[30,421],[0,64],[-148,320],[0,63],[0,77],[-29,179],[-89,128],[-236,230],[-118,357],[236,218],[295,217],[59,319],[0,13],[-88,115],[-89,0],[-118,-51],[-177,0],[-148,38],[-118,51],[-265,128],[-177,38],[-59,26],[-59,51],[-177,166],[-118,-25],[-118,-64],[-89,0],[-118,179],[-88,281],[0,562],[-59,268],[-207,345],[-295,294],[-649,524],[-177,230],[-89,281],[-29,588],[0,12],[29,537],[-29,268],[-89,217],[-118,141],[-177,153],[-324,230],[-118,39],[-443,51],[148,191],[118,422],[88,166],[30,13],[147,25],[59,13],[443,358],[236,153],[236,77],[236,38],[206,77],[177,179],[60,115],[-60,51],[-59,25],[-29,39],[29,76],[59,51],[355,179],[88,102],[207,422],[855,792],[118,153],[148,409],[59,115],[147,64],[296,26],[147,38],[472,217],[148,90],[118,166],[118,115],[-236,268],[-30,128],[30,230],[-30,447],[30,153],[59,128],[236,243],[265,128],[915,319],[177,255],[-88,205],[-177,115],[-414,153],[-354,332],[-177,103],[-236,-77],[-265,77],[-89,12],[-88,-25],[-148,-115],[-88,-38],[-236,0],[-177,63],[-178,103],[-147,115],[-295,319],[-177,409],[-354,779],[-354,780],[-354,779],[-325,779],[-118,230],[-30,230],[59,217],[532,716],[29,153],[30,153],[59,154],[88,128],[89,38],[236,76],[59,26],[0,77],[-89,217],[30,128],[147,153],[148,128],[265,89],[118,281],[148,13],[206,-13],[118,90],[30,140],[-207,179],[-206,256],[-118,115],[-502,319],[-118,128],[-472,651],[-147,115],[-177,141],[-30,140],[30,141],[118,281],[29,51],[-29,626],[0,128],[88,102],[177,102],[443,115],[147,64],[118,217],[30,971],[118,154],[147,12],[207,-38],[177,0],[29,77],[0,358],[0,127],[59,26],[148,38],[59,26],[325,332],[147,115],[531,255],[177,141],[-29,153],[-118,154],[-59,127],[-30,294],[30,154],[29,127],[207,128],[295,64],[531,64],[177,153],[-59,268],[-177,511],[-59,256],[-59,115],[-89,115],[-442,255],[-89,141],[-59,243],[0,281],[-29,255],[-148,192],[-88,294],[-30,102],[30,115],[59,89],[0,90],[-89,115],[-442,319],[-177,217],[118,179],[88,0],[266,-38],[88,13],[59,89],[0,90],[0,89],[30,102],[59,90],[177,166],[59,102],[59,179],[59,192],[-30,166],[89,1482],[-118,600],[0,294],[59,907],[-30,102],[-88,741],[0,333],[29,166],[266,178],[88,192],[89,141],[206,-26],[89,217],[118,154],[177,102],[679,166],[59,64],[177,345],[-59,76],[-266,77],[-88,64],[0,128],[88,102],[118,89],[236,115],[118,103],[89,115],[88,115],[30,140],[59,77],[88,38],[-59,64],[-206,319],[-856,1380],[-856,1367],[-855,1367],[-856,1367],[-856,1380],[-855,1367],[-827,1367],[-855,1367],[-30,51],[-29,51],[-30,39],[-29,51],[-30,51],[-29,38],[-30,51],[-29,52],[590,-26],[324,26],[561,127],[266,-38],[265,-77],[295,-38],[472,13],[649,-64],[296,-64],[295,26],[118,-26],[619,-243],[30,0],[88,0],[30,0],[177,13],[413,-102],[177,-13],[207,38],[236,77],[206,38],[266,-64],[118,-63],[-118,-166],[-89,-192],[-59,-192],[30,-306],[29,-77],[59,-38],[148,0],[1180,217],[207,102],[442,281],[354,102],[118,26],[148,0],[147,-26],[118,26],[266,230],[147,64],[384,38],[148,51],[147,115],[177,141],[118,166],[118,153],[207,447],[118,154],[472,447],[295,498],[118,115],[177,128],[266,115],[118,38],[147,13],[236,-39],[974,39],[118,-13],[118,-26],[148,-89],[324,-230],[177,-51],[266,64],[147,217],[59,268],[89,230],[88,90],[266,179],[88,115],[177,230],[89,102],[118,102],[177,51],[295,128],[325,102],[177,102],[118,115],[118,141],[59,89],[0,64],[0,51],[88,77],[89,13],[354,12],[88,13],[89,26],[59,51],[29,64],[-59,166],[30,64],[118,64],[177,25],[354,13],[148,-26],[324,-76],[118,0],[118,51],[59,89],[30,90],[59,51],[88,25],[177,13],[89,13],[384,192],[1327,1239],[1063,766],[177,77],[649,230],[88,51],[30,64],[29,77],[30,76],[59,64],[88,26],[974,153],[502,-38],[147,25],[177,51],[325,179],[147,51],[797,103],[148,51],[265,153],[118,51],[472,51],[30,-13],[29,-38],[30,-25],[59,-13],[29,38],[59,90],