{"type":"Topology","transform":{"scale":[0.0000022680453606804135,0.0000029381538311341586],"translate":[-59.65439654396543,13.0515707719033]},"objects":{"BRB":{"type":"MultiPolygon","arcs":[[[0]]]}},"arcs":[[[99999,36781],[-1587,-11494],[-11111,-8621],[-7937,-4597],[-6349,-2874],[-9524,-7471],[-3174,0],[-3175,0],[-1587,-575],[-3175,-1149],[-4761,5747],[-7937,3448],[-9524,1724],[-6349,0],[-3174,575],[-6349,2874],[-4762,7471],[-6349,14942],[-3175,45977],[1587,5172],[3175,4598],[6349,5172],[7936,2299],[7937,-3448],[4762,-6897],[3174,-3448],[3175,-5172],[7936,-13793],[6349,-6322],[7937,-4598],[11111,-6321],[6349,-2874],[9524,-2299],[7936,-2873],[4762,-5173]]]}