{"type":"Topology","transform":{"scale":[0.000013608272164082482,0.000010418625941435602],"translate":[114.00054000540007,4.015993800760981]},"objects":{"BRN":{"type":"MultiPolygon","arcs":[[[0]],[[1]]]}},"arcs":[[[84126,85737],[0,-2269],[794,-973],[1058,-486],[794,-810],[1851,-3566],[4762,-17990],[529,-2269],[-264,-1783],[-529,-3728],[0,-3727],[264,-4052],[1058,-3890],[1588,-2917],[2645,-3080],[1058,-2107],[265,-1944],[-1058,-1621],[-1587,162],[-1852,972],[-1323,1135],[-529,324],[-1587,-162],[-530,486],[-1322,1297],[-529,324],[-2117,-324],[-1587,324],[-4233,2107],[-1058,810],[-529,1459],[-794,9400],[-793,3728],[-2646,7455],[-529,3728],[-264,7941],[529,7618],[1322,-1945],[1323,1134],[1587,2107],[1588,1135],[1587,486],[0,1135],[-529,1458],[-529,1621],[264,810],[265,325],[793,162],[794,0]],[[0,56239],[18518,-810],[5556,1297],[5026,3727],[7143,3404],[2645,1134],[1588,2107],[1058,2755],[2645,3404],[8995,9238],[2646,2269],[12433,9725],[9524,5186],[1852,324],[1323,-810],[0,-1135],[-1059,-1134],[-2116,-1297],[-794,-1297],[-1058,-3727],[-264,-1135],[-529,-1296],[-2381,-2918],[-530,-1458],[-1851,-2107],[-265,-1621],[0,-1459],[-529,-1458],[-1058,-973],[-1323,-162],[-1323,324],[-1322,162],[-1588,-648],[-1322,-972],[-2381,-3080],[-1323,-972],[-2646,-1459],[-793,-810],[0,-1621],[529,-1783],[1323,-3565],[529,-1945],[264,-2107],[265,-11345],[529,-3404],[1323,-2755],[1322,-648],[1059,162],[529,-486],[0,-2594],[-794,-3727],[-529,-1621],[-794,-1621],[-1852,-2269],[-264,-486],[-529,-972],[0,-1945],[2381,1296],[264,-1782],[-529,-1783],[-1852,-3242],[-264,-1783],[-529,-4051],[-529,-1297],[-6879,-8428],[-3439,-2755],[-2910,486],[-529,811],[-529,2431],[-264,972],[-530,648],[-1587,1459],[-4762,5511],[-1058,1944],[-529,1783],[-1587,6159],[-1058,1297],[-1323,0],[-2910,-649],[-3175,811],[-2645,162],[-265,972],[0,1459],[0,486],[1058,1135],[265,972],[-529,4376],[-794,1945],[0,2593],[-793,2755],[-265,973],[-794,1134],[-264,648],[0,811],[-265,648],[-529,162],[-1058,162],[-529,162],[-529,1945],[-794,811],[-1852,972],[-2381,2431],[-1587,973],[-3968,810],[-4762,3079]]]}