{"type":"Topology","transform":{"scale":[0.0000335886717700764,0.000016615766493310628],"translate":[88.72828728287283,26.696963689825395]},"objects":{"BTN":{"type":"MultiPolygon","arcs":[[[0]]]}},"arcs":[[[86494,63922],[-214,-2540],[-1393,-3557],[-215,-2338],[643,-4370],[322,-813],[857,-1321],[215,-914],[536,-1017],[643,-406],[750,-203],[643,-509],[536,-1219],[0,-1016],[107,-407],[965,203],[2250,1423],[858,204],[1072,-102],[321,203],[965,1220],[321,203],[643,-1423],[2573,-8638],[107,-711],[-107,-1118],[-965,-1423],[-429,-813],[-107,-610],[-107,-1118],[-107,-508],[-107,-508],[-429,-711],[-107,-203],[0,-204],[-215,-914],[-214,-1017],[-107,-1117],[0,-1118],[429,-1931],[1500,-2744],[429,-1931],[536,-3455],[-107,-915],[-215,-2032],[-1072,-1931],[-1822,-508],[-535,406],[-965,1524],[-536,305],[-429,-203],[107,-813],[0,-813],[-643,-610],[322,-813],[0,-914],[-214,-712],[-429,102],[-322,813],[-107,1016],[-214,813],[-536,610],[-858,-305],[-1929,-2236],[-857,-813],[-1394,-304],[-536,0],[-1286,711],[-536,0],[-1071,-711],[-536,0],[-429,609],[-643,2643],[-322,812],[-428,204],[-1179,101],[-429,-101],[-536,-610],[-321,-1016],[-215,-1017],[-321,-1117],[-429,-712],[-429,-609],[-536,-407],[-536,-203],[-536,0],[-428,305],[-858,914],[-1071,407],[-2144,0],[-965,203],[-964,0],[-1394,-1219],[-214,-204],[-1822,-101],[-6860,-712],[-3751,712],[-3430,3150],[-2679,3557],[-1072,305],[-536,-305],[-429,-610],[-428,-813],[-536,-610],[-536,-304],[-1072,0],[-536,0],[-964,-1220],[-751,-3659],[-750,-1219],[-1179,-508],[-3430,-610],[-1822,-915],[-643,-101],[-321,0],[-643,406],[-215,102],[-107,102],[-214,305],[-215,0],[-107,-204],[-107,-305],[0,-305],[0,-101],[0,-102],[0,-406],[-107,-407],[-215,-203],[-107,0],[-214,203],[-107,0],[-1179,0],[-215,0],[-428,203],[-1608,1220],[-643,102],[-1072,-813],[-536,0],[-429,508],[536,1727],[-107,1017],[-750,1118],[-1179,813],[-1179,304],[-1929,-406],[-965,1016],[-1179,1423],[-857,1016],[-1179,-610],[-429,102],[-429,-102],[-214,-406],[-322,-610],[-428,-406],[-751,-407],[-857,-203],[-1715,203],[-965,508],[-428,813],[-215,1220],[-428,1524],[-429,1016],[-750,915],[-643,610],[-644,-102],[-321,-406],[-322,-102],[-321,0],[-322,406],[-214,610],[0,508],[0,712],[-107,711],[-429,1118],[-643,-102],[-536,-914],[-536,-1118],[-107,2947],[0,3354],[-214,1524],[-322,1321],[-750,915],[-1822,1829],[-322,406],[-107,102],[322,1728],[428,1931],[643,1727],[751,915],[1822,915],[428,609],[215,305],[321,1728],[643,914],[1072,-101],[643,-1017],[751,1118],[-536,1423],[-536,2338],[-322,2439],[215,1422],[214,1321],[536,813],[-107,305],[-108,610],[-107,610],[107,813],[429,406],[429,712],[-107,609],[428,915],[536,203],[107,915],[429,915],[322,406],[857,610],[322,-102],[107,-102],[107,0],[322,-203],[107,-203],[107,711],[857,2338],[1287,3861],[535,2440],[215,2235],[964,1220],[1287,914],[1071,1525],[965,2439],[1393,4776],[108,407],[750,2134],[429,1016],[535,813],[536,407],[643,813],[1287,3150],[535,610],[644,305],[3537,1219],[1071,915],[536,1727],[215,915],[535,711],[965,1118],[214,508],[536,1220],[215,508],[321,305],[215,-203],[1071,1117],[1072,-508],[536,610],[643,203],[2358,1423],[1608,-610],[857,-813],[643,203],[751,1423],[750,610],[1072,-1423],[0,-2134],[857,-2337],[1179,-305],[750,2642],[965,0],[857,-1016],[1179,0],[1501,-1931],[1286,-203],[1179,-813],[214,-2033],[-857,-609],[-536,-1931],[-1072,-204],[-857,-1727],[-322,-3151],[536,102],[536,0],[1929,-508],[643,203],[751,203],[857,813],[536,204],[429,-204],[1286,-1524],[857,-407],[965,-406],[1929,-203],[1715,-712],[1501,-2235],[428,-813],[965,-915],[1286,-203],[1286,508],[751,1423],[428,1118],[1286,2642],[536,711],[751,305],[750,-203],[750,101],[643,1118],[536,-2134],[965,-1524],[2251,-2134],[535,-407],[322,-101],[429,-204],[1071,0],[1179,-813],[1287,-305],[643,-304],[643,-610],[428,-610],[429,-1423],[-107,-1118],[-322,-1219],[-214,-1524],[-107,-1322],[214,-4268]]]}