{"type":"Topology","transform":{"scale":[0.00009370987418811291,0.00009109965470671864],"translate":[19.978399783997844,-26.891724547171947]},"objects":{"BWA":{"type":"MultiPolygon","arcs":[[[0]]]}},"arcs":[[[56357,99869],[-422,-945],[0,-315],[77,-260],[307,-760],[423,-741],[307,-297],[346,-222],[345,-260],[193,-389],[345,-852],[346,-556],[115,-223],[77,-463],[77,-149],[115,-222],[692,-723],[384,-241],[154,-148],[499,-704],[307,-279],[423,-203],[269,-223],[115,-389],[39,-816],[384,-815],[1344,-1186],[308,-853],[0,-19],[-39,-222],[-192,-408],[-38,-222],[38,-278],[115,-204],[231,-427],[346,-426],[230,-482],[1037,-2817],[269,-408],[423,-241],[461,-130],[576,0],[115,-55],[116,-74],[76,-93],[116,-148],[0,-74],[-77,-241],[-77,-130],[-77,-37],[0,-19],[154,-92],[77,-38],[307,-55],[269,-130],[269,-445],[230,-185],[192,-74],[423,-93],[192,-74],[423,-278],[192,-185],[77,-204],[76,-241],[154,-149],[192,-92],[500,-130],[153,-93],[39,-37],[77,-74],[153,-204],[154,-167],[192,-92],[192,-37],[269,0],[384,-75],[1229,-593],[385,-74],[345,0],[346,-37],[346,-185],[115,-111],[154,-241],[115,-93],[154,-56],[115,0],[77,0],[153,0],[231,-37],[192,-55],[192,-130],[154,-185],[538,-1354],[192,-1297],[-154,-1576],[384,204],[384,37],[1230,0],[845,-111],[615,111],[345,-166],[423,0],[192,-75],[154,-148],[77,-204],[0,-426],[-154,-389],[-77,-390],[269,-871],[38,-445],[-192,-889],[-38,-111],[-77,-93],[-77,-111],[0,-149],[0,-111],[-38,-259],[0,-112],[77,-611],[0,-223],[-116,-593],[0,-185],[77,-204],[346,-482],[192,-167],[730,-537],[307,-371],[269,-426],[384,-445],[116,-148],[0,-93],[0,-167],[38,-74],[77,-111],[154,-186],[307,-611],[38,-130],[-38,-74],[-77,-130],[-38,-111],[38,-19],[77,-18],[77,-74],[-77,-130],[38,-111],[77,-19],[39,19],[76,-37],[39,-93],[115,-223],[77,-111],[115,-130],[154,-92],[153,-56],[615,-37],[807,-148],[1268,-19],[422,-74],[423,-148],[845,-426],[230,-56],[193,37],[153,56],[384,92],[116,56],[115,18],[346,-74],[307,-37],[154,-55],[422,-315],[500,-149],[1536,-686],[346,-92],[653,-37],[307,-74],[193,-112],[422,-129],[154,-149],[38,-204],[-115,-259],[-192,-260],[-115,-241],[-39,-463],[77,-463],[192,-408],[346,-334],[384,-204],[384,-74],[999,37],[77,-37],[115,-130],[39,-92],[76,-223],[77,-92],[807,-686],[-192,-56],[-307,19],[-577,130],[-269,-38],[-230,-129],[-154,-149],[-192,-74],[-1306,-74],[-77,-37],[-230,-278],[0,-56],[-154,-92],[-231,-204],[-230,-315],[77,-760],[-39,-130],[-115,-93],[-230,-444],[-192,-149],[-461,56],[-269,-19],[-77,-129],[-77,-223],[-154,-111],[-192,-56],[-269,-37],[-461,-129],[-768,-427],[-384,-111],[-269,0],[-192,19],[-192,-19],[-231,-204],[-192,-37],[-653,167],[-884,-74],[-422,-93],[-384,-222],[-154,-130],[-384,-426],[-115,-56],[-269,-37],[-116,-19],[-76,-74],[-346,-408],[-39,-92],[-38,-149],[38,-129],[0,-93],[0,-93],[-76,-129],[-77,-93],[-115,-37],[-116,-19],[-77,-55],[-38,-56],[-77,-167],[-38,-74],[-154,-55],[-269,-75],[-192,-92],[0,-111],[77,-241],[-38,-241],[-116,-223],[-192,-167],[-115,-92],[-231,-93],[-230,-74],[-192,-37],[-115,-111],[0,-241],[76,-464],[-153,-315],[-384,-241],[-423,-185],[-423,-93],[77,-204],[-192,-55],[-230,18],[-116,19],[0,-93],[39,-93],[38,-74],[0,-55],[39,-19],[38,-56],[39,-37],[-77,-18],[0,-19],[-77,-55],[-39,-19],[-153,-408],[-39,-111],[-153,-74],[-154,56],[-307,315],[-423,-334],[-115,-37],[-154,37],[-153,74],[-116,0],[-77,-296],[-192,-223],[-76,-167],[0,-55],[0,-56],[-39,-55],[-38,-19],[-39,-18],[0,-75],[39,-92],[38,-74],[-77,-241],[-153,-204],[-231,-130],[-230,-74],[-423,-19],[-154,-37],[-77,-111],[-115,-130],[-77,-74],[-153,74],[77,167],[-116,19],[-153,-56],[-116,-56],[-38,-55],[-77,-130],[-115,-56],[-115,334],[-154,-130],[-269,-370],[-154,-167],[-192,-130],[-422,-185],[-384,-130],[-116,-130],[154,-204],[-115,-37],[-116,-18],[-76,55],[-77,74],[-39,-55],[-76,-93],[-39,-74],[-77,93],[-115,55],[-115,-18],[-39,-93],[39,-130],[77,-74],[76,-74],[-76,-130],[-116,74],[-115,0],[-115,-92],[-77,-130],[77,0],[-192,-130],[-77,-74],[-38,-93],[-77,38],[-39,37],[0,-223],[77,-185],[0,-167],[-154,-111],[-192,18],[-76,112],[-77,129],[-116,56],[-76,-93],[-192,-445],[-231,-352],[-38,-204],[38,-111],[0,-74],[-307,-538],[77,-222],[-39,-297],[-730,-2910],[-38,-482],[-192,-963],[-116,-204],[-192,-149],[-192,-111],[-960,-296],[-231,-112],[-76,-166],[-654,-631],[-691,-426],[-307,-222],[-269,-334],[-308,-778],[-76,-130],[-692,-668],[-230,38],[-193,18],[-230,37],[-192,19],[-500,-74],[-1190,-353],[-1652,-482],[-346,-240],[-154,-75],[-538,19],[-345,-111],[-77,-19],[-77,-55],[0,-260],[115,-797],[-38,-445],[-115,-352],[-308,-667],[0,-408],[-346,-538],[-230,-741],[-922,-1946],[-346,-1427],[-115,-260],[-461,-1056],[-231,-668],[-1383,-1001],[-768,-352],[-2228,-222],[-423,74],[-499,148],[-423,56],[-384,-56],[-499,-204],[-653,-463],[-192,-74],[-654,-167],[-307,-37],[-307,74],[-346,74],[-768,-74],[-384,74],[-577,352],[-806,278],[-461,167],[-231,-18],[-192,-93],[-307,-56],[-538,74],[-423,316],[-768,815],[-461,260],[-576,-19],[-1076,-278],[-231,-18],[-38,37],[77,111],[0,74],[-115,93],[-116,55],[-115,37],[-576,-129],[-192,111],[-154,222],[-499,315],[-384,501],[-116,55],[-192,75],[-115,55],[-77,93],[-115,222],[-77,93],[-615,167],[-115,129],[-77,112],[-1152,834],[-269,148],[-308,130],[-115,74],[-115,148],[-192,223],[-77,92],[-154,56],[-153,-37],[-346,-111],[-192,-19],[-154,37],[-499,167],[-576,111],[-538,-37],[-500,-148],[-806,-352],[-77,-74],[-154,-75],[-38,56],[-77,111],[-77,93],[-231,37],[-268,-130],[-423,-389],[-38,-93],[-39,-92],[-38,-93],[-116,-74],[-153,-56],[-115,-74],[-77,-93],[-77,-129],[-192,-427],[-115,-129],[-269,-112],[-77,-111],[-192,-667],[-116,-167],[0,-93],[-38,-92],[77,-112],[115,-111],[39,-129],[-77,-93],[-154,-111],[-38,-93],[38,-93],[38,-111],[-38,-167],[0,-111],[-77,-111],[-461,-519],[-153,-223],[-77,-241],[0,-148],[38,-37],[77,-18],[77,-112],[77,-166],[0,-56],[-116,-185],[-153,-167],[-231,-167],[-115,-185],[154,-204],[38,-130],[38,-260],[-38,-259],[-77,-185],[-77,-130],[-115,-74],[-307,-112],[-115,-74],[0,-111],[76,-111],[-38,-111],[-423,-649],[-38,-19],[-115,-92],[-192,-149],[-116,-148],[-192,-371],[-192,-296],[-192,-56],[-461,93],[-346,-56],[-230,-185],[-384,-500],[-538,-501],[-269,-130],[-154,-37],[-499,-92],[-77,-56],[-115,-222],[-461,-408],[-192,-389],[-346,-872],[-384,-593],[-538,-500],[-653,-352],[-653,-149],[-1038,0],[-345,-55],[-269,-112],[-154,-111],[0,-167],[77,-500],[38,-204],[-38,-204],[-115,-185],[-231,-186],[-576,-370],[-269,-93],[-230,0],[-615,167],[-922,18],[-500,223],[-268,37],[-461,-19],[-922,-222],[-154,0],[-269,37],[-154,-18],[-960,-241],[-307,0],[-1422,278],[-422,259],[-461,167],[-577,-74],[-307,-130],[-461,-315],[-692,-297],[-230,-148],[-38,-37],[-77,111],[-77,352],[-115,112],[-154,111],[-77,55],[-77,75],[-115,315],[-115,389],[-77,408],[0,333],[230,742],[39,259],[-77,149],[-154,222],[-76,148],[-39,278],[39,315],[153,594],[39,129],[307,223],[154,167],[307,556],[615,722],[269,390],[192,426],[461,593],[38,167],[-423,667],[-38,204],[38,797],[-76,945],[-308,649],[0,37],[-115,130],[-77,19],[-77,-56],[-153,-56],[0,112],[115,203],[-231,723],[-115,204],[-115,93],[-269,111],[-77,111],[0,130],[115,223],[-38,129],[-77,74],[-115,0],[-115,56],[-39,111],[77,74],[231,130],[76,111],[-115,297],[-461,389],[0,315],[77,167],[307,185],[-115,112],[-115,0],[-77,-56],[-115,-37],[-77,56],[-38,111],[76,130],[0,92],[-153,-18],[-39,222],[-77,93],[-307,130],[-154,111],[-76,111],[-77,352],[-39,93],[-115,130],[-38,74],[0,92],[38,56],[39,74],[-39,93],[-38,74],[-192,93],[-77,55],[-39,74],[0,297],[-230,74],[-192,111],[-77,149],[77,185],[38,167],[-115,222],[-307,426],[-346,686],[-115,149],[-1383,1056],[-807,463],[-115,38],[-192,18],[-116,19],[-115,74],[-269,315],[-576,408],[-192,296],[-192,130],[-77,74],[-39,185],[0,1891],[0,1891],[0,1872],[0,1890],[0,1891],[0,315],[0,1576],[-38,1890],[0,1891],[0,741],[0,1150],[0,1872],[0,1890],[0,1891],[0,1650],[0,1649],[0,1650],[0,1668],[0,945],[2497,0],[2497,0],[2497,0],[2497,0],[615,0],[154,390],[0,463],[-39,630],[0,630],[0,631],[0,630],[0,630],[0,630],[0,649],[0,630],[0,630],[0,631],[0,630],[0,630],[0,630],