{"type":"Topology","transform":{"scale":[0.0001305386107591613,0.00008765492262883717],"translate":[14.387543875438752,2.2362333583046166]},"objects":{"CAF":{"type":"MultiPolygon","arcs":[[[0]]]}},"arcs":[[[64919,99055],[0,-308],[1104,-2331],[799,-828],[1379,-2004],[1269,-3024],[1296,-3044],[138,-501],[248,-1984],[-55,-424],[-110,-347],[-276,-635],[-83,-328],[0,-135],[83,-269],[0,-154],[0,-366],[27,-97],[56,-154],[55,0],[27,-19],[55,-96],[0,-78],[-193,-886],[0,-192],[83,-347],[0,-173],[-83,-135],[-82,-116],[-304,-559],[-165,-250],[-83,-77],[-138,-39],[-248,20],[-110,-58],[-83,-193],[-55,-96],[-166,-1445],[28,-289],[110,-231],[193,-173],[221,38],[276,405],[138,0],[55,-251],[0,-404],[-111,-655],[-137,-308],[-304,-521],[-110,-308],[0,-269],[55,-309],[138,-250],[138,-96],[110,38],[193,193],[110,96],[138,39],[138,-20],[111,-77],[110,-115],[110,-58],[248,0],[249,-96],[110,57],[248,174],[248,0],[497,-154],[441,57],[303,-192],[138,-39],[221,58],[800,-193],[413,97],[83,0],[303,19],[138,-116],[-27,-154],[-138,-308],[-28,-154],[55,-173],[193,-232],[56,-134],[-56,-116],[-303,-308],[-83,-116],[-441,-1079],[-83,-385],[-27,-366],[83,-327],[165,-289],[193,-232],[193,-173],[138,-58],[276,-96],[27,-19],[138,-20],[111,0],[55,0],[55,-57],[138,-135],[27,-39],[497,251],[276,38],[165,-250],[55,-116],[28,-77],[55,-38],[83,-20],[248,-231],[220,-19],[552,135],[414,-116],[165,0],[138,-38],[248,-193],[442,-77],[248,-154],[662,-906],[82,-192],[0,-405],[166,-231],[27,-212],[28,-77],[55,-77],[55,-58],[83,-57],[359,-617],[220,-250],[248,-135],[111,19],[220,77],[111,0],[193,-58],[55,-38],[27,-77],[56,-58],[193,-96],[110,-135],[55,-193],[83,-347],[110,-308],[55,-192],[0,-174],[-27,-481],[27,-174],[55,-173],[0,-154],[-27,-212],[-166,-212],[-496,-251],[-166,-231],[0,-154],[28,-173],[166,-578],[441,-347],[110,-115],[55,-77],[55,-174],[56,-77],[55,-58],[138,-58],[55,-57],[55,-154],[55,-328],[28,-173],[82,-154],[111,-116],[413,-327],[304,-328],[220,-135],[138,77],[111,-38],[137,-97],[331,-481],[111,-96],[496,-174],[138,-96],[166,-212],[82,-19],[138,0],[83,-58],[110,-174],[83,-38],[193,0],[55,-96],[0,-154],[55,-193],[111,-58],[358,-38],[138,-97],[28,-96],[0,-212],[55,-96],[220,-212],[83,-19],[166,-39],[82,-39],[28,-77],[0,-96],[27,-77],[83,-38],[359,-39],[55,-250],[27,-598],[56,-250],[55,-39],[27,0],[56,20],[55,0],[27,-39],[0,-58],[-27,-77],[27,-57],[28,-155],[0,-134],[27,-116],[83,-135],[166,-173],[137,-39],[138,-77],[221,-443],[331,-327],[110,-212],[276,-193],[441,-250],[386,-309],[0,-250],[0,-135],[-55,-115],[-110,-347],[-248,-482],[-166,-462],[-55,-77],[-83,-58],[-55,-77],[-55,-135],[138,-77],[0,-173],[-28,-212],[-27,-212],[55,-231],[83,-97],[110,-77],[165,-115],[111,-193],[193,-366],[138,-135],[331,-96],[110,-135],[28,-289],[0,-289],[82,-58],[111,0],[110,-38],[110,-174],[0,-231],[-55,-212],[-138,-154],[-138,-115],[-165,-154],[-111,-193],[-55,-231],[28,-231],[110,57],[304,309],[137,-58],[83,-193],[83,-250],[55,-193],[138,-154],[441,-231],[248,-39],[524,39],[552,-328],[138,-134],[83,-135],[55,-520],[55,-193],[193,-135],[165,19],[138,77],[83,-19],[83,-270],[83,-192],[165,-19],[331,134],[83,-134],[82,-328],[166,-154],[55,-173],[28,-58],[82,0],[138,58],[83,0],[303,-174],[83,-77],[55,-193],[0,-115],[28,-96],[165,-58],[111,-97],[82,-134],[56,-193],[27,-173],[0,-97],[28,-77],[27,-38],[138,-135],[0,-58],[0,-77],[-27,-193],[-28,-173],[0,-77],[55,-116],[28,0],[55,20],[27,19],[28,0],[28,38],[55,20],[83,-77],[27,-97],[-27,-212],[27,-96],[-303,-1252],[-28,-173],[28,-155],[55,-289],[27,-558],[28,-174],[221,-712],[110,-347],[165,-289],[442,-424],[220,-270],[111,-443],[220,-250],[83,-135],[-193,116],[-83,19],[-110,96],[-83,39],[-138,0],[-82,19],[-56,39],[-110,115],[-110,135],[-111,116],[-137,38],[-166,39],[-165,77],[-635,462],[-303,154],[-331,39],[-359,-154],[-275,-212],[-221,-231],[-221,-270],[-220,-366],[-55,-97],[-55,-269],[-56,-116],[-82,-135],[-28,-38],[-138,19],[-27,19],[-28,58],[-28,58],[-55,19],[-55,-19],[-83,-116],[-55,-19],[-55,58],[-303,501],[-55,38],[-111,39],[-358,0],[-83,-58],[-110,-135],[-83,-58],[-83,58],[-83,0],[-27,-135],[-55,0],[-55,135],[-138,19],[-138,-57],[-111,-174],[-27,77],[-55,-77],[-111,-77],[-110,-58],[-55,-19],[-138,19],[-193,116],[-110,19],[0,77],[-166,443],[-83,97],[-110,96],[-110,135],[-83,173],[-165,-96],[-55,-58],[-56,135],[-138,19],[-137,-38],[-193,58],[-166,96],[-138,154],[-55,193],[-28,-20],[-82,-38],[-55,-19],[0,192],[0,58],[-83,-58],[-55,96],[-56,347],[-27,-38],[-83,-116],[-27,58],[-56,38],[-27,58],[-110,-77],[-28,97],[-55,134],[-111,77],[-55,-115],[-27,-77],[-55,-39],[-56,0],[-55,20],[-27,19],[-55,38],[27,-308],[28,-77],[-55,39],[-83,19],[-55,-58],[-28,-116],[-27,-19],[-83,0],[-111,-19],[-82,-96],[-83,115],[-138,231],[-83,58],[-110,39],[-83,-39],[-27,-115],[0,-193],[-111,77],[-137,-39],[-111,-134],[0,-232],[-138,174],[-82,212],[-83,154],[-166,19],[-27,-77],[-83,-135],[-83,-58],[-55,232],[-27,77],[-28,96],[28,173],[-28,-38],[-83,-19],[-27,-20],[-28,270],[-110,77],[-55,-39],[82,-77],[-82,-154],[-111,0],[-110,58],[-83,96],[-193,347],[-110,116],[-166,77],[-27,19],[-28,19],[-55,97],[-55,19],[-83,-19],[-55,-77],[-55,-20],[-110,116],[0,77],[27,38],[28,39],[27,39],[28,57],[-166,-19],[-82,116],[-28,135],[-55,154],[-28,0],[-110,-20],[-138,20],[-83,-39],[56,-193],[-83,-38],[-193,-116],[-55,39],[-83,115],[-28,20],[-27,-39],[-331,-289],[-166,-58],[-137,135],[-83,-154],[-111,-58],[-55,-57],[83,-212],[-138,-77],[-110,-154],[-28,-232],[-27,-269],[-55,-135],[-83,-154],[-83,-212],[55,-251],[55,-38],[166,-39],[55,-77],[0,-77],[-55,-231],[0,-116],[-28,-77],[-110,-192],[-28,-135],[0,-270],[-27,-115],[-83,-116],[-110,-58],[-331,-38],[-83,-97],[-83,-77],[-496,-38],[-55,38],[-55,58],[-56,39],[-82,19],[-55,-116],[-56,-77],[-82,-38],[-28,-39],[-83,-231],[-55,-231],[-55,-39],[-276,116],[-248,212],[-303,135],[-83,0],[-55,-58],[-138,-135],[-28,-38],[-193,-58],[-276,-251],[-137,-96],[-83,19],[-83,39],[-55,38],[-83,-57],[-82,-116],[-83,-116],[-83,-19],[-83,135],[-138,-116],[-137,-19],[-497,77],[-83,58],[28,116],[83,192],[-83,116],[-248,115],[-83,97],[-28,135],[0,231],[-82,96],[-83,58],[-193,38],[-83,58],[-55,77],[-55,231],[-55,77],[-138,154],[-221,155],[-27,19],[-166,58],[-193,-77],[-27,-116],[27,-173],[-27,-77],[-111,57],[-55,97],[-55,346],[-55,116],[-111,-154],[-110,-270],[-55,-250],[83,-116],[193,-58],[27,-134],[-110,-155],[-138,-115],[-551,-96],[-56,-97],[-27,-38],[-83,-328],[-28,-115],[0,-116],[-27,-77],[-55,-77],[-55,0],[-56,289],[-110,77],[-165,-58],[-138,-135],[-221,-423],[-55,-58],[-110,38],[-166,154],[-83,39],[-137,-39],[-138,-96],[-193,-250],[-386,-270],[-138,-135],[-111,173],[-55,20],[-55,-39],[-28,-58],[-27,-115],[0,-135],[27,-116],[28,-134],[-193,0],[-331,96],[-55,-19],[-83,-97],[-55,-38],[-55,19],[-166,58],[-82,19],[-138,-77],[-304,-308],[-165,-97],[-331,-57],[-166,-77],[-303,-251],[-331,-135],[-165,-96],[-469,-559],[-138,-77],[-165,-19],[-138,-96],[-83,-154],[-55,-193],[-28,-135],[0,-96],[0,-77],[-27,-97],[-83,-38],[-138,19],[-55,-58],[-138,116],[-110,77],[-138,39],[-166,0],[-27,38],[-83,135],[0,38],[-55,20],[-166,58],[-55,38],[-110,308],[-193,193],[-28,38],[-110,77],[-193,405],[-110,154],[-331,-270],[-193,-38],[-166,115],[-83,97],[-82,77],[-111,77],[-110,19],[-83,58],[-55,154],[-27,173],[-83,232],[-83,308],[-55,96],[-83,0],[-110,-38],[-83,-77],[-83,-39],[-110,0],[-83,39],[-55,-20],[-83,-115],[-27,-135],[0,-154],[27,-135],[56,-116],[-56,-115],[-165,-193],[-83,-308],[-138,38],[-138,116],[-110,58],[-138,-58],[-83,-173],[-82,-386],[-55,-173],[-56,-154],[-82,-116],[-111,-96],[0,-135],[28,-231],[28,-116],[-28,-77],[-83,-192],[0,-77],[-27,-58],[-111,-116],[-27,-58],[0,-269],[0,-116],[-55,-115],[-111,-77],[-165,-39],[-331,19],[-138,-115],[-28,-270],[0,-327],[56,-212],[110,-232],[27,-96],[-27,-115],[-83,-135],[-83,-97],[-82,-38],[-83,-96],[-221,-617],[0,-116],[55,-250],[0,-96],[-27,-116],[-138,-173],[-28,-58],[-82,-173],[-138,-193],[-248,-289],[-56,-39],[-137,-77],[-83,-57],[-910,-58],[-745,250],[-165,154],[-166,97],[-83,77],[-137,212],[-56,57],[-137,78],[-387,115],[-165,96],[-221,