{"type":"Topology","transform":{"scale":[0.000045108902173532666,0.00001980720944781872],"translate":[5.956259562595619,45.820101271246955]},"objects":{"CHE":{"type":"MultiPolygon","arcs":[[[0]]]}},"arcs":[[[79648,86529],[80,-852],[80,-341],[638,-1535],[798,-511],[639,-938],[0,-2131],[-240,-767],[-878,-1620],[-79,-512],[-80,-852],[-80,-341],[-798,-1449],[-718,-1876],[-320,-938],[-399,-1705],[-79,-1705],[159,-852],[240,-682],[239,-853],[0,-1023],[-239,-682],[-320,-597],[-239,-511],[0,-426],[479,-256],[1356,-341],[479,170],[399,-170],[1197,256],[320,-86],[4230,-2046],[-80,-596],[159,-86],[80,0],[80,-170],[0,-256],[-80,-511],[-80,-1194],[0,-511],[0,-512],[320,-597],[478,-682],[2395,-1193],[878,-1279],[478,-426],[958,-512],[319,0],[160,0],[559,256],[957,767],[240,512],[79,341],[0,426],[80,682],[399,853],[320,170],[399,-256],[558,86],[80,937],[319,1194],[559,938],[638,596],[160,86],[160,-86],[79,-85],[240,-426],[479,-1194],[718,-852],[239,-426],[80,-853],[-239,-1705],[0,-1108],[-80,-1620],[-80,-426],[-159,-341],[-479,-853],[80,-767],[159,-767],[0,-682],[-239,-597],[-399,-426],[-80,-426],[0,-597],[0,-682],[-240,-597],[-239,-426],[-80,-426],[160,-1023],[399,-682],[958,-171],[478,-597],[160,-1023],[0,-1278],[-239,-1279],[-80,-341],[-160,-426],[-399,-86],[-1596,597],[-798,-85],[-319,85],[-240,171],[-80,255],[-159,256],[-160,171],[-957,511],[-80,597],[159,1023],[-79,597],[-320,426],[-558,0],[-2155,-938],[-160,-256],[-159,-341],[-240,-1619],[-159,-427],[-479,-767],[-240,-426],[0,-341],[0,-1108],[-80,-512],[0,-511],[80,-342],[80,-255],[160,-256],[-320,-1023],[320,-682],[638,-426],[1038,-256],[319,-256],[160,-597],[-160,-1108],[-160,-341],[-479,-597],[-159,-511],[-80,-682],[0,-512],[80,-426],[159,-511],[958,-1450],[240,-937],[-240,-938],[-638,-682],[-958,-512],[-718,0],[0,1109],[-240,937],[-878,1194],[-319,682],[-159,1108],[0,1023],[-160,767],[-559,597],[-399,171],[-479,85],[-957,-256],[-1437,-1193],[-479,-256],[-319,85],[-559,512],[-159,0],[-319,-427],[0,-511],[0,-597],[0,-426],[-320,-767],[-399,-256],[-2554,85],[-558,256],[-399,511],[-319,597],[-399,1876],[-240,255],[-479,427],[-159,255],[-80,256],[80,767],[-160,4860],[-80,341],[-159,-85],[-320,-427],[-159,-341],[-80,-341],[-160,-256],[-239,-170],[-160,85],[-558,853],[0,597],[-479,255],[-1038,-255],[-399,-597],[-399,-1194],[-159,-1279],[159,-682],[319,-341],[0,-511],[0,-597],[0,-767],[320,-1790],[0,-597],[-160,-1108],[-638,-2132],[-320,-1875],[-239,-512],[-239,-341],[-240,-170],[-239,-341],[-160,-426],[-80,-597],[-159,-512],[-1597,-1790],[-478,-938],[-80,-682],[80,-1108],[-80,-597],[-160,-511],[-239,-171],[-479,-255],[-559,-682],[-80,-597],[400,-1790],[-719,-1023],[-80,-171],[0,-85],[0,-171],[80,-85],[240,-426],[159,-853],[160,-511],[239,-171],[479,-170],[240,-171],[239,-852],[-80,-853],[-558,-1705],[-719,-1449],[-638,256],[-718,511],[-878,-426],[79,767],[80,597],[160,597],[-80,852],[-80,682],[-239,682],[-399,1109],[-160,767],[-159,341],[-160,170],[-1277,1109],[-319,170],[-399,85],[0,86],[159,255],[320,1450],[638,1193],[319,1194],[-558,1193],[-320,171],[-638,0],[-399,0],[-160,255],[-159,427],[-80,85],[-80,0],[-160,-85],[-319,-427],[-159,-170],[-399,0],[-1038,938],[-399,255],[-239,171],[-1437,3325],[-638,1023],[-559,426],[-559,426],[-479,512],[-239,767],[-80,1279],[80,1278],[399,2643],[80,1449],[0,1535],[-160,1108],[-239,682],[-639,171],[-319,-86],[-958,-341],[-558,-511],[-479,-767],[-239,-597],[79,-256],[160,-170],[0,-512],[-80,-426],[-239,-426],[-240,-341],[-638,-512],[-1117,-2216],[-479,-512],[-958,-341],[-479,-341],[-399,-682],[-239,-511],[-80,-427],[80,-255],[479,-682],[718,-1961],[0,-1876],[-479,-1619],[-958,-1364],[-239,-86],[-399,-85],[-240,-256],[-159,-596],[-80,-512],[0,-597],[-80,-1449],[-80,-85],[-239,-767],[0,-86],[-239,-596],[-160,-171],[-240,-170],[-1596,-512],[-558,-682],[-479,-1449],[0,-85],[-80,-512],[0,-256],[-80,-170],[-239,-256],[-160,0],[-399,171],[-559,0],[-1117,596],[-159,0],[-240,-170],[-159,0],[-240,85],[-80,171],[-399,937],[-319,512],[-319,341],[-2315,852],[-319,-255],[-239,-597],[-240,-512],[-479,-85],[-638,-511],[-1357,-1450],[-718,-426],[-1596,256],[-319,-171],[-639,-596],[-1357,-853],[-638,-256],[-718,0],[-719,256],[-478,512],[-1038,1705],[-160,426],[-79,511],[-160,938],[-239,1023],[-160,512],[-80,170],[-1516,2643],[-479,341],[-160,-85],[-159,-256],[-160,-171],[-239,0],[-160,256],[-80,171],[80,170],[0,426],[0,597],[0,426],[-80,0],[80,256],[160,341],[159,426],[80,341],[-399,512],[-1756,597],[-159,852],[159,1790],[399,1791],[798,2387],[-478,1364],[-798,1364],[-400,1108],[80,597],[559,1108],[160,852],[0,427],[0,511],[-240,512],[-319,255],[-3272,1364],[-1517,0],[-1436,-426],[-1836,-2046],[-718,-256],[-798,-85],[-638,-341],[-719,-938],[-638,-1364],[-479,-1023],[-80,-682],[80,-511],[160,-853],[0,-170],[239,-853],[80,-170],[239,-256],[399,341],[160,-170],[80,-1109],[-559,-1023],[-1437,-1449],[-1117,-2131],[-718,-512],[-718,512],[-1038,-85],[-1037,-341],[-479,-512],[239,1108],[240,512],[0,426],[-399,767],[-160,682],[80,597],[479,512],[1356,1023],[80,85],[240,-85],[79,-86],[160,86],[479,170],[80,341],[0,512],[0,511],[159,1449],[80,427],[319,1108],[399,1364],[0,597],[-319,767],[-319,511],[-1038,1109],[-159,85],[239,341],[80,341],[-80,341],[0,426],[0,171],[-80,170],[0,256],[0,256],[80,341],[240,426],[798,2046],[798,1535],[-559,937],[-80,682],[320,597],[2952,4263],[1597,1364],[239,341],[559,1023],[718,596],[239,256],[240,512],[80,426],[0,852],[-160,256],[-80,256],[-80,341],[0,170],[399,1705],[160,427],[0,170],[80,256],[80,767],[-80,512],[-319,937],[-80,427],[319,1790],[1117,938],[2315,1193],[1516,1705],[479,1194],[-239,937],[319,768],[159,341],[559,341],[80,255],[80,86],[319,255],[0,853],[638,426],[1437,1961],[80,85],[399,1109],[638,1023],[1517,1705],[-80,1278],[80,1023],[478,682],[160,0],[160,86],[319,682],[239,170],[160,85],[239,256],[160,512],[-240,511],[-319,512],[-319,426],[-399,-341],[-2634,-426],[80,682],[319,767],[320,682],[558,511],[0,938],[639,256],[319,256],[319,511],[160,426],[-80,597],[-239,682],[0,512],[399,255],[159,171],[240,85],[159,-85],[240,-171],[558,-170],[1118,341],[478,-171],[320,-255],[319,-86],[559,86],[-399,-1450],[159,-852],[479,-426],[638,-256],[80,-171],[80,-170],[80,-171],[160,-85],[159,0],[798,597],[639,170],[638,0],[878,-85],[239,85],[399,256],[320,682],[80,256],[79,426],[0,341],[-159,171],[-80,170],[-80,256],[0,341],[240,85],[399,-170],[79,-86],[160,-170],[319,-85],[319,511],[80,85],[0,86],[0,170],[0,85],[-159,341],[-80,256],[0,171],[159,85],[240,-85],[159,85],[80,256],[0,511],[-80,0],[-319,426],[-80,86],[878,1023],[80,170],[559,512],[798,426],[1117,511],[479,86],[-239,-1279],[-240,-341],[-558,0],[-80,0],[878,-682],[319,-256],[479,-85],[957,341],[878,256],[399,341],[399,682],[399,937],[320,-255],[1356,-86],[160,-255],[80,-427],[80,-511],[0,-171],[2873,0],[1037,341],[240,171],[79,256],[80,255],[160,341],[239,171],[479,426],[399,171],[160,255],[80,256],[79,85],[1197,341],[399,0],[639,-255],[239,-86],[80,-170],[160,-512],[159,-511],[240,-171],[798,-341],[1436,0],[80,0],[559,171],[80,256],[239,852],[639,682],[718,85],[319,-511],[240,-682],[79,-85],[160,-341],[319,170],[80,85],[80,256],[0,426],[0,341],[80,341],[-80,171],[0,170],[-80,256],[80,256],[80,85],[79,85],[160,0],[0,-85],[0,-256],[160,-170],[79,1193],[-159,86],[-80,85],[-319,85],[-240,85],[-1117,-255],[-319,-256],[-319,-341],[-320,-256],[-399,0],[-479,341],[-558,682],[-80,85],[-399,171],[160,511],[-80,427],[-80,426],[80,341],[159,426],[559,426],[239,341],[160,1023],[160,341],[239,682],[240,171],[239,0],[1197,341],[319,256],[-239,852],[399,256],[559,0],[399,-341],[0,-341],[79,-682],[0,-597],[240,-256],[319,256],[80,1108],[239,341],[240,-170],[239,-426],[160,-597],[159,-426],[240,-86],[239,86],[240,-86],[159,-511],[-80,-171],[-319,-682],[-80,-341],[80,-426],[240,-341],[0,-341],[79,-341],[1198,0],[-240,341],[240,1023],[558,-85],[719,-597],[558,-852],[-399,-171],[0,-341],[319,-511],[80,0],[639,-768],[478,-170],[878,85],[798,426],[399,597],[400,256],[2474,-426],[1197,0],[319,-768],[878,0],[798,-255],[6145,