{"type":"Topology","transform":{"scale":[0.00006112922257833864,0.00006382885909015691],"translate":[-8.620286202862019,4.343577791118221]},"objects":{"CIV":{"type":"MultiPolygon","arcs":[[[0]],[[1]]]}},"arcs":[[[90046,11984],[-59,-265],[-706,159],[-1649,132],[-236,133],[118,211],[294,265],[295,238],[471,-106],[118,-79],[0,-106],[59,-79],[58,-80],[118,-53],[354,-105],[59,0],[58,26],[177,-79],[236,-212],[176,-26],[59,26]],[[50647,95290],[295,-159],[294,-344],[236,-396],[0,-291],[235,-80],[118,0],[118,-26],[118,-53],[59,-132],[59,-133],[58,-106],[177,-132],[236,-106],[235,-79],[354,0],[58,53],[59,79],[59,53],[118,-26],[59,-53],[118,0],[176,0],[177,53],[118,79],[59,106],[118,79],[294,0],[766,-106],[235,53],[825,-449],[117,26],[118,212],[295,-27],[235,-158],[59,0],[118,-239],[0,-873],[-59,-79],[-59,-79],[0,-80],[177,-26],[118,53],[117,79],[59,106],[59,106],[59,-344],[-118,-265],[-59,-185],[472,27],[-118,-291],[118,-159],[412,-265],[0,-105],[-354,-133],[-176,-132],[118,0],[117,-26],[118,-53],[118,-27],[-236,-106],[118,-185],[177,-26],[235,79],[118,132],[118,-264],[177,-159],[176,-106],[236,-106],[177,-238],[117,-291],[-59,-211],[-353,-27],[59,-158],[177,-212],[176,-370],[59,-106],[-235,-635],[0,-185],[471,-424],[176,-53],[59,106],[118,159],[118,53],[177,-27],[58,-79],[59,-79],[118,-27],[412,-26],[295,-80],[235,-211],[118,-318],[354,106],[117,-238],[59,-370],[177,-265],[-295,-79],[-117,-27],[-177,27],[0,-132],[177,-106],[0,-80],[59,-132],[235,79],[236,-343],[235,52],[-118,80],[0,79],[59,53],[118,0],[177,0],[118,-53],[58,-106],[59,-105],[177,-159],[59,-106],[59,-159],[0,-132],[118,-53],[235,-79],[59,-106],[0,-53],[118,53],[177,79],[117,106],[59,79],[-59,53],[236,0],[235,27],[177,79],[236,212],[176,-132],[236,-344],[177,-53],[235,53],[59,158],[0,212],[118,212],[0,105],[59,80],[59,26],[294,0],[118,-26],[59,-53],[59,-79],[-59,-265],[-118,-397],[-59,-291],[236,-317],[530,-53],[589,26],[412,-106],[118,-211],[176,-529],[59,-159],[236,-106],[59,132],[0,265],[59,238],[235,-53],[471,-185],[118,132],[177,397],[59,185],[-59,371],[0,132],[118,159],[471,476],[-177,79],[-59,0],[177,185],[294,106],[648,80],[295,158],[471,609],[294,211],[236,27],[942,-238],[177,-106],[117,-27],[59,27],[59,79],[0,80],[0,26],[295,132],[117,27],[531,26],[117,212],[59,264],[236,106],[353,80],[589,396],[353,80],[1060,26],[354,80],[118,105],[294,265],[118,106],[235,79],[825,80],[118,0],[235,-133],[59,0],[118,27],[118,185],[59,53],[235,-80],[118,-105],[118,-133],[176,-132],[295,-53],[942,132],[2591,-211],[236,-53],[236,-265],[176,-79],[177,53],[177,106],[176,53],[59,-106],[0,-291],[59,-344],[118,-185],[412,26],[236,212],[530,741],[294,185],[177,-133],[0,-291],[-59,-370],[118,-317],[235,-159],[413,0],[353,-79],[353,-371],[177,-767],[177,-370],[294,-212],[294,-26],[531,158],[353,-79],[235,-238],[177,-371],[295,-714],[824,-1508],[1649,-2063],[353,-265],[413,-26],[294,238],[412,820],[530,450],[177,-265],[59,-212],[-118,-502],[59,-132],[59,-265],[0,-423],[-59,-265],[-236,-106],[-176,-105],[-177,-212],[-59,-291],[177,-238],[177,-159],[294,-79],[295,-133],[-59,-291],[-177,-291],[-530,-264],[-177,-291],[-294,-556],[-354,-344],[-58,-132],[-59,-767],[-59,-238],[-118,-238],[118,-80],[118,-105],[117,-80],[236,-53],[412,0],[412,-105],[413,-212],[117,-238],[0,-318],[295,-740],[59,-80],[118,0],[117,-53],[59,-132],[0,-265],[354,-1084],[-59,-212],[-177,-106],[-118,-105],[0,-186],[59,-132],[118,53],[118,-238],[765,-4392],[707,-4391],[-118,-238],[-706,-397],[-236,-79],[-177,26],[-235,79],[-118,27],[-118,-106],[-118,-212],[-59,-238],[59,-211],[236,-450],[59,-370],[0,-265],[-177,-212],[-294,-158],[-1002,-318],[-294,-211],[-766,-820],[-235,-212],[-59,53],[-59,106],[-118,53],[-117,0],[0,-133],[-118,-1164],[-59,-158],[-118,-133],[-353,-211],[-118,-133],[-59,-79],[59,-212],[0,-79],[-59,-106],[-177,-185],[-59,-106],[-1177,-2407],[-236,-635],[-766,-4815],[0,-159],[118,-238],[118,-132],[59,-106],[0,-238],[-177,-291],[-706,-899],[-118,-159],[-118,-767],[-118,-133],[-765,-238],[-59,-26],[-177,-106],[-1885,-3095],[-294,-609],[0,-555],[59,-159],[177,-264],[235,-397],[59,-106],[-353,-873],[-59,-79],[-295,-159],[-117,-185],[-59,-265],[1295,-5529],[177,-212],[59,-52],[471,-424],[353,-873],[530,-2619],[236,-555],[648,-1111],[176,-556],[59,-582],[-176,-1772],[1060,79],[-177,-979],[118,-397],[353,-211],[354,26],[530,318],[235,105],[1178,-291],[236,-158],[117,-212],[59,-238],[0,-820],[295,-1138],[471,-1005],[59,-265],[-59,-291],[-118,-185],[-236,-26],[-530,79],[-117,-952],[59,-238],[176,-318],[118,-159],[0,-132],[-118,-344],[59,-132],[0,-53],[236,-185],[117,-106],[-176,-291],[-236,-159],[-353,-53],[-648,27],[-59,450],[-530,53],[-707,-80],[-412,27],[118,-318],[-59,-317],[-236,-265],[-353,-79],[-235,79],[-884,371],[-235,211],[-354,-106],[-648,0],[-235,-132],[-177,291],[-235,370],[-295,291],[-294,133],[-118,106],[177,264],[294,212],[59,53],[118,211],[0,476],[118,186],[235,132],[177,26],[118,106],[0,318],[0,238],[-118,106],[-177,26],[-294,0],[-59,-26],[-118,-80],[-118,-79],[-177,-27],[-117,27],[-236,79],[-118,0],[-176,-53],[-295,-211],[-235,-53],[176,-371],[118,-317],[-118,-212],[-471,-53],[59,-132],[0,-106],[-59,-106],[-118,-105],[118,-80],[118,-26],[-118,0],[118,-53],[177,-53],[176,0],[177,0],[0,-106],[-118,-79],[-294,26],[-118,-53],[-177,-105],[-118,-133],[-117,-132],[-59,-185],[-177,132],[-118,-79],[59,-133],[236,-105],[-118,-212],[118,-132],[176,-80],[295,-26],[-648,-450],[-1060,53],[-4122,847],[-766,26],[-530,106],[-118,26],[-59,106],[0,132],[59,106],[-59,106],[-117,132],[117,212],[-176,-132],[-118,-212],[-118,-212],[-59,-211],[-118,0],[-176,106],[-295,53],[-706,-27],[-177,53],[-766,370],[-1119,159],[-530,132],[-235,371],[294,-106],[354,26],[294,159],[177,238],[235,-291],[118,-106],[118,-53],[118,53],[58,80],[0,106],[-117,105],[0,106],[235,-53],[589,-238],[118,0],[118,53],[412,-132],[589,-291],[-59,106],[0,132],[-59,106],[236,-27],[471,-53],[177,80],[176,238],[-59,132],[-235,132],[-118,186],[-177,502],[-59,238],[-58,133],[-118,79],[-177,26],[-177,-79],[-117,79],[-118,27],[-177,-27],[-59,-132],[59,-79],[353,-238],[413,-529],[235,-265],[295,-106],[-118,-211],[-294,26],[-236,53],[-236,-106],[-117,0],[-236,238],[-118,53],[-176,0],[-236,27],[-177,79],[-235,106],[-118,132],[-59,212],[-59,-53],[-118,-80],[-59,-79],[-58,132],[0,133],[-59,132],[0,159],[-118,0],[0,-212],[-59,-185],[-177,-106],[-176,79],[-118,-106],[-177,-26],[-176,26],[-236,106],[-353,-79],[-177,-53],[177,-132],[235,-53],[236,26],[235,80],[236,-238],[-236,-159],[-294,-159],[-295,-53],[-235,106],[-236,132],[-353,133],[-353,105],[-118,-53],[-118,-132],[-353,80],[-413,238],[-235,-80],[-177,-106],[-177,-52],[-235,105],[-118,-79],[-59,0],[-118,79],[-117,133],[-471,-291],[-236,-80],[-236,53],[59,53],[59,185],[0,80],[-412,79],[-177,-26],[-176,-186],[-118,106],[-177,80],[-118,0],[-117,-239],[-236,-211],[-118,-159],[-118,132],[-235,133],[-177,132],[-177,26],[-176,-79],[-118,-132],[-177,-80],[-176,186],[59,52],[58,53],[-588,-26],[-236,-106],[-59,-291],[118,79],[177,-26],[58,-106],[59,-159],[-294,80],[-1178,53],[-59,132],[-59,132],[-176,238],[-118,-132],[0,-132],[59,-106],[176,-53],[0,-79],[-294,-80],[-236,-79],[-412,-291],[-294,185],[-354,-26],[-294,-133],[-177,-132],[-59,0],[-118,53],[-176,79],[-118,106],[-59,80],[177,79],[176,-26],[177,-27],[236,-26],[-59,158],[0,80],[-118,53],[-118,26],[0,132],[118,53],[118,133],[59,132],[0,185],[-118,0],[-177,-344],[-294,-185],[-354,-79],[-412,-27],[471,-317],[-353,-265],[-589,-264],[-412,-212],[-118,-238],[59,-132],[118,-106],[294,-53],[295,-27],[294,53],[177,106],[-118,159],[0,132],[412,106],[236,106],[59,-80],[59,-105],[176,-27],[177,53],[353,132],[236,27],[471,0],[177,-27],[117,-79],[59,-79],[59,-27],[236,-26],[176,0],[354,132],[-118,-27],[-236,27],[-117,53],[-59,159],[59,79],[589,132],[0,-211],[117,0],[354,158],[1001,-53],[471,212],[59,-238],[118,106],[117,211],[118,133],[295,0],[294,-133],[236,-53],[176,186],[295,-106],[353,53],[295,106],[706,105],[413,238],[235,53],[2061,53],[472,-185],[-118,-53],[-177,-53],[-177,0],[-176,27],[1237,-556],