{"type":"Topology","transform":{"scale":[0.00007704154082311238,0.00011426716652462758],"translate":[8.50508505085051,1.6553627774649584]},"objects":{"CMR":{"type":"MultiPolygon","arcs":[[[0]]]}},"arcs":[[[90560,51352],[-94,-119],[-701,-635],[-46,-148],[233,-148],[-46,-118],[-47,-15],[-234,0],[-93,-14],[-47,-45],[-140,-147],[-47,-60],[-607,-310],[-982,-369],[-187,-119],[-327,-162],[-233,-414],[-187,-207],[-47,-88],[0,-89],[47,-503],[-47,-88],[-93,-89],[-327,-103],[-94,-45],[-140,-147],[-94,-163],[-186,-547],[-468,-753],[-233,-370],[-234,-399],[-93,-118],[-187,-89],[-748,-266],[-234,-88],[-187,-133],[-140,-222],[-1448,-2261],[-327,-295],[-47,-104],[47,-207],[0,-88],[0,-104],[-141,-162],[-514,-414],[-187,-104],[-1869,-606],[-514,15],[-140,-148],[-187,-162],[-374,-251],[-187,-30],[-280,-207],[-187,-103],[0,-30],[47,-44],[0,-44],[-47,-89],[-47,-44],[-46,-74],[-47,-30],[-94,0],[-140,59],[-46,0],[-94,-74],[-47,-59],[47,-74],[94,-103],[93,-74],[140,-118],[187,-104],[187,-133],[93,-133],[94,-162],[93,-133],[187,-104],[234,0],[421,-29],[186,15],[328,147],[186,0],[141,-177],[93,-177],[187,-163],[93,-931],[94,-177],[-94,-133],[-186,-473],[-234,-399],[-47,-133],[47,-148],[47,-118],[187,-207],[93,-148],[0,-103],[0,-266],[-47,-89],[-187,-251],[-46,-148],[0,-251],[-47,-89],[-187,-44],[0,-74],[-93,-148],[-141,-133],[-46,-29],[-47,-118],[-47,-148],[-140,-148],[-140,-103],[-94,-15],[47,-104],[187,-147],[280,-119],[561,-133],[280,-88],[187,-133],[141,-178],[93,-206],[93,-193],[0,-443],[47,-340],[-93,-325],[0,-29],[0,-133],[46,-104],[47,-74],[94,-74],[-47,-236],[47,-89],[93,-88],[47,-104],[187,-827],[0,-89],[-47,-222],[-47,-88],[-46,-59],[93,-148],[93,-665],[187,-414],[327,-369],[468,-311],[2056,-946],[561,-133],[140,-73],[93,-89],[94,-222],[93,-118],[467,-369],[187,-252],[94,-236],[140,-532],[47,-488],[46,-236],[187,-89],[187,15],[187,-44],[94,-119],[46,-133],[47,-59],[187,0],[187,-14],[187,-74],[0,-104],[-234,-74],[-280,-44],[-514,-163],[-234,-29],[-233,15],[-421,74],[-234,0],[795,-1227],[1121,-1108],[1028,-754],[140,-89],[888,-635],[1075,-768],[1355,-976],[1262,-916],[1261,-872],[935,-694],[93,-45],[141,-15],[140,-14],[47,14],[140,45],[93,29],[94,-14],[93,-60],[94,-14],[560,44],[187,-59],[234,-133],[234,-192],[93,-163],[187,-443],[47,-44],[46,-45],[47,-29],[187,29],[140,30],[94,0],[140,-44],[93,-74],[281,-266],[187,-296],[187,-177],[140,-207],[0,-222],[-94,-207],[-327,-236],[-47,-237],[47,-295],[-47,-118],[47,-74],[140,-15],[187,30],[140,-15],[187,-15],[-140,-133],[-93,-118],[-47,-104],[47,-177],[187,-310],[46,-178],[-46,-162],[-234,-296],[0,-207],[47,-103],[187,-207],[46,-162],[0,-326],[0,-73],[94,-178],[187,-221],[233,-193],[94,-88],[47,-74],[46,-74],[0,-177],[47,-45],[187,-74],[47,-29],[0,-74],[-94,-118],[0,-89],[140,-59],[94,-30],[47,-44],[93,-74],[-140,-88],[-514,-266],[-234,147],[-280,45],[-187,-89],[-94,-192],[-140,-207],[-46,-89],[46,-118],[47,-74],[47,-88],[-47,-119],[-47,-14],[-46,0],[-47,0],[-47,-45],[0,-59],[0,-29],[0,-30],[47,-74],[47,-74],[0,-74],[-234,-192],[0,-88],[0,-311],[47,-59],[93,-15],[94,-74],[233,-265],[421,-769],[327,-960],[-47,-133],[-140,-45],[-280,59],[-94,-14],[-607,-562],[-514,443],[-94,148],[0,89],[47,88],[0,74],[-47,104],[-93,74],[-141,29],[-186,15],[-141,-59],[-187,59],[-280,44],[-187,59],[-47,133],[-140,-44],[-140,-44],[-187,0],[-47,74],[-46,133],[-94,59],[-93,44],[-327,133],[-327,74],[-187,59],[-468,429],[-93,44],[-327,30],[-140,44],[-141,44],[-93,45],[-1215,88],[-1121,222],[-561,74],[-561,-59],[-654,-266],[-280,-59],[-234,-74],[-140,-15],[0,15],[-327,88],[-47,15],[-94,74],[0,29],[0,45],[0,118],[0,74],[-93,59],[-93,59],[-421,104],[-94,29],[-46,59],[-94,133],[-46,59],[-281,74],[-187,-44],[-187,-59],[-420,103],[-140,-251],[-187,44],[-94,0],[-140,-133],[-187,-147],[-233,-45],[-141,148],[-280,-44],[-187,29],[-607,340],[-141,15],[-93,-222],[-140,-29],[-281,-30],[-514,30],[47,207],[140,251],[-233,118],[-47,89],[-187,162],[-187,133],[-47,-59],[0,-103],[-46,-104],[-94,-88],[-187,-30],[-794,-59],[-47,44],[0,192],[0,59],[-93,0],[-94,-14],[-140,-15],[-140,29],[93,30],[187,89],[-327,133],[-93,-30],[46,-222],[-187,60],[-233,177],[-187,74],[-327,-15],[-140,44],[93,133],[-280,104],[-421,325],[-374,59],[-46,-59],[-94,-74],[0,-89],[0,-74],[-47,-73],[-93,-30],[-1028,-148],[-280,-118],[-47,-15],[-187,30],[-280,162],[-187,74],[-841,74],[-561,-148],[-94,-14],[-1402,14],[-2056,15],[-2336,15],[-2056,15],[-561,0],[-2009,14],[-2243,0],[0,222],[47,266],[-47,133],[-94,104],[-233,118],[-187,88],[-140,45],[-94,-15],[-187,-59],[-93,0],[-94,29],[-186,104],[-374,44],[-374,15],[-140,-30],[-141,-73],[-280,-178],[-93,-29],[-561,-45],[-374,104],[-187,29],[-187,-59],[-140,-29],[-234,29],[-373,89],[-141,-74],[-140,-44],[-187,14],[-187,45],[-93,-104],[-280,45],[-281,88],[-233,30],[-141,-44],[-140,-74],[-187,-74],[-280,-45],[-1729,178],[-327,74],[-234,118],[-280,-59],[-234,59],[-701,148],[-514,29],[-701,-118],[-233,44],[-421,163],[-187,44],[-140,-15],[-234,-88],[-140,-30],[-280,-15],[-467,-118],[-281,-29],[-561,14],[-514,60],[-233,0],[-795,-45],[-981,45],[-981,-60],[-1122,30],[-467,-44],[-187,14],[-654,148],[-280,148],[-141,44],[-140,15],[-187,-29],[-327,-74],[-3458,-89],[-46,-74],[46,-118],[47,-118],[-93,-119],[-94,-88],[-93,-104],[0,-147],[0,-104],[-47,-118],[-47,-89],[-93,-103],[-3879,0],[-3878,0],[-3879,0],[-187,0],[-2850,0],[-841,0],[-1729,0],[-280,29],[-795,281],[-234,30],[-233,59],[-327,148],[-327,192],[-141,133],[-46,177],[46,177],[0,163],[-140,148],[140,103],[0,59],[94,148],[47,1625],[373,1183],[234,354],[47,148],[47,1108],[140,399],[187,370],[280,251],[280,222],[141,236],[46,281],[-514,1271],[-233,207],[0,59],[140,0],[47,15],[186,44],[0,59],[-233,-15],[-140,30],[-94,44],[-93,59],[-94,89],[-327,428],[-981,813],[-514,311],[-1262,591],[281,29],[327,118],[1074,547],[281,74],[327,0],[-421,89],[-373,-104],[-328,-147],[-327,-74],[-888,-59],[-186,59],[-47,103],[47,118],[233,74],[-374,621],[-654,576],[-140,222],[-93,207],[327,-222],[93,-15],[47,-44],[93,-192],[94,-74],[140,-44],[234,-15],[514,0],[-141,44],[-420,74],[-140,59],[-47,30],[-47,44],[-93,89],[-94,177],[47,222],[140,207],[234,133],[514,-296],[233,-44],[141,221],[420,-147],[187,-89],[94,-118],[93,88],[0,89],[-47,89],[-93,88],[140,0],[-607,148],[-281,118],[-93,163],[187,118],[327,74],[374,44],[280,0],[0,30],[-47,29],[-46,60],[46,14],[47,0],[0,45],[-1308,-148],[-374,29],[-234,148],[94,222],[186,207],[281,88],[187,133],[561,562],[373,133],[47,44],[94,89],[-47,59],[-187,-59],[-280,-118],[-94,-89],[-93,-103],[-94,0],[0,177],[-234,-118],[-420,-429],[-234,-177],[-280,-89],[-374,-74],[-234,30],[0,207],[-186,-118],[-234,88],[-234,163],[-140,192],[94,207],[-187,133],[-187,-45],[-327,-266],[0,-29],[46,-44],[141,-30],[93,-15],[140,-59],[0,-44],[140,-207],[141,-104],[233,-118],[94,-148],[-141,-162],[-186,44],[-94,15],[-93,30],[-187,88],[-187,192],[-47,30],[-47,29],[-46,30],[0,74],[-187,0],[-94,-44],[-93,-60],[0,-103],[327,-133],[93,-74],[47,-103],[-47,-74],[-46,-89],[0,-118],[0,-74],[233,-74],[94,-59],[-187,-59],[-187,-30],[-467,-29],[-234,15],[-467,73],[-187,30],[-374,133],[-140,296],[46,325],[234,207],[0,44],[-327,-44],[-140,-148],[-94,-148],[-420,-281],[-374,45],[-140,-15],[0,162],[47,119],[-47,103],[-187,103],[-140,15],[-234,0],[-234,-15],[-140,-29],[-187,15],[-701,295],[-1121,355],[-187,74],[0,251],[234,517],[46,251],[-420,252],[-281,295],[-233,340],[-327,1241],[93,222],[327,384],[140,207],[-327,-207],[-140,-74],[-93,133],[46,104],[47,103],[47,118],[-47,119],[-93,74],[-281,59],[-93,147],[-94,104],[-140,74],[-93,29],[-47,-118],[374,-399],[93,-207],[-46,-133],[-141,-29],[-93,59],[-47,133],[-607,340],[-47,-119],[47,-88],[46,-74],[94,-30],[-140,-207],[-47,-29],[-93,15],[-281,103],[-47,30],[-93,74],[-234,59],[-187,74],[-93,162],[-140,310],[-608,562],[-46,355],[-234,-222],[93,-251],[187,-266],[327,-813],[141,-74],[140,-44],[140,-74],[47,-237],[-234,-103],[-1635,-74],[-141,44],[47,104],[187,118],[140,89],[-187,44],[-140,0],[-93,-44],[-94,-178],[-93,-44],[-140,15],[-141,29],[-233,133],[-47,207],[47,148],[233,-15],[47,119],