{"type":"Topology","transform":{"scale":[0.00007527750554258317,0.00008728343191455598],"translate":[11.115111151111506,-5.0195831703813525]},"objects":{"COG":{"type":"MultiPolygon","arcs":[[[0]]]}},"arcs":[[[99760,97349],[143,-329],[96,-1432],[-143,-1664],[-144,-251],[0,-136],[-96,-193],[-239,-155],[-430,-193],[-287,-174],[-191,-194],[-431,-1141],[-191,-271],[-48,-116],[-96,-252],[-47,-135],[-239,-290],[-287,-581],[-48,-154],[-48,-310],[-335,-774],[-1052,-1489],[0,-97],[-143,-39],[-766,-619],[-191,-174],[-96,-193],[-143,-678],[-96,-212],[-95,-213],[-144,-213],[-191,-406],[-144,-174],[-239,-58],[-47,-116],[-335,-329],[-96,-136],[-478,-1199],[0,-174],[48,-349],[48,-348],[-48,-1102],[48,-523],[0,-174],[-48,-213],[-144,-367],[0,-194],[96,-3289],[-48,-251],[-765,-1470],[-96,-233],[-48,-406],[-478,-1296],[-48,-716],[-95,-213],[-526,-812],[-287,-271],[-287,-445],[-96,-251],[191,-794],[0,-909],[383,-1470],[0,-310],[-191,-890],[0,-309],[48,-290],[286,-542],[192,-97],[143,-193],[96,-213],[0,-193],[-96,-1122],[-48,-175],[-1147,-1392],[-1052,-2457],[-240,-407],[-526,-2128],[-47,-290],[47,-290],[287,-1142],[144,-2031],[-96,-116],[-191,-232],[-861,-677],[-48,-78],[-95,-96],[0,-174],[-48,-39],[0,-39],[-192,-97],[-143,-174],[-287,-174],[-765,-774],[-1770,-1857],[-334,-271],[-287,-290],[-96,-77],[-383,-155],[0,-58],[-287,-252],[-143,-77],[-670,-174],[-669,-77],[-287,-58],[-861,-310],[-669,-155],[-383,-58],[-96,-38],[-143,-78],[-96,-39],[0,-58],[-334,-328],[-527,-387],[-430,-426],[-622,-426],[-287,-154],[-95,-78],[-48,-77],[-144,-329],[-286,-464],[-240,-426],[-191,-271],[-526,-851],[-430,-484],[-287,-541],[-192,-232],[-239,-349],[-95,-193],[-96,-194],[0,-116],[0,-406],[-96,-329],[-143,-290],[-1052,-1199],[-48,-39],[-48,-136],[-48,-154],[-95,-39],[-239,-155],[-192,-77],[-95,-20],[-96,-96],[-191,-232],[-861,-697],[-574,-367],[-717,-620],[-383,-212],[-335,-252],[-335,-367],[-143,-252],[-96,-251],[0,-271],[48,-78],[0,-77],[-191,-522],[-48,-174],[48,-175],[143,-174],[48,-58],[0,-96],[0,-561],[478,-2748],[-287,-1683],[-334,-832],[-48,-154],[0,-155],[96,-677],[47,-406],[-47,-561],[95,-658],[-95,-619],[95,-194],[96,-213],[0,-251],[-48,-503],[48,-252],[143,-135],[192,-77],[47,-136],[0,-251],[-95,-213],[-144,-348],[-669,-987],[-287,-619],[-287,-484],[-813,-870],[-574,-948],[-96,-252],[-191,-174],[-191,-541],[-431,-620],[-95,-77],[-48,-116],[-287,-677],[-287,-271],[-96,-58],[-478,-232],[-622,-155],[-573,-77],[-574,-78],[-1913,-522],[-239,-97],[-240,-135],[-143,-213],[-430,-1122],[-48,-97],[-287,-271],[-48,-77],[-143,-39],[-335,-154],[-478,-155],[-1483,-639],[-287,-154],[-335,-136],[-334,-155],[-144,-232],[-96,-155],[-478,-599],[-717,-851],[-287,-233],[-717,-309],[-96,-136],[-96,-135],[-1004,-871],[-1100,-1567],[-96,-193],[-143,-174],[-191,-155],[-622,-232],[-909,-464],[-382,-116],[-479,-39],[-191,39],[-382,212],[-192,58],[-48,20],[-95,155],[-96,58],[-96,0],[-286,0],[-48,38],[-96,136],[-239,0],[-287,-58],[-143,-78],[-287,-251],[-144,-58],[-239,-39],[-239,-39],[-96,349],[239,889],[-47,117],[-96,96],[-48,116],[0,136],[48,116],[96,193],[0,116],[-48,271],[-144,194],[-191,154],[-191,213],[-96,445],[-96,252],[0,96],[96,155],[191,174],[526,174],[144,136],[143,193],[239,213],[192,213],[48,232],[-96,77],[-478,252],[-239,251],[-240,291],[-47,154],[-48,78],[48,58],[95,155],[0,154],[0,116],[-48,97],[-47,58],[-240,-19],[-573,-271],[-622,-116],[-287,-174],[-478,-368],[-479,-213],[-526,-135],[-1147,-116],[-526,-174],[-383,-464],[0,-20],[-48,-39],[-191,-116],[-239,-232],[-144,-77],[-143,0],[-383,97],[-382,-20],[-144,20],[-143,116],[-192,290],[-95,155],[-287,154],[-287,20],[-861,-252],[-143,-58],[-48,-135],[143,-1103],[-48,-232],[-191,-464],[-48,-252],[144,-484],[-48,-96],[-96,0],[-143,38],[-96,-58],[-48,-116],[48,-212],[-95,-97],[-96,0],[-335,77],[-96,0],[-286,-155],[-287,-464],[-144,-39],[-143,-38],[-144,77],[-287,232],[-143,58],[-144,-19],[-430,-213],[96,-97],[47,-96],[0,-97],[-143,-58],[-717,-445],[-335,-368],[-144,-96],[-287,483],[-95,407],[-96,135],[-96,116],[-191,77],[-813,252],[-239,135],[-622,465],[-382,212],[-144,97],[-143,387],[-239,290],[-96,174],[-287,291],[-335,-20],[-239,-251],[48,-387],[-622,251],[-861,910],[-526,348],[-287,251],[-239,561],[-191,233],[-191,96],[-144,-19],[-191,-58],[-191,-39],[-192,39],[-239,116],[-95,39],[-192,58],[-287,-155],[-143,-271],[-144,-271],[-143,-174],[-239,-116],[-239,-155],[-192,-193],[-286,-464],[-144,-117],[-191,-77],[-1483,-232],[-908,-252],[-192,-19],[-382,39],[-96,-155],[0,-484],[-48,-251],[-574,-948],[-143,-136],[-191,-58],[-431,-38],[-191,-39],[-191,-77],[-144,-78],[-143,271],[-144,116],[-143,78],[-144,0],[-48,-58],[-430,-1181],[-335,-483],[-1482,-1084],[-144,-135],[-191,155],[-191,193],[-287,426],[-479,522],[-334,271],[-144,310],[-717,677],[-144,135],[0,58],[48,78],[96,0],[143,-175],[96,20],[48,135],[-48,252],[-335,387],[-574,445],[-47,135],[0,116],[334,0],[239,232],[48,271],[-239,426],[-1482,1296],[-1387,1025],[-1244,929],[-621,329],[-622,503],[-287,348],[-48,58],[-191,251],[0,116],[0,252],[0,135],[-48,97],[-1196,793],[-1291,735],[-430,291],[-335,174],[191,329],[861,2050],[239,368],[335,251],[478,252],[383,290],[430,232],[526,78],[526,154],[287,329],[239,348],[383,213],[670,-77],[478,-329],[1052,-1470],[239,-194],[287,-96],[717,77],[287,-19],[765,-194],[240,0],[47,19],[192,78],[287,174],[239,251],[143,252],[-95,232],[-287,135],[-287,78],[-287,135],[-144,252],[48,251],[765,1548],[192,290],[573,368],[144,232],[-144,367],[-478,213],[-669,155],[-479,193],[-526,387],[-287,136],[-717,271],[-143,77],[-96,97],[-48,38],[48,58],[0,794],[96,212],[143,271],[144,78],[191,0],[287,19],[335,174],[0,252],[-192,251],[-1004,929],[-478,580],[-192,213],[-287,77],[-382,-116],[-526,-309],[-239,-39],[-48,271],[143,445],[0,77],[1005,1354],[95,291],[48,251],[0,232],[-48,290],[-143,252],[-335,464],[-96,252],[0,193],[96,639],[-48,251],[-287,658],[96,232],[48,0],[478,0],[670,-174],[191,-97],[95,-77],[48,-97],[96,-97],[430,-309],[239,-116],[240,-20],[239,116],[430,368],[287,97],[478,77],[574,155],[431,174],[143,-58],[239,-155],[431,-483],[382,-252],[431,-39],[5260,987],[-143,252],[95,367],[192,387],[95,329],[-95,484],[0,174],[95,174],[239,309],[96,213],[-526,194],[-287,367],[-96,464],[-143,1239],[48,154],[143,-38],[192,-136],[239,-232],[239,-58],[191,77],[48,117],[0,116],[0,96],[96,155],[95,77],[48,59],[670,386],[143,39],[622,19],[574,-212],[908,-542],[48,-39],[574,-154],[191,-136],[192,-271],[286,-832],[96,-251],[96,-78],[191,-174],[48,-77],[48,-252],[0,-19],[0,-39],[0,-77],[0,-58],[239,-58],[0,-58],[-48,-77],[0,-58],[-96,-78],[0,-77],[48,-78],[144,-154],[47,-78],[48,-116],[48,-193],[191,0],[287,135],[144,-97],[239,-348],[143,-135],[48,-310],[48,-77],[96,-97],[95,0],[48,-19],[48,-116],[-143,-97],[-48,-97],[-48,-116],[0,-97],[-48,-116],[-48,-96],[-48,-78],[-143,-97],[-96,-116],[48,-58],[191,0],[144,136],[239,213],[191,38],[287,-58],[861,-329],[287,-58],[143,20],[240,135],[191,19],[96,-19],[2343,-754],[239,-20],[239,58],[287,-38],[96,0],[191,38],[48,-19],[143,-135],[48,-20],[144,78],[47,77],[48,116],[96,116],[96,97],[430,271],[143,96],[192,194],[95,116],[192,58],[287,97],[143,77],[48,97],[48,251],[95,116],[1005,832],[95,136],[48,116],[48,232],[48,116],[143,232],[239,368],[48,58],[48,-20],[143,-77],[192,-155],[143,-213],[96,-251],[143,-464],[287,-542],[192,-213],[239,-213],[95,-116],[48,-309],[96,-78],[143,-58],[96,-96],[191,-213],[-48,-78],[-143,-77],[-191,-348],[-287,-116],[-96,-97],[0,-445],[0,-58],[191,-174],[287,-77],[335,-20],[287,58],[239,116],[96,58],[143,0],[144,-77],[48,-213],[47,-77],[96,0],[622,174],[95,0],[144,0],[191,-97],[144,-58],[95,19],[96,78],[48,155],[95,212],[96,97],[143,78],[96,116],[0,290],[48,116],[96,97],[287,193],[95,58],[144,58],[621,136],[48,-39],[-95,367],[-1005,736],[-48,386],[192,117],[478,154],[143,155],[48,97],[-95,193],[0,116],[95,58],[192,78],[95,77],[96,155],[48,600],[95,232],[0,116],[-48,97],[-95,58],[-96,58],[0,77],[48,116],[0,116],[48,116],[48,78],[95,77],[1578,522],[0,20],[383,155],[96,174],[-96,483],[0,97],[48,310],[48,909],[95,