{"type":"Topology","transform":{"scale":[0.00008510570210553162,0.00012992043434911836],"translate":[-165.82305823058232,-21.93912741460599]},"objects":{"COK":{"type":"MultiPolygon","arcs":[[[0]],[[1]],[[2]],[[3]],[[4]],[[5]],[[6]],[[7]],[[8]],[[9]],[[10]],[[11]],[[12]]]}},"arcs":[[[92935,13],[-169,-13],[-170,13],[-127,39],[-84,65],[-85,91],[43,91],[126,91],[85,65],[127,13],[169,-26],[127,-78],[254,-182],[0,-78],[-127,-65],[-169,-26]],[[71531,5407],[-43,-78],[-42,-52],[-338,26],[-43,0],[-211,65],[-466,-26],[-169,91],[85,52],[84,143],[0,91],[127,52],[296,26],[212,-13],[254,-26],[169,-78],[85,-117],[0,-156]],[[99914,13608],[-84,-65],[-169,26],[-85,117],[0,143],[127,39],[169,-39],[127,-104],[-85,-117]],[[90947,14830],[-170,-52],[-211,26],[-169,117],[-85,182],[212,26],[253,-65],[212,-91],[-42,-143]],[[88705,16259],[84,-39],[-169,78],[42,-13],[43,-26]],[[88451,16337],[-42,0],[42,13],[84,39],[-84,-52]],[[95346,16142],[-169,-104],[0,104],[-43,78],[-84,39],[-85,65],[0,104],[43,65],[253,182],[85,39],[0,-156],[0,-221],[0,-195]],[[80921,20639],[43,-52],[169,26],[0,-26],[-42,-13],[-43,-26],[-127,39],[-169,78],[-42,65],[84,26],[85,-39],[42,-78]],[[71108,23940],[126,-64],[0,-65],[-42,26],[-42,52],[-42,13],[-85,-143],[0,-26],[42,-169],[-84,-78],[-127,0],[-85,78],[-42,91],[84,143],[43,52],[84,77],[170,13]],[[127,85052],[-85,-13],[-42,13],[0,52],[85,13],[42,0],[42,0],[-42,-65]],[[56895,88965],[507,-325],[-550,312],[-127,65],[0,26],[170,-78]],[[55795,91616],[-169,-65],[0,78],[211,52],[-42,-65]],[[92639,99739],[-254,0],[-212,39],[-211,91],[-127,91],[42,39],[762,-208],[0,-52]]]}