{"type":"Topology","transform":{"scale":[0.000013176263523952675,0.000010182222759620391],"translate":[43.213032130321324,-12.380091489800037]},"objects":{"COM":{"type":"MultiPolygon","arcs":[[[0]],[[1]],[[2]]]}},"arcs":[[[47814,663],[-1913,0],[-4918,1327],[-5464,166],[-1093,497],[-547,830],[274,1658],[-274,995],[-819,663],[-547,498],[-546,497],[-273,1327],[0,3483],[273,1492],[1366,-663],[1093,-664],[3279,-829],[1366,-497],[3825,-3317],[819,-995],[547,-332],[4098,-3482],[820,-1659],[-273,-829],[-1093,-166]],[[96447,28855],[3279,-13101],[273,-1326],[-273,-11940],[-273,-1825],[-820,-663],[-820,332],[-819,829],[-547,995],[-273,829],[0,1327],[-547,663],[-5464,4809],[-820,1327],[-273,1493],[-1366,663],[-3005,829],[-4645,3151],[-547,663],[-3005,2156],[-1093,1493],[1093,0],[1093,-332],[1912,-995],[1367,-498],[2459,-331],[819,-498],[547,332],[819,497],[273,498],[2186,-663],[2186,2321],[1093,3649],[-273,3316],[819,332],[1093,829],[820,332],[273,166],[273,331],[274,166],[546,0],[546,-331],[547,-1493],[273,-332]],[[18852,44112],[-819,-166],[-1093,166],[-274,664],[-546,1161],[-4098,5140],[-1366,498],[-3006,332],[-819,165],[-1093,664],[-1366,1492],[-547,995],[-273,830],[0,829],[-547,995],[-1912,2487],[-820,1493],[-273,2487],[273,829],[547,1161],[1639,3151],[0,995],[-273,995],[0,1161],[819,17413],[0,1161],[-546,995],[820,1824],[819,2322],[820,1990],[820,0],[3278,1326],[1913,332],[1366,-663],[820,-1493],[819,-1658],[274,-1659],[-1640,-18407],[547,-3980],[3278,-6136],[1366,-3980],[0,-995],[0,-2156],[0,-995],[274,-664],[546,-663],[546,-663],[0,-995],[274,-995],[546,-1161],[1639,-2985],[0,-829],[-819,-1825],[-273,-995],[0,-663],[-274,-497],[-546,-498],[-820,-332]]]}