{"type":"Topology","transform":{"scale":[0.00002692853856807852,0.00002392737918802964],"translate":[-25.360453604536048,14.804313978041549]},"objects":{"CPV":{"type":"MultiPolygon","arcs":[[[0]],[[1]],[[2]],[[3]],[[4]],[[5]],[[6]],[[7]],[[8]]]}},"arcs":[[[25133,1623],[-133,-706],[-268,-282],[-401,-212],[-133,-423],[-401,0],[-268,423],[-668,494],[-268,494],[-267,-282],[134,424],[133,352],[-133,353],[-134,353],[535,0],[-134,776],[401,283],[669,70],[534,283],[401,-424],[268,-564],[133,-706],[0,-706]],[[38101,1129],[-1604,-635],[-1337,212],[-1337,705],[-2139,1976],[-535,777],[-133,847],[133,846],[535,1059],[669,847],[935,706],[2273,1270],[669,282],[802,71],[802,-212],[401,-494],[401,-635],[535,-1412],[401,-2046],[0,-565],[-268,-423],[134,-494],[134,-494],[133,-424],[-267,-423],[-1337,-1341]],[[60160,21454],[134,-283],[668,494],[535,-353],[267,-776],[-535,-494],[535,-776],[535,-424],[1337,-776],[-401,-282],[668,-141],[401,-283],[535,-1058],[1069,-1341],[669,-423],[535,70],[133,-212],[134,-141],[0,-70],[267,-141],[-133,-71],[267,-212],[267,-282],[134,0],[401,71],[134,-71],[0,-141],[-134,-282],[134,-142],[1470,-3175],[134,-141],[134,0],[134,-141],[133,-283],[0,-211],[134,-142],[134,-141],[267,-70],[-267,-635],[-268,-353],[-802,-706],[267,-282],[-401,-706],[-133,-635],[-401,-494],[-535,-212],[-267,-70],[-535,-142],[-268,-70],[-267,70],[-401,142],[-267,70],[-1204,0],[-1069,141],[-936,353],[-936,424],[-1470,1340],[-535,706],[0,1412],[-401,282],[-669,212],[-534,282],[0,212],[-268,917],[-133,141],[-134,212],[-134,211],[0,353],[0,283],[535,1058],[134,353],[0,565],[-535,1411],[401,141],[267,282],[134,424],[0,494],[134,423],[133,283],[134,211],[134,212],[-134,706],[-267,847],[-401,635],[-535,282],[267,71],[802,423],[-534,282],[-268,0],[1070,918],[267,0],[0,-353],[134,-141],[0,-141]],[[81149,21524],[535,-282],[802,212],[401,-283],[267,-494],[0,-635],[0,-1129],[401,-2399],[0,-1130],[-668,-1058],[-134,-71],[-668,-141],[-134,-70],[-134,-212],[-267,-494],[-134,-141],[-534,-71],[-535,141],[-802,494],[-802,706],[-402,494],[-267,494],[134,565],[267,494],[134,494],[-268,494],[535,352],[268,494],[-268,494],[-535,71],[134,565],[802,705],[535,988],[-134,141],[0,71],[-133,141],[534,212],[535,353],[0,-141],[0,-424],[268,282],[133,71],[134,212],[267,-283],[-267,-282]],[[93181,58574],[802,-71],[401,353],[267,635],[669,141],[2139,-564],[401,-212],[401,-282],[134,-282],[267,-847],[134,-141],[668,-283],[134,-705],[-134,-1624],[134,-70],[267,-353],[134,-494],[-134,-212],[-133,-141],[-134,-423],[0,-353],[-669,-494],[-2005,-1764],[-1337,-777],[-668,-211],[-2139,-141],[-401,70],[-401,141],[-535,494],[-401,141],[-1337,706],[-535,423],[-133,918],[0,776],[133,776],[401,565],[535,212],[802,705],[-401,3670],[267,1341],[134,-353],[134,-212],[535,-352],[668,-353],[936,-353]],[[39705,76781],[268,0],[2139,353],[401,-71],[1337,-705],[267,-71],[3075,-282],[802,-353],[802,-635],[401,-282],[134,211],[0,-1482],[-401,-70],[-2674,-71],[-2807,1412],[-1604,423],[-1471,-635],[-535,-706],[-1069,-2117],[-268,-1553],[-401,494],[-535,1553],[-133,353],[-268,282],[-267,353],[0,565],[0,423],[-134,353],[-267,212],[-267,70],[-936,282],[-535,706],[-267,918],[401,917],[2139,847],[401,-71],[401,-211],[535,-283],[802,-847],[534,-282]],[[91443,79675],[535,-494],[133,-283],[-133,-423],[-134,-847],[0,-423],[-134,-212],[-267,-282],[-134,-212],[0,-212],[134,-353],[0,-211],[134,-71],[-268,-353],[-267,-141],[-268,-141],[-534,-212],[-401,3176],[-535,1200],[-802,-424],[-134,635],[-134,777],[134,776],[401,423],[0,283],[-535,141],[-133,423],[-134,565],[0,1270],[802,635],[1738,1270],[267,-352],[669,-636],[134,-352],[-134,-142],[-134,-494],[-267,-423],[0,-141],[134,-71],[133,-141],[-133,-2470],[133,-776],[134,-282]],[[16043,88355],[401,-424],[133,-352],[-267,-212],[0,-141],[267,-424],[535,-353],[535,-211],[134,-212],[133,-565],[134,-564],[0,-424],[-668,-494],[-803,-352],[-1069,-212],[-936,-71],[-267,-70],[-268,-424],[-267,-70],[-267,70],[-2273,988],[-401,212],[-268,282],[-133,424],[-535,-283],[134,918],[401,706],[534,494],[535,211],[1203,0],[401,283],[-133,564],[1069,635],[134,283],[267,0],[268,-636],[401,71],[535,565],[401,-212]],[[10027,99858],[401,-353],[936,71],[534,-212],[401,-282],[134,-283],[0,-988],[134,-211],[936,-212],[133,-141],[134,-212],[535,-494],[133,-282],[0,-424],[-267,-423],[-1337,-1623],[-134,0],[-267,-141],[-668,-283],[-134,-141],[-267,-423],[-2273,-1129],[-1070,-1130],[-668,-1058],[-936,-706],[-1604,-211],[-1471,0],[-401,-142],[-267,-141],[-401,0],[-401,424],[-134,494],[0,2752],[-535,988],[-133,141],[-669,141],[-134,141],[-267,706],[134,635],[936,1129],[534,353],[535,71],[535,0],[267,0],[401,282],[936,917],[668,353],[936,565],[802,282],[2273,1200],[669,141],[401,-141]]]}