{"type":"Topology","transform":{"scale":[0.000045576911533673024,0.000056939394934393977],"translate":[-87.1190711907119,5.515450416416812]},"objects":{"CRI":{"type":"MultiPolygon","arcs":[[[0]],[[1]],[[2]],[[3]]]}},"arcs":[[[474,0],[-474,0],[316,386],[237,177],[316,119],[316,59],[0,-178],[0,-237],[-316,-237],[-395,-89]],[[71247,55960],[-158,-59],[-237,59],[-158,89],[316,119],[316,0],[-79,-208]],[[43286,80575],[236,-89],[79,0],[237,-30],[79,-89],[237,-30],[237,0],[0,-118],[-316,-60],[-316,-59],[-395,-30],[-315,30],[-395,119],[-237,178],[-316,444],[474,89],[158,30],[710,-119],[632,-148],[0,-118],[-789,0]],[[76224,95017],[473,-386],[553,-830],[395,-860],[-79,-564],[-316,327],[-553,1127],[395,-1424],[-79,-563],[-631,-415],[315,29],[237,148],[237,149],[316,148],[-158,-89],[0,-119],[0,-118],[158,-148],[79,207],[79,386],[79,237],[1106,-2343],[1343,-2461],[1580,-2076],[4186,-4360],[316,-178],[1422,-1364],[790,-682],[553,237],[237,-118],[553,-60],[79,-148],[79,-326],[78,-267],[158,-237],[237,-237],[1027,-1216],[316,-178],[1264,-1335],[948,-711],[553,118],[158,-267],[158,-711],[158,-327],[316,-207],[1500,-415],[553,-30],[474,0],[474,-30],[474,-178],[553,-652],[316,-178],[79,0],[237,-652],[-237,-30],[-316,148],[-316,59],[-158,-207],[-79,-682],[-158,-208],[-316,-29],[-395,59],[-395,89],[-158,59],[-237,208],[-316,445],[-237,177],[-157,-59],[-237,59],[-869,623],[-1264,415],[-395,-59],[-474,-267],[-237,-267],[0,-178],[237,-355],[158,-505],[79,-89],[158,-29],[79,-60],[0,-148],[-316,-148],[-1185,-119],[-395,-118],[-237,-238],[0,-355],[0,-1454],[0,-2105],[79,-2877],[0,-178],[632,208],[237,0],[158,-89],[79,-119],[79,-148],[79,-119],[79,-59],[553,-148],[948,-593],[1027,-267],[316,-178],[553,-742],[79,-177],[0,-30],[-316,-386],[-632,-296],[-2291,-742],[-237,-148],[-237,-237],[158,-89],[158,-59],[0,-238],[-237,-207],[-632,-326],[-158,-149],[-79,-267],[158,-237],[158,-237],[711,-593],[316,-415],[316,-475],[158,-534],[158,-1216],[-79,-622],[-237,-505],[-474,-474],[-553,-237],[-632,-149],[-632,-237],[-948,-741],[-1026,-445],[-158,-148],[-79,-208],[237,-178],[631,-267],[79,-118],[237,-238],[79,-89],[158,0],[316,89],[158,-29],[395,-148],[158,-178],[79,-564],[1185,-2016],[-158,-801],[-79,-386],[-316,178],[0,267],[158,297],[158,267],[-79,237],[-1501,2016],[-553,445],[-2685,1572],[-790,593],[632,623],[158,59],[79,178],[316,237],[79,267],[-79,267],[-711,712],[-158,208],[0,266],[158,89],[237,60],[395,178],[-316,59],[-632,-30],[-316,89],[-158,149],[-395,682],[79,89],[0,59],[79,119],[158,0],[158,-297],[79,-148],[0,-208],[158,-59],[632,207],[0,149],[-316,89],[-316,178],[-237,237],[-158,207],[-158,0],[-158,-207],[-395,-30],[-474,59],[-395,-59],[-158,237],[-237,238],[-316,118],[-316,-118],[-632,326],[-236,267],[157,356],[-157,29],[-158,-29],[79,296],[-316,148],[-474,60],[-316,118],[-158,-207],[-79,0],[-158,89],[-237,0],[-79,-89],[-79,-119],[-79,-118],[-316,-60],[-711,89],[-316,-89],[-79,-326],[158,89],[158,0],[790,-919],[79,-267],[474,-564],[158,-178],[237,-118],[869,-178],[316,-60],[316,-118],[236,-297],[316,-178],[237,119],[0,-415],[0,-178],[-158,-119],[0,-118],[316,-386],[158,-593],[-79,-652],[-237,-445],[-474,0],[-789,207],[-790,297],[-316,237],[158,0],[79,-59],[79,-30],[316,-29],[-474,148],[-158,89],[-158,118],[0,-237],[-1264,445],[-474,30],[-1343,-119],[-395,0],[-316,119],[-237,237],[-553,563],[-1895,1394],[-158,178],[-79,0],[-474,148],[-79,60],[-79,563],[632,801],[158,148],[316,178],[237,59],[158,-59],[79,-89],[158,119],[474,652],[158,119],[-237,267],[316,326],[631,267],[474,89],[0,118],[-474,30],[-237,0],[-158,-119],[-236,-207],[-237,-89],[-79,148],[79,297],[315,296],[553,208],[237,148],[79,208],[-79,178],[-316,118],[-237,178],[-79,297],[395,-178],[237,-60],[237,0],[-79,119],[-158,119],[-316,118],[-158,89],[-79,89],[-158,60],[-236,0],[315,148],[-79,89],[-157,59],[-79,59],[79,208],[157,119],[158,148],[237,148],[-631,1216],[-79,148],[-395,297],[-158,-119],[-474,504],[-474,594],[-553,474],[-869,119],[79,474],[-474,386],[-711,267],[-474,89],[-1738,1304],[-1658,623],[-316,178],[-2054,653],[-158,0],[-158,-89],[-79,0],[-158,89],[-79,118],[-316,-89],[-158,119],[-158,148],[-395,59],[237,327],[-316,444],[-553,416],[-553,148],[0,-119],[158,-29],[158,-30],[237,-178],[-553,89],[-868,415],[-632,89],[-553,30],[-2923,652],[-553,30],[-237,-30],[-316,-59],[-237,-59],[-316,29],[-236,178],[-158,208],[-79,178],[-316,59],[79,-89],[0,-59],[79,-119],[-395,237],[-790,416],[-158,267],[-79,237],[-158,118],[-237,60],[-237,118],[-79,178],[0,208],[-79,118],[-316,-29],[79,207],[0,178],[-79,178],[0,178],[158,178],[316,297],[158,296],[158,149],[158,207],[79,237],[-79,238],[-158,178],[-316,266],[-948,1038],[-237,149],[-316,118],[0,267],[316,415],[-553,356],[-79,178],[158,237],[-632,149],[-1974,-149],[0,149],[237,59],[394,30],[711,0],[0,118],[-632,30],[-631,89],[-553,148],[-553,237],[-632,445],[-158,89],[-158,30],[-237,148],[-237,148],[158,89],[-395,149],[-869,682],[-474,178],[-237,148],[-158,59],[-79,-59],[-158,-59],[-79,0],[-237,118],[158,178],[79,119],[-158,59],[-79,30],[-237,207],[-395,-118],[-1500,0],[-395,89],[-395,178],[-553,445],[0,118],[158,326],[-395,356],[-948,534],[158,-356],[632,-356],[158,-445],[79,-800],[79,-475],[316,-326],[-316,-148],[0,-267],[316,-208],[632,-207],[237,-178],[316,-445],[158,0],[158,59],[79,-59],[0,-119],[-158,0],[-237,0],[-158,60],[-158,59],[0,-119],[395,-296],[474,-356],[1342,-415],[158,-89],[158,59],[395,-119],[869,-385],[395,-89],[395,0],[395,119],[237,-149],[553,-296],[237,-149],[0,-118],[-395,-89],[0,-267],[237,-267],[316,-237],[-158,-30],[-158,-118],[-316,-208],[316,-119],[395,-29],[790,29],[0,-118],[-316,-178],[-395,-119],[-316,-178],[-158,-296],[-79,-89],[-474,-238],[-158,-118],[-79,-326],[-79,-149],[-711,267],[-316,30],[-158,-237],[79,-119],[316,-356],[-79,-59],[-711,-267],[-79,-30],[-79,-89],[-553,-207],[-79,-149],[-474,-1215],[-237,-297],[-237,-267],[-158,0],[-631,979],[-1817,1987],[-158,207],[-79,89],[-158,89],[-553,208],[-79,118],[0,178],[0,119],[-553,445],[-711,326],[-2370,682],[-157,-59],[-316,-149],[-158,-59],[-237,30],[-237,178],[-316,59],[-79,0],[-79,30],[0,59],[-79,59],[-158,60],[-158,-30],[-79,-59],[0,-30],[-1264,326],[-553,60],[-158,89],[-158,88],[-158,60],[-237,0],[-158,-89],[-158,0],[-158,207],[158,327],[-237,415],[-2290,2194],[-79,208],[-237,474],[-237,327],[-869,1660],[-79,475],[-79,326],[-158,208],[316,237],[158,178],[-79,118],[-474,475],[-237,148],[158,178],[316,237],[316,297],[158,297],[395,-119],[158,178],[158,267],[474,296],[-158,297],[-316,326],[-237,208],[158,59],[0,30],[158,29],[0,119],[-316,0],[0,119],[237,29],[158,119],[158,326],[158,0],[316,-178],[473,148],[395,178],[316,-29],[158,0],[0,237],[79,118],[79,60],[158,59],[158,267],[79,0],[316,-30],[632,564],[0,148],[-158,89],[-316,178],[-869,-741],[0,59],[0,59],[0,30],[-158,0],[0,89],[237,237],[158,89],[237,59],[-158,119],[0,-30],[-79,-29],[0,-30],[-79,-30],[0,119],[79,59],[237,60],[0,118],[-158,0],[0,119],[316,237],[79,593],[-79,1157],[-316,296],[-790,267],[-711,89],[-315,-178],[-158,0],[-553,415],[-158,149],[79,-30],[158,30],[0,118],[-79,119],[-158,30],[-474,-30],[-158,0],[-632,178],[-553,237],[-553,208],[-790,89],[0,118],[474,89],[948,356],[474,30],[-79,118],[-79,60],[-79,29],[-158,30],[0,119],[1027,59],[316,-59],[79,-119],[0,-178],[-79,-118],[79,-60],[79,-29],[316,-208],[79,0],[158,119],[0,118],[-237,208],[237,118],[474,60],[473,-30],[158,-59],[158,-149],[158,-29],[158,59],[79,89],[0,119],[-158,89],[0,148],[316,89],[158,178],[-79,237],[-237,208],[-158,89],[-316,118],[-158,89],[-237,149],[0,59],[158,0],[158,89],[316,237],[158,-59],[237,-178],[474,0],[237,207],[-79,238],[-237,267],[-237,148],[-158,59],[474,682],[395,682],[632,653],[790,237],[632,-237],[553,-445],[711,-326],[2211,-653],[3002,-860],[790,-237],[3159,-919],[3555,-1009],[474,-59],[553,148],[2211,1187],[1659,830],[632,148],[395,-148],[869,-475],[395,-29],[474,0],[474,-119],[1105,-385],[158,-30],[79,-30],[79,-29],[158,-60],[474,-504],[158,-118],[237,-89],[237,-60],[237,-29],[158,59],[1185,623],[237,89],[158,-89],[79,-119],[0,-178],