{"type":"Topology","transform":{"scale":[0.000004320086401295924,0.00000349538990255622],"translate":[-69.17289172891728,12.041801564513449]},"objects":{"CUW":{"type":"MultiPolygon","arcs":[[[0]]]}},"arcs":[[[90832,15942],[8334,-10145],[833,-2415],[-1667,-1933],[-5000,-966],[-5833,-483],[-5000,483],[-5833,3382],[-11667,10145],[-12500,4347],[-7499,5314],[-6667,6763],[-3333,6281],[-1667,5797],[-3333,1932],[-4167,483],[-4167,1449],[-3333,4348],[-6666,14493],[-2500,1932],[-3334,2416],[-2500,2415],[-1666,3865],[833,10144],[0,5798],[-2500,4830],[1667,2416],[833,966],[1667,0],[833,-1449],[10000,-5314],[4166,-2899],[4167,-4831],[2500,-5314],[2500,-13043],[2500,-5797],[8333,-9662],[10000,-6280],[29167,-8212],[3333,-2899],[833,-3381],[834,-5797],[1666,-3382],[5833,-5797]]]}