{"type":"Topology","transform":{"scale":[0.0000168843376850653,0.000004930694935006912],"translate":[-81.41661416614166,19.263846547801748]},"objects":{"CYM":{"type":"MultiPolygon","arcs":[[[0]],[[1]],[[2]]]}},"arcs":[[[3198,11301],[853,-3424],[1493,0],[1066,1369],[213,2398],[426,2739],[427,-685],[853,-684],[0,684],[-214,685],[-213,1370],[427,-1370],[-214,685],[0,685],[0,685],[214,685],[-214,685],[-213,1027],[-426,2398],[1066,-343],[2132,-3082],[1279,-685],[3199,1370],[1279,0],[1066,-342],[1066,-1370],[640,-2398],[213,-5137],[-1279,-2739],[-1706,-1028],[-1919,1713],[-1493,-685],[-1279,-685],[-1066,-685],[-853,-2055],[-1066,-2740],[-640,0],[-3837,1370],[-1067,343],[-1066,-343],[-639,-1712],[-640,2055],[213,3082],[214,1370],[213,2397],[213,3425],[0,2739],[-426,2740],[-853,2397],[-640,1370],[213,2397],[213,1713],[853,1027],[1066,-1370],[0,-2739],[427,-3425],[639,-3767],[-213,-4110]],[[85927,89383],[-214,-343],[-426,-1027],[-1706,-1370],[-4264,-7534],[-2132,1027],[853,3767],[1066,1713],[1066,3082],[1492,685],[1706,0],[1706,2054],[853,-2054]],[[92536,86643],[-2345,-2397],[1279,5137],[4051,5822],[2133,3767],[1279,1027],[853,-1027],[213,-3083],[-2772,-4794],[-4691,-4452]]]}