{"type":"Topology","transform":{"scale":[0.00001825236504547583,0.000005623018538894665],"translate":[32.27252272522725,34.62483397192467]},"objects":{"CYP":{"type":"MultiPolygon","arcs":[[[0]],[[1]],[[2]],[[3]]]}},"arcs":[[[81459,64564],[197,300],[197,0],[395,-300],[197,-601],[197,0],[395,0],[197,-300],[197,-901],[-197,0],[-197,0],[-198,-300],[-197,0],[0,600],[-197,0],[-395,0],[0,901],[-197,301],[-394,300]],[[80275,67567],[198,901],[0,600],[197,301],[394,0],[0,-1802],[-394,-300],[-197,-301],[0,301],[-198,300]],[[95857,76876],[789,-1802],[789,-2402],[592,-4805],[591,-3303],[789,-2703],[592,-1201],[-592,-300],[-1578,300],[-1380,1201],[-592,1802],[-592,901],[-2958,-1201],[-2564,-1802],[-592,-901],[-394,-1501],[-1578,900],[-987,-600],[-394,901],[592,1501],[591,301],[0,3003],[-986,300],[-789,1501],[197,3904],[-394,1201],[-1381,1502],[395,2102],[394,901],[789,901],[395,-601],[394,-1201],[789,601],[592,1201],[394,1201],[395,901],[986,-2102],[592,-601],[591,-600],[592,-601],[789,0],[789,1201],[986,0],[592,-901],[592,-901],[591,301],[395,600],[197,901]],[[78303,64564],[0,-2703],[-1183,-1201],[-1381,-3904],[-395,-2102],[-394,-3003],[-395,-3003],[0,-3303],[0,-3303],[0,-1502],[-591,-600],[-395,-601],[-197,-3303],[-394,-901],[-789,-901],[-1776,0],[-788,-300],[-395,-1502],[-592,-2102],[-591,-1802],[-789,-901],[-1775,-901],[-1578,-2102],[-1381,-901],[-789,2703],[0,-5105],[-1578,-2402],[-4142,-2403],[-789,-901],[-394,-900],[-789,-1202],[-789,-600],[-3945,1501],[-3945,-1501],[-789,-601],[-788,-1201],[-2565,-6306],[-591,-3003],[-1184,0],[-1183,-601],[-395,-1201],[-394,601],[-197,2702],[789,1502],[197,-901],[986,0],[0,4805],[-1972,600],[-592,-1802],[-394,-1801],[-198,901],[-789,900],[-197,-1201],[-1578,1201],[-986,2103],[-394,1501],[0,2402],[-395,-300],[-394,0],[-198,0],[-394,0],[-197,300],[-198,-901],[-197,-900],[-197,-601],[-789,-300],[-394,-2703],[-987,601],[-789,300],[-394,-1201],[197,-2703],[-789,-601],[-2169,-900],[-2367,1201],[-2170,2702],[-2761,4505],[-986,1201],[-1184,901],[-2367,601],[-986,900],[-789,1502],[-2169,4805],[-395,901],[-394,5105],[-197,901],[0,1801],[-1184,9310],[-592,1201],[-1183,2102],[-592,1501],[-394,1802],[-395,2102],[0,2403],[395,2102],[-986,4804],[-198,1802],[0,3904],[-197,3303],[-1183,5406],[-395,2702],[-197,4505],[197,3303],[592,1201],[1183,-2102],[1578,-4805],[789,-1801],[1184,-1202],[2169,301],[1973,2702],[1775,4205],[1183,4804],[789,5406],[592,3003],[789,1801],[197,901],[197,601],[197,601],[395,-301],[394,-901],[395,-300],[592,300],[394,-1801],[789,-1502],[789,-300],[592,300],[789,1502],[394,2102],[395,2402],[1577,-601],[395,-4804],[394,-2403],[395,-1802],[986,-1201],[1381,-1201],[1183,-1501],[986,-1502],[592,-1501],[197,-2403],[0,-1802],[395,-1501],[591,-601],[395,0],[1381,1202],[789,1201],[197,901],[394,1801],[395,601],[394,-601],[395,-1201],[789,-1501],[789,0],[788,1201],[987,2703],[986,2702],[986,1202],[1183,2102],[592,1501],[592,300],[1381,-600],[1380,-601],[1381,0],[789,901],[394,601],[395,1501],[1183,2703],[986,0],[592,-901],[789,-901],[789,0],[394,-601],[789,-2402],[592,-1802],[789,-1501],[1381,-901],[394,601],[197,900],[198,1502],[591,1201],[1184,3303],[394,301],[986,-301],[1381,601],[986,300],[198,-600],[0,-2102],[197,-2703],[394,-1201],[592,-1802],[789,-2102],[197,-1201],[0,-3003],[0,-3003],[0,-3304],[-394,-4204],[-395,-3003],[197,-2402],[592,-1802],[592,0],[789,601],[394,3003],[197,5105],[395,600],[394,1202],[395,1201],[592,-1201],[0,-4205],[197,-2402],[789,-901],[986,1201],[394,2403],[395,901],[592,-301],[789,-1201],[394,300],[395,601],[591,-601],[592,-600],[1183,-1802],[592,-300],[592,0],[986,-1802]]]}