{"type":"Topology","transform":{"scale":[0.0000676093521802826,0.000024822334090616422],"translate":[12.076320763207633,48.55728502572683]},"objects":{"CZE":{"type":"MultiPolygon","arcs":[[[0]]]}},"arcs":[[[40415,92720],[319,0],[533,204],[1704,-204],[53,340],[-53,1429],[0,136],[0,136],[0,204],[53,136],[160,272],[53,204],[-53,1157],[-213,612],[-266,340],[-54,408],[107,136],[53,136],[107,68],[53,0],[213,272],[53,205],[53,340],[320,-476],[745,-273],[107,-408],[159,-272],[213,-204],[160,68],[53,408],[160,544],[160,205],[160,-137],[106,-612],[107,-544],[852,-68],[426,-340],[213,-612],[0,-409],[-160,-408],[-107,-748],[54,-612],[159,-680],[160,-681],[160,-408],[319,-408],[267,-204],[213,-340],[159,-749],[0,-408],[-53,-408],[0,-340],[107,-340],[213,-136],[159,272],[160,476],[107,272],[639,68],[2928,-1768],[213,-205],[160,-476],[106,-204],[160,-68],[1225,476],[373,-68],[53,-272],[53,-204],[745,-2245],[107,-68],[373,68],[905,544],[213,-68],[213,-340],[213,-612],[106,-544],[107,-544],[-53,-477],[-213,-340],[-54,-136],[0,-68],[0,-136],[54,-136],[639,204],[905,1497],[639,-68],[426,-612],[266,-205],[213,68],[213,409],[106,544],[107,408],[160,68],[532,0],[479,-272],[480,-408],[1278,-2313],[106,-748],[-479,-341],[106,-340],[0,-136],[-53,-68],[-53,-272],[-53,-204],[0,-272],[0,-272],[53,0],[-160,-272],[-319,-544],[-107,-341],[-266,-68],[-479,204],[-213,-136],[-107,-476],[-213,-340],[-266,-272],[-266,-340],[-54,-68],[-159,-136],[-54,0],[54,-476],[0,-136],[-266,136],[-107,-613],[107,-748],[479,-136],[213,-1020],[53,-273],[213,-272],[106,68],[107,136],[160,137],[692,0],[106,-137],[107,-340],[53,-408],[-53,-340],[53,-340],[266,-612],[639,-408],[373,-409],[160,-544],[426,-1156],[213,-545],[160,-612],[479,-816],[160,-748],[159,-1361],[107,-476],[266,-612],[532,-817],[586,-612],[639,136],[426,1089],[320,408],[213,408],[159,544],[267,748],[319,477],[320,68],[266,0],[160,68],[213,68],[106,204],[266,612],[160,204],[160,0],[266,-136],[107,0],[53,136],[0,476],[53,136],[213,0],[53,-136],[107,-204],[159,-476],[160,-68],[107,340],[-54,544],[-159,408],[-54,1021],[-159,680],[-267,544],[-372,340],[-266,477],[-107,816],[-160,884],[-159,681],[-480,1224],[0,612],[426,408],[320,-68],[426,-476],[213,-204],[372,68],[1491,-748],[160,-136],[373,-544],[160,-136],[213,-68],[479,204],[160,-68],[-54,-136],[54,-477],[106,-476],[107,-340],[106,-272],[533,-612],[372,-136],[693,0],[266,-204],[-266,-204],[53,-137],[53,-136],[53,-136],[54,-68],[0,-544],[53,-544],[106,-408],[160,-272],[160,748],[319,68],[373,-476],[106,-749],[107,-68],[53,-68],[53,68],[107,68],[426,953],[692,68],[1331,-408],[373,204],[213,340],[479,1088],[54,272],[53,273],[106,136],[213,-136],[107,-136],[266,-681],[53,-68],[0,-136],[0,-136],[-53,-68],[-160,-748],[-53,-408],[53,-409],[160,-272],[213,-748],[-107,-612],[-319,-408],[-639,-681],[-373,-272],[-745,-68],[-160,-136],[-106,-408],[53,-272],[692,-1633],[266,-136],[160,0],[107,136],[159,68],[213,-68],[373,-340],[213,-68],[0,-68],[0,-68],[-160,-204],[0,-272],[0,-204],[160,-272],[160,-340],[106,-409],[107,-544],[106,-476],[160,-408],[958,-1633],[533,-204],[532,272],[426,681],[267,136],[585,0],[480,272],[106,204],[-53,408],[-107,272],[-106,0],[-107,-68],[-106,68],[-53,884],[266,-68],[213,-136],[852,-952],[-107,-748],[213,-409],[905,-340],[267,-204],[426,-680],[213,-136],[319,-136],[213,-272],[53,-204],[107,-613],[53,-272],[320,-408],[213,68],[372,612],[0,69],[0,68],[-53,0],[586,136],[586,-341],[1064,-1088],[373,0],[586,680],[213,-272],[106,-680],[-53,-612],[53,-545],[373,-340],[-373,-816],[0,-1088],[267,-1225],[319,-1292],[160,-1157],[106,-272],[160,-272],[479,-68],[213,-136],[213,-272],[267,-612],[213,-205],[213,68],[213,137],[213,68],[213,-273],[106,-272],[53,-1428],[107,-408],[160,-681],[53,-340],[213,-1768],[53,-817],[-53,-680],[-586,0],[-319,-204],[-586,-952],[-426,-69],[-426,205],[-479,476],[-107,0],[-106,0],[-426,-408],[-639,136],[-320,-340],[-53,-273],[-53,-748],[-54,-408],[-159,-204],[-480,-476],[-638,-1361],[-320,-408],[-426,204],[-53,-1905],[-320,-476],[-532,-748],[-2024,-1429],[-426,-748],[-372,-1020],[-267,-1225],[-159,-1292],[-54,-1089],[0,-272],[0,-1769],[-106,-884],[-319,-952],[-426,-749],[-480,-340],[-798,68],[-373,-68],[-266,-408],[-213,-680],[-107,-612],[-106,-1225],[-107,-544],[-266,-476],[-320,-68],[-319,136],[-320,-136],[-266,-340],[-479,-1565],[-266,-408],[-2876,-2041],[-532,204],[-426,816],[-213,204],[-373,-204],[-266,-272],[-320,-340],[-213,-136],[-1703,1565],[-693,340],[-692,-272],[-799,-1021],[-106,-408],[-107,-748],[-213,-476],[-479,-817],[-373,-1088],[-745,-3878],[-213,-544],[-213,-544],[-53,-748],[-479,1088],[-213,2653],[-373,885],[-213,0],[-586,-341],[-266,-68],[-266,204],[-533,613],[-266,136],[-533,0],[-266,68],[-160,204],[-106,476],[-53,612],[-107,476],[-319,205],[-267,68],[-851,476],[-267,272],[-159,68],[-107,0],[-266,-204],[-160,-68],[-426,136],[-266,-272],[-746,-2381],[-159,-272],[-267,-68],[-53,0],[-213,340],[-319,-136],[-2077,544],[-1331,-136],[-799,612],[-1491,1973],[0,136],[0,340],[-106,136],[-267,-136],[0,476],[-106,136],[-160,68],[-213,-136],[160,408],[-107,-68],[-106,137],[-160,204],[-319,0],[-54,136],[-106,204],[-53,476],[-107,136],[-426,0],[-106,-68],[-533,-544],[-266,-136],[-319,0],[-373,136],[-1118,1156],[-906,680],[-319,205],[-746,1156],[-319,340],[-639,340],[-692,680],[-373,137],[-692,68],[-53,68],[-54,204],[-106,136],[-107,0],[-53,-136],[-53,-545],[0,-204],[-213,-476],[-107,-68],[-1118,-544],[-266,0],[53,612],[53,544],[-106,545],[-107,544],[-1118,204],[-852,476],[-319,-68],[-53,-68],[0,-136],[0,-204],[0,-204],[-213,-885],[0,-1088],[53,-1292],[0,-1089],[-320,-2517],[-106,-476],[0,-340],[0,-204],[106,-340],[54,-272],[53,-68],[-213,-681],[-266,-68],[-799,544],[-746,205],[-213,-137],[-106,-408],[-53,-476],[-160,-476],[-53,-748],[-799,-1225],[-266,-816],[-53,-1089],[0,-1292],[-54,-1020],[-106,-137],[-213,-408],[-266,68],[-107,272],[-53,341],[-160,408],[-106,0],[-213,-136],[-160,0],[0,204],[0,272],[-53,272],[-107,136],[-213,-68],[-426,-340],[-213,-136],[-213,136],[-586,544],[-319,748],[-213,-272],[-373,-1564],[-213,-477],[-745,-612],[-320,-408],[-106,-68],[-160,-68],[-1491,952],[-2077,409],[-479,408],[-160,204],[-213,544],[-106,272],[-53,544],[53,68],[53,68],[107,409],[53,68],[53,-68],[53,68],[54,272],[-54,204],[-53,136],[-106,68],[-107,136],[-53,340],[-266,680],[-160,204],[-958,1021],[-320,476],[-266,408],[-320,272],[-585,272],[-267,545],[-745,2516],[-320,1021],[-213,204],[-532,136],[-320,204],[-213,476],[-266,613],[-160,748],[0,748],[-266,0],[-266,204],[-266,340],[-266,340],[-213,68],[-107,68],[-213,-204],[-160,-408],[-106,-748],[-373,340],[-479,544],[-426,749],[-213,612],[0,1156],[-160,681],[-639,1156],[-426,1088],[-213,273],[-266,204],[-905,68],[-426,408],[-213,680],[-213,816],[-1385,3334],[-159,204],[-480,1020],[-106,340],[0,408],[-53,341],[-267,204],[-426,748],[-213,340],[-266,204],[-532,272],[-213,-68],[53,-544],[-266,-68],[-905,204],[-267,204],[-266,408],[-479,1973],[-266,544],[-693,545],[-266,476],[-213,544],[-53,680],[-53,1293],[0,680],[-107,136],[-160,0],[-159,68],[-160,340],[-107,272],[-106,340],[-107,477],[-53,476],[-53,884],[-107,476],[-159,272],[-373,341],[-160,340],[0,136],[107,272],[-107,136],[-53,68],[106,476],[0,544],[-106,408],[-213,205],[-479,408],[-266,272],[-213,340],[-267,748],[-159,544],[-107,409],[213,612],[586,476],[266,408],[0,680],[53,817],[53,544],[320,-136],[106,612],[320,1157],[160,612],[0,748],[-54,272],[-213,204],[-639,613],[54,408],[106,544],[-53,612],[-266,408],[-533,68],[-213,409],[-53,0],[-2236,2108],[-54,272],[0,341],[0,408],[-159,408],[-213,340],[-213,204],[-213,340],[-107,613],[-53,612],[106,952],[0,612],[-159,477],[-160,408],[-373,680],[-692,816],[-160,476],[160,477],[160,204],[106,204],[53,476],[-53,612],[-160,340],[-319,613],[373,-68],[692,-68],[319,-341],[54,-408],[0,-680],[53,-272],[160,-272],[213,-136],[426,0],[106,-136],[53,-136],[0,-204],[-53,-205],[-53,0],[-53,-68],[0,-68],[-54,-68],[54,-136],[0,-68],[266,-476],[53,-136],[107,-272],[0,-204],[0,-204],[213,-1157],[159,-408],[213,0],[213,204],