{"type":"Topology","transform":{"scale":[0.000016704334085011095,0.00001778089646082951],"translate":[41.747817478174795,10.929029143660742]},"objects":{"DJI":{"type":"MultiPolygon","arcs":[[[0]]]}},"arcs":[[[70473,3894],[-1077,379],[-431,-569],[-647,-665],[-862,-285],[-862,95],[-1508,475],[-2371,190],[-1509,285],[-862,759],[-1508,3134],[-1293,380],[-1294,0],[-4310,950],[-431,0],[-2371,-190],[-5387,-1520],[-3880,-2469],[-1293,-475],[-862,0],[-1077,285],[-1294,190],[-1939,-570],[-431,-95],[-1078,95],[-646,-95],[-2155,-854],[-647,-190],[-1293,0],[-3017,665],[-3233,-380],[-1724,-475],[-1724,-1709],[-1724,-380],[-3449,-190],[-431,-95],[-215,-285],[-216,-285],[-646,95],[-216,285],[-215,380],[-216,285],[-7112,1329],[-1508,475],[-431,570],[-216,380],[1078,1614],[215,2374],[216,10826],[-647,6078],[-1508,6458],[-216,3134],[1940,5033],[646,4273],[1078,1805],[862,569],[2370,950],[647,760],[216,760],[431,284],[862,190],[646,380],[862,665],[647,570],[2370,3039],[4957,6457],[2371,4179],[647,665],[1508,664],[431,665],[862,1994],[7974,10067],[1940,3703],[3448,4464],[3233,3039],[1077,190],[1509,-380],[2802,-1140],[9267,-7692],[862,1140],[215,0],[1940,569],[862,1045],[431,475],[1940,380],[646,285],[431,1519],[-646,1804],[-216,1710],[2587,2184],[1508,3134],[862,760],[647,-95],[646,-475],[647,0],[13146,5128],[862,-570],[647,-949],[431,-1140],[646,-950],[5819,-6172],[1293,-2090],[862,-759],[1078,-285],[862,664],[0,-1994],[216,-950],[215,-949],[431,-760],[647,-665],[431,-664],[215,-950],[0,-2184],[216,-1140],[431,-760],[2155,-2944],[215,-949],[-215,-3229],[431,-4274],[-216,-1804],[-862,-1614],[-1293,-1425],[-1724,-949],[-431,-95],[-1508,-285],[-1725,-760],[-1293,-190],[-2586,-95],[-1077,-285],[-1940,-1234],[-4526,-5129],[-431,-189],[-215,-95],[-647,-285],[-431,-190],[-215,-380],[-216,-855],[-431,-285],[-862,-285],[-3233,-190],[-862,-284],[-862,-570],[-862,-380],[-1724,570],[-1078,-190],[-5603,-1805],[-1509,-854],[-1293,-1425],[-4310,-7027],[-431,-475],[-431,-285],[-1940,-570],[-646,0],[-1293,285],[-1725,-95],[-431,95],[-215,190],[-647,760],[-431,190],[-1293,-95],[-646,-475],[0,-380],[862,190],[215,-1235],[0,-95],[0,-1329],[431,-1140],[1940,-759],[1078,-950],[862,-285],[862,190],[862,760],[646,190],[647,-95],[431,-285],[646,-95],[431,285],[431,665],[-431,474],[-646,285],[-216,285],[431,950],[1293,760],[2802,1044],[3879,380],[1294,380],[646,380],[431,475],[647,189],[646,-474],[431,-190],[1509,0],[8405,95],[1293,285],[1293,-95],[1293,-665],[1078,190],[646,854],[431,665],[647,190],[431,-570],[862,-3228],[0,-95],[647,-855],[646,-475],[1940,-950],[862,-759],[-3233,-4464],[-15733,-23076]]]}