{"type":"Topology","transform":{"scale":[0.0000024120482407236347,0.000004322801038910091],"translate":[-61.490414904149034,15.201129636463975]},"objects":{"DMA":{"type":"MultiPolygon","arcs":[[[0]]]}},"arcs":[[[52238,0],[-4477,781],[0,1953],[1492,5469],[0,7031],[0,781],[-2985,2735],[-4477,3125],[-1493,2734],[0,5859],[-2985,4297],[-5970,6641],[0,1562],[-1493,4297],[-1492,2344],[-8955,5078],[-1493,1953],[-1492,1953],[-1493,2344],[-2985,1953],[-1492,781],[-2985,1172],[-1493,2734],[0,5860],[-1492,1562],[-1493,1172],[-2985,1172],[0,2344],[2985,1562],[5970,2344],[2985,2344],[-2985,390],[-4477,1172],[-4478,0],[4478,2734],[4477,9766],[7463,0],[5970,0],[4477,-1172],[4478,-1953],[7463,-5469],[4477,-1953],[7463,1953],[4477,391],[20896,-4297],[0,-1562],[2985,-3516],[4477,-3906],[1493,-1953],[7462,-5078],[0,-391],[4478,-8203],[0,-8594],[-2985,-6640],[1492,0],[2985,-781],[1493,-782],[-2985,-8203],[1492,-7422],[0,-1953],[-1492,-8984],[-8955,-8203],[-2985,-1172],[-1493,-390],[-1492,0],[-4478,0],[-2985,390],[-2985,-390],[-2985,-1172],[-1492,-3125],[-5971,-1172],[-1492,-1563],[0,-390],[-1493,-1563],[-5970,-781]]]}