{"type":"Topology","transform":{"scale":[0.00003682873657104851,0.00002392737918802964],"translate":[-72.00972009720097,17.54487488706117]},"objects":{"DOM":{"type":"MultiPolygon","arcs":[[[0]],[[1]],[[2]]]}},"arcs":[[[13685,282],[-489,-282],[-488,423],[0,918],[293,988],[293,847],[391,-283],[391,-423],[684,-988],[-488,-212],[-587,-988]],[[89540,26323],[1270,-212],[1467,71],[293,-212],[293,-564],[293,-777],[196,-776],[0,-353],[-391,141],[-880,635],[-489,142],[-488,-142],[-782,-352],[-489,-142],[-978,424],[-684,917],[-391,1059],[-293,1058],[391,142],[489,-71],[488,-353],[391,-423],[294,-212]],[[6354,20677],[293,1271],[98,705],[0,1200],[0,706],[-98,494],[-293,1199],[0,353],[0,847],[293,776],[1173,3035],[0,70],[293,777],[0,141],[-293,282],[-391,424],[-1466,776],[-978,988],[-195,423],[-489,847],[-195,282],[-1076,424],[-391,353],[-195,776],[98,423],[293,142],[98,282],[-98,635],[-98,353],[-2541,3670],[-196,705],[489,494],[977,353],[2053,-564],[1075,564],[294,494],[586,1412],[391,635],[98,70],[98,141],[782,636],[391,494],[293,776],[195,705],[98,777],[98,776],[-196,1623],[-97,1694],[-98,776],[-196,424],[-684,776],[-195,423],[-391,1200],[-294,282],[-586,71],[-684,-353],[-489,-141],[-98,776],[489,424],[1368,564],[391,353],[1173,1905],[782,1624],[391,564],[978,918],[293,776],[196,706],[97,2470],[-391,282],[-1759,1199],[-880,1341],[-98,212],[-488,988],[-98,847],[195,212],[685,635],[293,282],[293,1270],[196,283],[293,917],[0,1905],[-293,3247],[-782,2611],[-98,988],[0,1058],[98,706],[-98,706],[-293,1129],[488,-141],[489,-353],[-98,776],[-488,1623],[97,424],[0,353],[-782,0],[-97,494],[293,635],[489,705],[97,142],[98,0],[293,0],[196,141],[293,494],[196,211],[293,212],[293,71],[196,141],[293,423],[-98,565],[-98,423],[196,353],[293,141],[196,-70],[391,-212],[195,-71],[98,142],[195,352],[98,71],[2737,353],[782,-141],[684,-353],[2542,-1976],[782,-212],[684,424],[587,-636],[391,-211],[1173,-71],[391,71],[0,353],[0,423],[195,423],[293,212],[294,-423],[293,-1059],[195,141],[98,212],[196,282],[0,283],[-196,70],[-98,71],[0,70],[0,283],[391,-212],[391,0],[294,141],[488,71],[294,352],[488,1341],[294,353],[391,141],[879,635],[489,71],[489,-141],[391,-353],[195,-565],[-97,-635],[488,-353],[196,0],[-98,706],[-98,212],[1369,-353],[391,71],[782,282],[293,0],[293,-353],[1271,-2047],[98,-423],[-196,-353],[1076,0],[391,-282],[977,-1270],[978,-777],[1075,-494],[1173,-282],[1662,0],[195,71],[98,282],[293,353],[391,282],[294,141],[1075,-494],[1662,-2540],[977,-1553],[391,-494],[587,-353],[488,-211],[1271,-212],[978,-494],[1857,-565],[391,0],[293,141],[196,353],[977,1553],[587,353],[1466,-71],[684,141],[391,-70],[391,-353],[978,-1482],[293,-918],[-98,-1058],[-391,-2329],[489,-353],[293,-706],[-98,-1905],[98,-847],[196,-635],[1759,-3952],[880,-1200],[98,-141],[879,-564],[587,141],[1075,635],[489,141],[1271,71],[488,141],[587,353],[782,776],[293,70],[294,-70],[586,-424],[391,-70],[587,212],[293,70],[195,0],[196,-70],[98,-142],[0,-211],[97,-212],[196,71],[293,282],[1564,-988],[489,-424],[293,847],[489,706],[1271,988],[782,353],[195,-494],[-195,-988],[-489,-1200],[586,-282],[587,0],[586,212],[489,423],[196,-917],[-391,-777],[-489,-635],[-196,-706],[-97,-776],[-391,-635],[-391,-564],[-587,-212],[-2150,635],[-2346,-282],[-587,211],[-977,706],[-3422,635],[-391,-141],[-195,-564],[-98,-1976],[-196,-1694],[98,-635],[293,-283],[294,-352],[1466,352],[587,-282],[586,282],[1271,-705],[684,70],[-195,212],[-196,212],[-195,141],[-294,70],[0,283],[1369,141],[489,-141],[488,-494],[294,-1341],[488,-494],[489,-141],[880,-212],[2541,-988],[1076,-423],[391,70],[586,424],[-195,282],[-391,282],[0,424],[488,211],[489,-564],[489,-1341],[391,-353],[391,-141],[391,-212],[195,-494],[294,424],[684,423],[293,353],[-195,353],[97,70],[294,0],[195,141],[293,424],[98,141],[98,0],[977,-71],[587,-141],[489,-282],[391,-353],[97,-141],[0,-141],[0,-141],[98,-141],[587,-283],[97,0],[978,-282],[586,-71],[196,-70],[98,-71],[195,-211],[293,-212],[391,-71],[294,-141],[3225,-4305],[1076,-2046],[1661,-1835],[1173,-1200],[391,-211],[98,-212],[1271,-1694],[1564,-1411],[782,-1623],[-196,-1694],[-2541,-5646],[-196,-212],[-195,-282],[-98,-423],[98,-1482],[-98,-353],[-293,-776],[-391,-283],[-587,-141],[-684,0],[-489,282],[-1075,988],[-391,212],[-391,-423],[0,-706],[196,-776],[-294,-847],[-293,-635],[-195,-777],[-391,-2399],[-196,-423],[-293,-212],[-2346,-212],[-391,212],[-98,1553],[-684,1975],[-880,1976],[-782,1412],[-880,847],[-1075,705],[-1173,212],[-1271,-776],[-2052,-141],[-489,141],[-1173,564],[-587,142],[-391,211],[-782,988],[-684,212],[-489,-141],[-488,-282],[-587,0],[-586,423],[-489,-776],[-3519,-353],[-1075,-565],[-587,-70],[-1466,1552],[-587,424],[-391,70],[-195,-353],[0,-494],[97,-423],[-97,-423],[-294,-142],[-391,0],[-293,142],[-195,141],[-391,1129],[-294,282],[-195,141],[-4106,635],[-782,0],[-97,-70],[-489,-141],[-880,-635],[-684,-706],[-293,-141],[-685,-353],[-293,-212],[-293,-282],[-684,-776],[-391,-1059],[-196,-1270],[-195,-353],[-587,-424],[-98,-352],[-195,-424],[-880,-1270],[-684,-1129],[-293,-424],[-196,71],[-684,0],[-489,-141],[-391,-282],[-391,423],[-586,212],[-3422,-71],[-586,-282],[-1173,-918],[-587,-211],[-1857,0],[-489,282],[0,353],[196,282],[195,282],[196,212],[-98,494],[-195,212],[-196,141],[-195,423],[-489,494],[-196,424],[98,423],[196,141],[195,141],[98,283],[98,847],[97,917],[-97,776],[-196,494],[-586,1059],[-294,423],[-684,353],[-489,141],[-684,141],[-586,-282],[-294,-706],[98,-846],[-98,-353],[-782,-1200],[-195,-212],[-293,-141],[-294,71],[-586,211],[-294,71],[-195,-141],[-391,-424],[-196,-70],[-391,70],[-97,-70],[-294,-424],[0,-141],[-195,-494],[-98,-211],[0,-142],[-391,-211],[-98,-71],[-782,-1270],[-391,-353],[-586,-70],[-293,141],[-196,352],[-98,424],[-195,353],[-293,282],[-294,212],[-1173,353],[-586,0],[-391,-212],[-196,-635],[0,-353],[-293,-635],[0,-424],[0,-564],[196,-282],[97,-283],[196,-494],[489,-2258],[97,-353],[98,-494],[-586,-1200],[-489,-1693],[-2542,-5505],[-195,-917],[-98,-353],[-293,-282],[-489,-424],[-391,-423],[-195,-353],[-196,-494],[-195,-706],[-196,71],[-98,70],[-97,141],[0,-282],[-98,-141],[-98,-141],[196,0],[-98,-353],[-98,-212],[-195,-211],[-196,-71],[-98,-141],[-195,-847],[-98,-282],[-391,-706],[-880,-3952],[-293,-776],[-1075,-2329],[-293,212],[-294,353],[0,141],[-195,353],[-1955,4516],[-391,706],[-978,564],[-2150,-423],[-880,353],[196,282],[879,1270],[196,565],[0,917],[-98,635],[-489,1200],[-293,635],[0,212],[0,494],[98,1623],[-196,706],[-391,847],[-1075,1199],[-1466,847]]]}