{"type":"Topology","transform":{"scale":[0.00020650012998194958,0.00018118615291994278],"translate":[-8.681486814868151,18.975099834651814]},"objects":{"DZA":{"type":"MultiPolygon","arcs":[[[0]]]}},"arcs":[[[88144,62115],[-1133,-624],[122,-178],[279,-335],[261,-298],[611,-923],[575,-1072],[383,-1323],[384,-1323],[105,-839],[17,-1053],[-122,-923],[-244,-1938],[70,-317],[697,-1892],[0,-224],[-17,-46],[-332,-1100],[-69,-112],[-140,-75],[-122,-83],[18,-112],[69,-131],[53,-112],[-53,-102],[-191,-233],[-70,-121],[-70,-326],[-87,-215],[-18,-93],[0,-93],[401,-1473],[105,-577],[35,-103],[52,-56],[227,-121],[70,-65],[17,-75],[-122,-596],[0,-187],[52,-158],[0,-112],[-192,-708],[-87,-112],[-1708,-839],[-18,-112],[-17,-93],[-35,-74],[-174,-168],[-87,-214],[-70,-94],[-122,-261],[122,-307],[680,-969],[732,-1072],[593,-848],[749,-1072],[175,-354],[69,-345],[18,-727],[35,-783],[0,-764],[69,-149],[715,-438],[87,-149],[88,-513],[69,-195],[87,-103],[628,-531],[87,-37],[192,18],[575,224],[523,205],[105,9],[105,-18],[924,-317],[1168,-401],[1534,-531],[192,-66],[156,-93],[140,-167],[331,-718],[349,-736],[0,-19],[540,-1156],[349,-727],[366,-782],[-331,-224],[-331,-224],[-332,-214],[-314,-224],[-331,-223],[-331,-224],[-331,-214],[-331,-224],[-332,-224],[-331,-223],[-331,-215],[-331,-223],[-332,-224],[-313,-224],[-332,-214],[-331,-224],[-331,-223],[-331,-224],[-332,-214],[-331,-224],[-331,-224],[-331,-223],[-332,-215],[-331,-224],[-314,-223],[-331,-224],[-331,-224],[-331,-214],[-332,-224],[-331,-223],[-331,-224],[-331,-214],[-332,-224],[-331,-224],[-314,-223],[-331,-215],[-331,-223],[-331,-224],[-332,-224],[-331,-214],[-331,-224],[-331,-223],[-331,-224],[-332,-214],[-314,-224],[-331,-224],[-331,-223],[-331,-215],[-331,-223],[-332,-224],[-331,-224],[-331,-214],[-331,-224],[-332,-223],[-313,-224],[-332,-214],[-331,-224],[-331,-224],[-331,-223],[-332,-224],[-331,-214],[-331,-224],[-331,-224],[-332,-223],[-627,-420],[-488,-447],[-332,-326],[-348,-317],[-349,-326],[-349,-317],[-366,-354],[-192,-168],[-278,-280],[-297,-298],[-314,-298],[-296,-298],[-314,-299],[-296,-298],[-314,-307],[-296,-299],[-314,-298],[-297,-298],[-313,-298],[-297,-299],[-313,-298],[-314,-298],[-297,-308],[-313,-298],[-297,-298],[-383,-373],[-210,-158],[-209,-84],[-627,-140],[-489,-102],[-1063,-233],[-1063,-233],[-471,-103],[-924,-205],[-907,-196],[-924,-205],[-906,-195],[-820,-177],[-836,-178],[-471,-93],[-349,-74],[-837,-177],[-505,-112],[-401,-103],[-122,-9],[-70,19],[-52,18],[-105,75],[-279,307],[-226,103],[-105,65],[-105,84],[-87,93],[-69,121],[-18,103],[52,93],[70,121],[35,112],[35,47],[52,46],[105,121],[35,94],[17,214],[35,102],[105,84],[87,56],[104,75],[35,130],[0,121],[-52,84],[-70,84],[-35,103],[0,56],[18,102],[0,37],[-18,47],[-17,28],[-35,9],[-17,38],[-70,205],[0,214],[87,1109],[-17,75],[-70,74],[-70,37],[-174,56],[-87,38],[-279,242],[-611,289],[-1324,307],[-279,10],[-436,93],[-53,0],[-87,28],[-174,102],[-105,38],[-104,28],[-87,28],[-53,65],[-192,382],[-156,242],[-175,205],[-296,252],[-87,56],[-87,28],[-105,-19],[-122,-84],[-192,-196],[-122,-65],[-70,10],[-313,121],[-53,28],[-35,37],[-34,28],[-53,9],[-70,-18],[-87,-84],[-52,-28],[-105,0],[-34,74],[-18,103],[-52,112],[-70,65],[-87,0],[-87,-9],[-105,9],[-104,47],[-576,512],[-35,84],[0,410],[-34,196],[-88,158],[-313,261],[-192,103],[-175,37],[-87,56],[-87,28],[-209,37],[-209,65],[-70,66],[-87,102],[-87,196],[-70,56],[-122,37],[-105,0],[-192,-47],[-104,0],[-105,10],[-69,28],[-35,74],[-18,140],[18,102],[104,504],[53,596],[0,121],[-88,355],[-69,111],[-576,429],[-418,308],[-418,316],[-419,308],[-418,317],[-419,317],[-418,307],[-418,317],[-419,308],[-418,317],[-419,307],[-418,317],[-349,261],[-70,47],[-418,316],[-436,308],[-418,317],[-419,317],[-418,307],[-418,317],[-419,308],[-418,316],[-419,308],[-418,317],[-418,307],[-419,317],[-418,317],[-419,308],[-418,317],[-418,307],[-436,317],[-419,308],[-418,316],[-418,308],[-419,317],[-418,307],[-419,317],[-418,317],[-419,308],[-418,316],[-418,308],[-419,317],[-418,307],[-419,317],[-435,308],[-419,317],[-418,317],[-419,307],[-418,317],[-418,308],[-384,288],[-384,289],[-383,289],[-384,289],[-401,280],[-383,289],[-384,289],[-383,288],[-384,289],[-383,289],[-384,289],[-401,280],[-383,289],[-384,289],[-383,289],[-384,288],[-540,401],[-366,261],[-367,261],[-383,270],[-366,261],[-837,587],[-837,597],[-837,587],[-854,596],[-575,392],[-122,74],[-698,466],[-802,550],[-819,541],[-819,540],[-959,643],[-959,643],[-941,643],[-959,644],[-959,643],[-959,643],[-959,643],[-959,643],[-958,643],[-959,643],[-959,643],[-959,634],[0,522],[0,521],[0,513],[0,522],[0,335],[0,327],[0,335],[0,326],[0,336],[0,326],[0,335],[0,327],[0,335],[0,326],[0,336],[0,326],[0,336],[0,326],[0,326],[0,335],[0,252],[17,149],[53,103],[87,84],[628,335],[209,177],[226,121],[53,56],[174,298],[70,56],[174,84],[70,47],[331,307],[331,224],[541,242],[157,112],[453,420],[505,344],[297,280],[226,121],[88,56],[296,308],[157,74],[227,-19],[209,-37],[104,0],[122,10],[88,37],[557,-28],[436,466],[541,223],[383,47],[541,-47],[836,-344],[419,391],[662,75],[715,195],[680,75],[715,0],[610,0],[575,112],[610,84],[157,-504],[419,-158],[471,158],[505,653],[436,699],[349,652],[470,503],[506,345],[540,466],[401,308],[506,270],[715,307],[680,541],[540,690],[471,270],[575,158],[750,38],[802,195],[924,457],[-35,354],[-35,345],[244,233],[261,419],[-261,420],[0,102],[-35,103],[-35,102],[-52,47],[-174,84],[-88,84],[-139,205],[-70,74],[-87,19],[-70,-37],[-139,-131],[-87,-37],[-88,9],[-52,47],[-17,93],[35,112],[104,168],[0,121],[-17,419],[17,103],[52,74],[279,187],[349,27],[70,1426],[331,168],[209,-46],[175,18],[1412,242],[1046,308],[854,121],[-209,541],[-331,857],[278,159],[907,74],[872,233],[662,-28],[297,-18],[348,-19],[384,-9],[401,-19],[418,-19],[436,-28],[418,-18],[419,-19],[401,-19],[366,-9],[331,-19],[296,-9],[245,-19],[174,-9],[122,0],[35,0],[366,-18],[192,46],[104,196],[-35,112],[-69,65],[-105,28],[-87,0],[-192,-65],[-70,0],[-17,93],[17,28],[70,65],[35,28],[35,56],[0,46],[0,47],[17,65],[70,513],[70,196],[52,93],[70,102],[87,38],[192,28],[192,74],[156,121],[279,298],[-69,131],[-1360,997],[-314,112],[-157,130],[-645,1054],[192,149],[35,37],[35,47],[17,46],[17,56],[18,121],[0,131],[-35,112],[-87,83],[-140,94],[-122,111],[-104,140],[-53,168],[-87,158],[-261,233],[-35,177],[0,541],[52,140],[70,140],[87,307],[70,103],[70,158],[-35,177],[-210,503],[-52,66],[-87,56],[-174,56],[-70,46],[-35,93],[35,84],[35,56],[52,47],[52,56],[35,83],[18,56],[-53,168],[-52,270],[18,261],[226,886],[18,112],[-18,65],[-17,84],[-349,1016],[-122,242],[-174,214],[505,587],[-52,28],[-174,56],[-576,559],[35,94],[262,372],[104,252],[70,47],[17,37],[-87,84],[-505,307],[-175,140],[-244,149],[-69,75],[-35,84],[0,74],[-18,65],[-69,38],[-210,28],[-157,93],[-156,140],[-175,121],[-157,46],[-87,112],[-35,149],[-17,215],[104,37],[18,-9],[17,0],[18,-10],[17,-18],[140,65],[174,-37],[174,-66],[157,-37],[314,37],[122,-37],[35,0],[35,9],[87,66],[453,121],[122,84],[35,9],[157,0],[52,9],[88,47],[156,177],[297,103],[70,27],[34,103],[576,457],[87,28],[471,46],[122,37],[34,19],[18,19],[122,149],[105,28],[87,56],[69,74],[53,66],[52,111],[52,261],[53,103],[52,84],[174,410],[35,65],[52,19],[122,9],[18,28],[122,168],[52,28],[122,84],[140,130],[69,84],[35,28],[175,46],[87,56],[70,56],[87,47],[104,37],[70,-9],[18,-47],[34,-18],[53,18],[191,103],[105,186],[122,37],[35,-28],[35,-37],[52,-37],[52,-19],[53,0],[87,-28],[70,-9],[52,-19],[17,-37],[35,-47],[35,-46],[52,-9],[175,9],[87,19],[105,46],[87,65],[52,159],[70,9],[52,-19],[52,-9],[53,28],[34,37],[227,438],[0,56],[0,19],[-17,37],[0,38],[0,18],[35,9],[17,-9],[35,-28],[17,0],[53,0],[104,-9],[35,9],[209,84],[140,37],[52,-28],[17,-65],[53,-28],[70,-18],[34,-19],[18,-56],[-35,-75],[17,-65],[70,-74],[122,-66],[349,-65],[209,-84],[105,-18],[52,9],[139,37],[227,103],[192,130],[157,140],[174,326],[52,140],[157,345],[53,130],[0,66],[17,28],[35,27],[52,28],[35,28],[244,224],[70,56],[314,102],[52,38],[35,37],[104,56],[35,37],[18,47],[17,130],[35,47],[87,47],[105,18],[209,9],[122,28],[87,47],[70,