{"type":"Topology","transform":{"scale":[0.00016783535669035032,0.0000667501269797329],"translate":[-92.01152011520115,-5.011140284031939]},"objects":{"ECU":{"type":"MultiPolygon","arcs":[[[0]],[[1]],[[2]],[[3]],[[4]],[[5]],[[6]],[[7]],[[8]],[[9]],[[10]],[[11]],[[12]],[[13]],[[14]],[[15]]]}},"arcs":[[[70892,30154],[-108,-329],[-214,51],[-107,-177],[-108,-76],[-150,25],[-128,101],[-86,101],[-43,329],[43,532],[21,1796],[22,202],[193,936],[85,607],[86,152],[365,253],[322,430],[128,101],[258,-25],[429,-633],[236,-177],[0,-101],[-22,-101],[-21,-101],[-22,-101],[-64,-127],[-300,-329],[-22,-126],[-86,-203],[-21,-101],[-43,-228],[-43,-227],[-43,-127],[-21,0],[-64,-278],[-65,-354],[-86,-354],[-43,-228],[-85,-101],[-86,-228],[0,-354],[-86,-202],[-21,-228]],[[72565,35593],[-150,-228],[-108,0],[-43,354],[86,557],[129,835],[171,708],[65,-379],[129,-127],[85,-329],[-128,-480],[-215,-253],[-21,-658]],[[14007,54996],[150,-127],[129,-329],[0,-329],[-172,-126],[-193,51],[-493,556],[128,304],[86,-51],[279,25],[86,26]],[[9181,56842],[42,-202],[129,76],[150,-76],[150,-177],[65,-177],[21,-51],[22,-50],[21,-51],[22,-126],[0,-102],[-22,-50],[-21,-51],[0,-25],[-22,-76],[-64,-51],[-43,-25],[0,-76],[21,-177],[-21,-76],[-21,-101],[-194,-278],[-42,-26],[-215,76],[-86,152],[-86,203],[-128,177],[64,151],[43,203],[43,227],[43,456],[43,227],[86,76]],[[16109,64811],[64,-127],[86,0],[86,76],[64,101],[22,-556],[-108,-607],[-171,-557],[-193,-354],[-215,-152],[-21,-76],[-22,-151],[-64,-430],[-107,-456],[-86,-227],[-86,-152],[-107,-76],[-86,-25],[-193,25],[-64,-51],[-129,-227],[-86,-51],[-43,51],[-128,202],[-65,76],[-214,76],[-43,50],[-22,152],[43,152],[65,228],[64,126],[236,278],[64,152],[65,506],[64,25],[257,152],[65,177],[85,481],[65,177],[150,354],[43,127],[43,101],[214,202],[65,152],[85,25],[193,127],[65,-76]],[[10553,67467],[0,-152],[0,-151],[43,-51],[65,-25],[107,-76],[64,0],[86,-152],[-21,-354],[-86,-633],[21,-177],[22,-227],[0,-152],[0,-51],[-65,-329],[22,-76],[-108,-101],[-64,-227],[-64,-279],[-86,-227],[-43,-102],[-43,-25],[-279,25],[-43,-50],[-21,-278],[-86,-152],[-107,-51],[-107,26],[-193,177],[-129,50],[-43,76],[-43,76],[-21,25],[-43,101],[-129,481],[-43,152],[-86,-25],[-128,50],[-108,127],[-64,151],[0,203],[0,708],[43,405],[64,354],[86,329],[107,253],[43,76],[172,177],[64,50],[65,0],[128,-75],[43,-26],[65,51],[64,101],[43,51],[557,151],[129,178],[43,-51],[43,-51],[21,-50],[22,-76],[21,-152]],[[3303,71211],[215,-531],[64,-76],[64,-152],[22,-303],[-22,-582],[0,-1290],[-64,-76],[-407,-405],[-108,-51],[-64,-25],[-64,51],[-129,227],[-107,51],[-172,177],[-21,25],[-65,-25],[-43,0],[-21,76],[0,25],[0,51],[0,76],[-107,278],[-86,303],[-43,329],[-43,683],[-86,557],[22,202],[536,-25],[214,278],[279,152],[129,127],[43,-26],[64,-101]],[[7357,72855],[108,-202],[407,-354],[150,-51],[193,-202],[322,-860],[150,-279],[-21,-25],[-22,0],[-21,-76],[86,-126],[-43,-253],[-129,-481],[-43,-329],[-107,-76],[-150,26],[-236,202],[-429,0],[-107,101],[-108,152],[-107,101],[-150,-126],[-64,253],[-43,379],[-65,304],[-150,76],[258,885],[0,202],[-22,253],[43,253],[107,203],[107,50],[43,-76],[22,0],[21,76]],[[4011,77383],[86,-227],[43,-329],[21,-329],[22,-152],[86,-126],[64,-658],[64,-126],[22,-76],[85,-279],[43,-75],[129,0],[64,-26],[43,-76],[43,-253],[0,-379],[0,-683],[107,-1670],[65,-278],[236,-556],[21,-76],[22,-76],[0,-177],[0,-177],[43,-76],[42,-26],[22,-25],[622,-961],[43,-177],[0,-127],[43,-126],[86,-203],[21,-50],[86,-51],[0,-101],[0,-76],[-22,-76],[-21,-50],[64,-582],[22,-607],[-43,-279],[-150,-354],[-43,-227],[128,202],[43,-127],[0,-278],[22,-227],[257,-102],[129,-177],[-22,-329],[86,-25],[65,-76],[64,-152],[43,-177],[-43,-202],[86,-76],[193,-531],[64,-76],[43,0],[21,-51],[0,-227],[-42,-76],[-129,-152],[-64,-76],[-172,-1467],[21,-380],[-21,-253],[-129,76],[-64,-227],[-150,-430],[-65,-253],[-107,126],[-107,25],[-172,-50],[-128,-76],[-193,-354],[-665,-557],[-151,76],[-85,-76],[-537,177],[-665,0],[-128,76],[-86,228],[-21,152],[-22,177],[0,329],[-21,177],[-43,50],[-86,0],[-64,51],[-151,582],[65,683],[171,632],[172,456],[686,1138],[43,101],[0,101],[22,76],[86,25],[150,152],[214,152],[65,0],[64,-51],[43,-75],[21,-51],[22,-51],[107,-76],[64,-25],[65,76],[43,76],[42,228],[43,50],[0,152],[43,304],[86,253],[86,-102],[86,253],[0,228],[-43,177],[-86,177],[-64,101],[-193,127],[-65,76],[-129,329],[-150,480],[-107,531],[-64,506],[21,430],[-21,152],[-86,127],[-43,50],[-86,26],[-21,25],[-22,76],[-64,253],[-365,480],[-128,380],[0,481],[-108,177],[-85,328],[21,304],[129,101],[-108,380],[-42,227],[-22,253],[0,532],[0,126],[-21,228],[0,151],[-65,506],[-128,253],[-172,0],[-214,-202],[-215,-354],[-86,-51],[-128,152],[-129,405],[-22,101],[22,152],[43,50],[43,51],[407,556],[107,304],[43,607],[150,-126],[108,76],[107,151],[214,127],[22,126],[43,152],[43,101],[86,51],[107,-25],[64,75]],[[9266,79078],[-107,-76],[-86,76],[-64,203],[-86,50],[-64,51],[-43,126],[-43,127],[-43,101],[22,329],[107,253],[128,152],[129,76],[129,-102],[150,-177],[107,-227],[43,-304],[-21,-228],[-108,-227],[-150,-203]],[[7550,83834],[-107,-455],[-257,253],[43,329],[-43,632],[43,278],[236,-354],[85,-683]],[[78120,94130],[-64,-405],[-150,177],[-65,-177],[-64,-126],[-107,228],[-107,253],[0,278],[85,303],[472,987],[0,-127],[0,-101],[22,-177],[21,-506],[-43,-607]],[[1180,95623],[-22,-51],[-43,51],[0,76],[0,101],[22,50],[43,-25],[21,-126],[-21,-76]],[[1158,95977],[-21,-51],[0,25],[21,26]],[[99677,73462],[-86,-227],[-128,-228],[-65,-101],[-85,-76],[-108,0],[-193,76],[-43,-25],[-171,-253],[-150,25],[-429,582],[-65,50],[-85,0],[-108,-25],[-107,25],[-107,127],[-107,76],[-86,-76],[-22,-278],[22,-329],[64,-279],[43,-151],[64,-51],[129,25],[64,-25],[65,-101],[128,-304],[65,-76],[128,-101],[108,-152],[64,-227],[193,-1695],[107,-633],[172,-581],[107,-279],[65,-101],[64,-25],[64,25],[43,-50],[22,-102],[236,-455],[21,-51],[21,-177],[43,-75],[22,-26],[64,76],[22,-25],[64,-253],[21,-278],[-21,-582],[0,-127],[21,-126],[0,-101],[0,-127],[-64,-152],[-64,-101],[-65,-101],[-21,-177],[0,-152],[21,-278],[0,-152],[0,-152],[-43,-253],[0,-202],[258,-2252],[0,-126],[0,-278],[0,-127],[64,-177],[43,-126],[43,-152],[0,-101],[-43,0],[-279,0],[-257,-76],[-129,0],[-64,126],[-43,152],[-86,228],[-171,404],[-22,-126],[-86,-759],[-171,-1771],[-172,-1745],[-193,-1771],[-172,-1771],[-85,-860],[-86,-531],[-43,-127],[-86,-303],[-343,-759],[-236,-708],[-300,-860],[-279,-861],[-300,-885],[-301,-860],[-300,-885],[-300,-861],[-301,-885],[-300,-860],[-343,-683],[-365,-683],[-343,-683],[-365,-683],[-364,-683],[-343,-683],[-365,-683],[-343,-683],[-344,-658],[-257,-405],[-107,-126],[-536,-506],[-751,-658],[-751,-658],[-751,-657],[-750,-658],[-751,-658],[-751,-657],[-751,-658],[-750,-658],[-151,-152],[-235,-202],[-108,-127],[-450,-961],[-601,-2024],[-279,-607],[-85,-227],[-193,-886],[-65,-278],[-214,-405],[-86,-202],[0,-329],[86,-278],[86,-177],[85,-203],[0,-404],[-43,-329],[-107,-76],[-107,-76],[-86,-177],[-86,-101],[-43,278],[-85,961],[-43,203],[-86,151],[-257,203],[-129,25],[-86,-76],[-64,-278],[0,-101],[43,-279],[-22,-177],[-43,-632],[-64,-607],[-22,-76],[-107,-607],[-43,-304],[0,-278],[0,-557],[22,-303],[0,-152],[-43,-76],[-86,-25],[-21,-25],[0,-76],[0,-203],[64,-961],[-43,-278],[-129,-380],[-64,-76],[-64,-76],[-43,-75],[-43,-279],[-43,-278],[-64,-1113],[0,-101],[-22,-76],[-86,-101],[-85,-76],[-65,0],[-64,-51],[-65,-152],[-21,-253],[0,-885],[-64,-658],[-365,-1922],[-64,-658],[-43,-278],[-107,-228],[-65,-329],[22,-556],[43,-557],[64,-278],[150,-228],[-21,-227],[-86,-304],[-86,-329],[-21,-278],[21,-304],[-21,-278],[-43,-253],[-172,-278],[-64,-101],[-537,-557],[-257,-329],[-279,-632],[-107,-405],[-64,-405],[0,-404],[150,-683],[21,-355],[-64,-303],[-129,-76],[-171,0],[-108,-76],[-64,-228],[-64,-733],[-43,-329],[-150,-405],[-172,-354],[-129,278],[-64,101],[-64,76],[-65,26],[-86,-51],[-64,0],[-107,51],[-193,177],[-107,25],[-151,0],[-278,-25],[-129,101],[-86,253],[-64,303],[-65,279],[-64,101],[-107,101],[-65,101],[-21,127],[-43,303],[-43,127],[-86,177],[-128,177],[-108,202],[-43,329],[-21,278],[-150,734],