{"type":"Topology","transform":{"scale":[0.0001221144422766342,0.00009662135759626392],"translate":[24.687246872468734,21.99427599320208]},"objects":{"EGY":{"type":"MultiPolygon","arcs":[[[0]],[[1]],[[2]],[[3]],[[4]],[[5]],[[6]],[[7]]]}},"arcs":[[[76296,49038],[0,-244],[-118,122],[-58,140],[-236,576],[147,0],[30,0],[176,-401],[59,-193]],[[76326,57077],[177,-70],[59,-174],[29,-193],[89,-122],[0,-70],[-59,18],[-118,17],[-148,192],[-29,53],[-177,70],[-88,52],[-59,105],[-89,70],[-206,-105],[-59,70],[-59,122],[-30,123],[30,52],[59,53],[59,17],[88,0],[177,-17],[59,-53],[59,-52],[88,-70],[30,-35],[118,-53]],[[82252,61324],[-207,-122],[-206,70],[-148,157],[148,297],[413,-17],[0,-385]],[[80719,62111],[-207,-35],[-88,-53],[-30,-122],[30,-35],[29,-53],[148,-17],[235,52],[89,35],[29,-17],[30,0],[29,-70],[30,-70],[0,-35],[147,-122],[148,-158],[0,-69],[-295,-35],[-295,17],[-236,105],[-177,245],[0,17],[0,140],[-29,210],[-30,70],[30,52],[0,17],[29,-69],[30,87],[29,70],[59,35],[59,17],[118,-70],[59,-52],[30,-87]],[[67953,94075],[30,-105],[-89,87],[-29,53],[-30,0],[59,34],[30,0],[29,-69]],[[71609,94983],[354,-314],[-177,140],[-1268,594],[-236,52],[266,-17],[412,-210],[207,-52],[236,-53],[206,-140]],[[68926,95700],[1297,-175],[-59,-52],[-88,0],[-265,52],[-236,35],[-236,52],[-295,-87],[-118,35],[-236,-87],[-973,-577],[-176,-157],[88,157],[206,105],[148,87],[88,70],[118,87],[442,210],[89,105],[206,140]],[[77888,96451],[207,-384],[59,-175],[147,-489],[89,-297],[324,-1084],[236,-874],[324,-908],[413,-1189],[501,-1450],[177,-822],[29,-437],[59,-174],[118,-193],[89,-122],[0,-140],[-89,-314],[0,-175],[0,-122],[59,-105],[442,-420],[89,-157],[295,-856],[471,-1521],[325,-996],[29,-52],[0,-70],[0,-53],[0,-70],[59,-559],[354,-1083],[324,-979],[206,-1066],[-29,-717],[59,-244],[206,-420],[59,-157],[-88,-52],[-59,-53],[-59,-70],[-59,-105],[-59,-122],[-30,-105],[-29,-87],[-118,-35],[30,-18],[29,0],[0,-17],[0,-53],[-59,-34],[-59,-53],[-29,-52],[29,-70],[-59,-18],[-29,-17],[0,-53],[29,-52],[-88,-87],[-177,-332],[-59,-53],[-59,-52],[-59,-35],[-30,-53],[-29,-70],[-30,-52],[-88,-52],[0,-53],[88,-157],[-29,-140],[-59,-140],[-59,-140],[0,-524],[-29,-140],[-89,-87],[-118,-70],[-29,-70],[0,-140],[-30,-157],[-59,-175],[-88,-122],[29,-122],[-29,-630],[29,-87],[89,-140],[0,-122],[-30,-122],[-59,-53],[-59,-35],[-206,-122],[0,-70],[-29,-122],[0,-70],[29,-210],[29,-612],[-235,-174],[0,-70],[29,-88],[30,-157],[0,-140],[-59,-122],[29,-35],[30,-53],[59,-122],[-89,-52],[0,-53],[0,-70],[30,-70],[-30,-104],[-29,-70],[-30,-53],[-29,-52],[-30,-192],[-206,-298],[-118,-471],[-324,-560],[-89,-297],[-29,-35],[0,-17],[0,-18],[-30,0],[89,-314],[-89,-192],[-177,-158],[-177,-192],[30,-17],[29,-53],[-118,-70],[-58,-122],[-89,-472],[-29,-105],[-89,-175],[-29,-122],[-118,-262],[-30,-122],[0,-175],[30,-140],[29,-105],[59,-122],[0,-53],[-59,-174],[59,-158],[89,-139],[88,-175],[89,-88],[0,-52],[0,-70],[0,-52],[-30,-18],[-29,-35],[0,-140],[-59,-349],[-118,-297],[147,-297],[-118,-717],[59,-87],[-236,-35],[-59,-35],[-29,-53],[-30,-104],[-29,-88],[-89,-70],[-59,-157],[-59,-17],[-88,-18],[-88,-35],[-89,-17],[0,-53],[30,0],[29,-35],[-59,-157],[-88,-297],[-89,-105],[-59,0],[0,52],[-88,35],[-59,35],[-59,-52],[-30,-227],[-88,-123],[59,-122],[-88,-122],[-177,-70],[-89,-35],[-88,0],[-30,0],[30,-157],[29,-70],[295,0],[0,-53],[-59,0],[0,-87],[59,-35],[30,-52],[29,-123],[-88,53],[-30,17],[30,-35],[0,-17],[29,-18],[0,-70],[-59,0],[-29,88],[-148,209],[-147,193],[-89,70],[-59,34],[-147,53],[-766,105],[-207,140],[-560,751],[-29,35],[-59,-17],[-472,489],[-118,52],[-88,18],[-118,-88],[-89,280],[-59,-70],[-88,105],[-295,262],[-59,35],[-30,18],[-29,52],[-29,87],[0,35],[-59,53],[-59,35],[-148,35],[0,262],[-383,262],[0,192],[-118,105],[-147,210],[-89,227],[0,157],[-29,35],[-30,18],[-29,35],[-30,52],[-29,0],[0,-70],[-59,0],[-30,53],[-88,87],[0,35],[-118,507],[-59,70],[-59,-35],[-59,139],[-177,315],[-88,175],[-1062,716],[-59,105],[-29,18],[-206,367],[-148,157],[-88,140],[0,52],[-531,437],[-88,87],[-30,88],[-29,87],[-59,123],[-118,122],[-89,52],[59,70],[0,-70],[59,0],[-59,332],[-147,35],[-59,-140],[147,-157],[-118,53],[-88,139],[-59,193],[-29,419],[-59,175],[-148,297],[89,210],[118,489],[59,227],[-89,140],[-59,87],[-29,210],[-59,35],[-89,35],[-59,52],[-29,193],[-30,472],[-29,122],[0,70],[59,87],[0,105],[-30,227],[0,53],[-29,157],[-30,157],[30,70],[59,70],[-30,140],[-118,105],[-29,0],[-30,105],[-59,87],[-58,17],[-89,-35],[-88,123],[-207,140],[-88,87],[-118,262],[0,70],[-30,52],[-117,105],[-30,53],[-29,17],[-118,227],[-30,18],[-88,35],[0,17],[-30,35],[-29,88],[0,17],[-384,437],[-117,35],[-177,122],[-177,140],[-118,122],[-30,158],[-59,209],[-29,193],[-118,87],[-88,18],[-59,87],[-148,454],[-29,0],[29,385],[-29,175],[-207,122],[-412,314],[59,0],[-30,70],[-29,35],[-30,18],[-59,17],[0,18],[30,35],[29,35],[-29,52],[-30,0],[-59,-87],[0,-70],[0,-70],[59,-53],[-118,0],[59,385],[0,472],[-88,437],[-266,192],[0,70],[59,122],[0,140],[-29,157],[-30,158],[30,139],[59,210],[29,105],[0,175],[-29,105],[-30,87],[-59,105],[-176,262],[-30,122],[-59,53],[-177,227],[-177,87],[59,105],[89,88],[29,34],[0,298],[-118,192],[-324,367],[88,52],[30,53],[-30,52],[-29,53],[29,17],[30,17],[-30,18],[-29,17],[-29,70],[-59,53],[-30,52],[-29,35],[29,35],[30,18],[29,17],[59,0],[0,70],[-29,70],[0,70],[29,87],[-59,0],[-118,-262],[0,-105],[30,-87],[29,-53],[59,-70],[0,-139],[-59,0],[-29,139],[-59,70],[-89,0],[-88,-70],[-148,53],[-177,-105],[-117,-192],[-89,-175],[0,-192],[59,-158],[118,-104],[177,-53],[-148,-122],[-678,-1066],[-59,-88],[-88,-87],[-236,-489],[-29,-158],[0,-436],[-59,-175],[-118,-140],[0,-70],[88,-87],[89,-140],[88,-140],[59,-227],[89,-105],[412,-297],[118,-105],[354,-472],[265,-175],[236,-262],[206,-314],[89,-193],[29,-262],[59,-332],[118,-314],[118,-193],[0,-69],[-29,-175],[236,-1031],[0,-88],[29,-227],[-59,-87],[-88,-88],[-30,-122],[-88,-35],[-30,-105],[59,-105],[-29,-297],[-30,-367],[59,-122],[236,-280],[88,-139],[30,-105],[0,-210],[29,-105],[207,-227],[29,-18],[325,-541],[294,-53],[177,-209],[118,-315],[383,-1538],[30,-210],[88,-52],[384,-245],[206,-210],[88,-139],[89,-175],[59,-35],[88,-35],[89,-35],[29,-70],[59,-210],[236,-506],[59,-70],[0,-53],[0,-17],[-29,0],[-30,0],[354,-332],[177,-227],[-30,-210],[59,-70],[59,-105],[59,-140],[0,-87],[30,-35],[206,-297],[383,-455],[89,-227],[88,-52],[89,-53],[58,-52],[59,-140],[-29,-105],[29,-87],[148,-18],[147,-87],[266,-367],[176,-122],[0,-53],[0,-87],[0,-70],[-29,-87],[88,-53],[89,-35],[88,35],[59,-157],[177,-87],[383,-123],[561,-594],[206,-437],[88,-105],[59,-105],[177,-471],[30,-123],[0,-70],[29,-70],[30,-209],[59,-70],[0,-70],[-59,0],[-118,0],[-89,227],[-206,140],[-206,87],[-177,105],[-59,0],[-59,-140],[0,-87],[0,-70],[59,-122],[147,-175],[89,-140],[29,-157],[59,-70],[118,35],[118,70],[59,-35],[0,-140],[-30,-140],[-59,-140],[-88,-104],[29,-35],[59,-70],[30,-35],[147,-123],[59,-17],[30,-35],[59,-192],[59,-70],[0,-70],[-89,87],[-206,280],[-59,0],[0,-70],[29,-70],[30,-87],[-59,0],[-59,209],[-148,-17],[-147,-140],[-88,-192],[176,-105],[148,-210],[236,-454],[-30,-70],[-29,-87],[0,-88],[0,-122],[147,-105],[354,-192],[118,-122],[29,-88],[0,-227],[30,-105],[59,-87],[147,-175],[59,-105],[30,-210],[59,-454],[59,-140],[265,-297],[324,-245],[354,-174],[147,-140],[118,-175],[30,-105],[-30,-402],[-29,-35],[-59,-52],[-30,-52],[0,-53],[59,-87],[0,-70],[0,-227],[59,-175],[59,-140],[177,-122],[118,-158],[147,-227],[59,-175],[-117,18],[0,-157],[58,-140],[177,-262],[59,-158],[118,-297],[59,-139],[118,-105],[118,-70],[88,-70],[59,-122],[59,-333],[0,-157],[-59,-122],[-147,0],[-88,87],[-59,53],[-118,-210],[0,-122],[0,-193],[0,-174],[29,-140],[0,-280],[-147,-629],[88,-297],[89,-105],[265,-87],[147,-88],[89,-157],[59,-315],[295,-402],[88,-279],[295,-909],[118,-280],[177,-279],[88,-262],[206,-332],[708,-1818],[295,-542],[324,-891],[649,-1014],[59,-139],[88,-297],[531,-927],[295,-367],[88,-122],[708,-1608],[117,-489],[177,-437],[89,-524],[147,-280],[354,-524],[59,-123],[88,-314],[30,-140],[265,-419],[89,-455],[383,-751],[707,-1398],[30,-332],[88,