{"type":"Topology","transform":{"scale":[0.00006699733994009916,0.00005644970262920483],"translate":[36.42336423364233,12.359254091251401]},"objects":{"ERI":{"type":"MultiPolygon","arcs":[[[0]],[[1]],[[2]]]}},"arcs":[[[53788,62428],[537,-269],[322,-239],[108,-90],[161,-239],[54,-120],[-108,-269],[-107,-180],[-54,-209],[108,-120],[161,-30],[107,60],[162,90],[-54,60],[-54,120],[0,119],[108,60],[161,-120],[54,-209],[0,-30],[-108,-1436],[54,-269],[107,-209],[0,-60],[269,-509],[54,-149],[161,0],[860,-299],[215,508],[107,90],[107,60],[-214,89],[-269,90],[-161,210],[107,179],[269,120],[376,30],[269,-30],[161,-60],[161,-30],[54,-30],[53,-30],[108,-90],[54,-149],[0,-150],[53,-149],[162,-60],[161,-30],[322,-269],[215,-30],[215,-30],[54,-30],[161,-718],[-107,-329],[-215,-120],[-323,180],[-107,30],[-108,30],[-752,-210],[-322,-30],[-323,120],[-483,299],[-377,60],[-698,-180],[-161,30],[-108,30],[-53,60],[-54,120],[-108,90],[0,29],[-53,60],[-162,-269],[-161,-150],[-269,-29],[-376,89],[-591,270],[-53,0],[-215,59],[-323,-89],[-161,209],[-107,150],[-377,1346],[162,0],[107,-60],[0,-60],[54,0],[-108,-120],[108,-89],[107,-120],[0,-60],[54,-60],[54,-179],[107,0],[108,90],[215,-90],[215,-150],[161,-89],[161,29],[645,210],[-269,568],[-376,479],[-430,299],[-484,120],[-537,-120],[-161,60],[-108,299],[54,359],[108,209],[215,30],[322,-269],[107,-90],[215,0],[54,150],[-215,299],[-54,299],[0,60],[269,149],[376,60],[161,-30],[54,0],[54,210],[-108,299],[-161,239],[-161,90],[-537,-30],[-161,90],[-162,299],[538,-30],[591,-150]],[[55077,64253],[-268,-90],[-430,150],[-376,239],[-591,90],[-162,179],[0,270],[108,269],[269,119],[322,30],[161,120],[-54,150],[-53,149],[0,210],[53,179],[108,90],[376,-359],[107,-60],[108,-30],[269,-150],[161,-209],[-108,-179],[-268,-90],[-215,-239],[-54,-270],[107,-89],[108,-90],[107,-120],[162,-119],[53,-150]],[[99945,6162],[-3278,-1615],[-161,0],[-161,149],[-161,30],[-215,-239],[-376,-987],[-645,-688],[54,-539],[161,-568],[-108,-479],[-161,-89],[-483,-120],[-108,-150],[-215,-329],[-483,-179],[-54,0],[-215,-359],[-2311,2423],[-698,359],[-376,120],[-269,-60],[-806,-957],[-698,897],[-1183,1914],[-1021,1915],[-698,718],[-806,538],[-860,419],[-1182,867],[-752,1287],[-1182,2901],[-484,927],[-484,778],[-591,688],[-1128,1107],[-1558,1496],[-2633,1914],[-1989,1496],[-429,508],[-1075,2184],[-1182,2363],[-1559,2094],[-1558,2034],[-913,778],[-1021,419],[-1344,239],[-429,149],[-1559,868],[-860,538],[-1020,1077],[-1183,1227],[-537,418],[-698,299],[-1290,389],[-269,0],[-752,-269],[-215,0],[-376,60],[-269,60],[-268,-60],[-484,-449],[-269,-119],[-268,59],[-269,120],[-752,808],[-430,299],[-430,179],[-484,-30],[-161,-29],[-698,-150],[-377,60],[-806,269],[-53,30],[-108,120],[-322,418],[-215,210],[-269,209],[-268,0],[-108,-359],[-269,-419],[-644,-329],[-1183,-389],[-322,-29],[-806,149],[-376,-60],[-161,-209],[-376,-598],[-323,-30],[-322,658],[-430,1466],[-215,388],[-269,359],[-268,329],[-377,240],[-107,60],[-430,119],[-537,60],[-54,60],[-161,-210],[-54,-299],[54,-329],[-54,-329],[-215,-299],[-322,-239],[-591,-329],[-484,-539],[-269,-209],[-698,-60],[-860,-449],[-322,-59],[-269,-30],[-269,30],[-268,89],[-269,30],[-967,-568],[-538,-180],[-1128,-149],[-752,30],[-108,-60],[-107,30],[-215,149],[-54,150],[-107,389],[-161,149],[-753,479],[-268,239],[-162,240],[-107,329],[-161,658],[-108,239],[-161,120],[-161,119],[-108,150],[-107,179],[-54,479],[-54,90],[-107,269],[-108,209],[-268,120],[-323,30],[-859,-180],[-269,60],[-1612,778],[-108,120],[-107,149],[0,180],[-54,119],[-161,120],[-161,60],[-54,60],[-54,119],[-53,150],[0,30],[0,209],[0,60],[-54,60],[-108,30],[-107,60],[-269,658],[-161,299],[-269,269],[-644,-1705],[-968,-2692],[-913,-2662],[-967,-2603],[-860,-2363],[-537,-1496],[-162,-209],[-268,209],[-161,210],[-54,299],[-54,449],[0,179],[-161,120],[-108,89],[-161,30],[-215,90],[-53,210],[-108,418],[-107,329],[-54,120],[-591,598],[-215,120],[-54,209],[0,389],[0,269],[-54,150],[-268,269],[-538,927],[-268,210],[-376,359],[-215,-60],[-323,-120],[-1128,30],[-484,-149],[-430,-359],[-215,-389],[-161,-359],[-53,-359],[0,-419],[-54,-359],[-108,-299],[-161,-209],[-161,-150],[-108,-30],[-268,30],[-161,0],[-215,-209],[-54,-30],[-161,0],[-161,60],[-108,59],[-107,120],[-269,419],[-108,60],[-483,89],[-967,330],[-484,59],[-1021,0],[-161,-30],[-215,-179],[-108,-30],[-698,0],[-269,-60],[-483,-239],[-215,-60],[-323,-30],[-215,-60],[-215,-179],[-107,-329],[-269,0],[-376,3260],[-215,2184],[-215,2214],[-161,1734],[-107,988],[-323,2961],[-161,1675],[0,389],[161,299],[1075,1227],[269,508],[752,2573],[322,538],[484,389],[-215,778],[54,747],[806,3381],[161,388],[752,898],[376,748],[753,2333],[644,2213],[484,1616],[269,448],[644,748],[108,449],[0,389],[-269,718],[-107,359],[53,389],[54,299],[0,329],[-107,299],[0,60],[-215,329],[-269,269],[-161,329],[-108,389],[0,239],[162,718],[53,329],[0,598],[0,300],[162,329],[215,239],[483,419],[161,239],[377,1077],[53,1047],[54,89],[107,120],[0,90],[0,90],[-107,179],[0,60],[0,718],[0,209],[-161,210],[-161,179],[-54,209],[376,599],[54,329],[-54,329],[-269,478],[-53,150],[53,150],[108,149],[268,30],[269,-120],[215,-179],[269,-120],[376,-60],[161,-59],[591,-419],[108,-30],[806,149],[268,-29],[430,29],[699,509],[430,30],[1397,-449],[859,1137],[108,359],[107,389],[323,688],[53,359],[108,748],[-54,299],[-161,807],[54,210],[161,119],[1988,688],[591,120],[591,359],[645,1316],[537,329],[323,-90],[430,-508],[322,-120],[376,90],[269,269],[483,688],[1021,778],[377,150],[322,0],[161,-180],[0,-299],[0,-359],[54,-389],[215,30],[269,239],[161,329],[0,180],[-54,119],[0,120],[54,150],[107,30],[538,179],[214,-149],[215,-270],[269,-179],[376,60],[215,269],[54,359],[0,359],[54,359],[268,269],[753,419],[268,269],[430,748],[914,2722],[429,688],[2096,2004],[54,-179],[107,-180],[108,-568],[645,-1017],[53,-180],[0,-359],[54,-179],[269,-419],[53,-120],[54,-299],[1397,-2453],[1075,-2752],[1021,-2064],[376,-1495],[161,-359],[-161,-688],[269,-509],[376,-508],[215,-539],[107,-688],[108,-598],[430,-1017],[53,-359],[54,-718],[108,-359],[214,-508],[108,-718],[54,-299],[483,-1287],[323,-1376],[-162,120],[269,-808],[108,-389],[0,-508],[-269,-329],[215,-808],[-54,-448],[-107,119],[53,-269],[108,-90],[161,0],[108,-60],[-54,-628],[54,-149],[53,-180],[54,-119],[54,-150],[53,-239],[-53,-688],[53,-210],[54,-179],[108,-269],[53,-240],[-53,-209],[-54,-449],[0,-239],[430,-2303],[54,-808],[53,-269],[376,-868],[484,-2303],[322,-628],[860,-628],[161,-270],[108,-119],[537,-269],[161,-150],[0,-239],[-53,-180],[-108,-179],[-54,-210],[54,-209],[215,-239],[54,-150],[0,-479],[107,-269],[376,-538],[-214,0],[-215,-180],[-54,-269],[107,-269],[54,149],[161,180],[161,60],[108,-150],[0,-329],[-322,-149],[-323,-60],[-161,0],[54,-180],[268,-478],[54,-599],[54,-119],[215,-90],[322,-60],[323,60],[161,150],[107,209],[269,30],[322,-60],[215,-120],[376,-568],[753,-2901],[53,-60],[269,-120],[107,-60],[0,-329],[108,-299],[107,-239],[162,-180],[-215,-957],[-54,-1525],[0,-60],[161,-120],[54,-60],[0,-269],[161,-150],[215,0],[215,120],[107,-329],[215,-60],[215,90],[323,60],[107,90],[108,209],[0,209],[0,150],[-108,149],[54,120],[215,150],[269,598],[53,329],[-322,598],[-161,718],[-108,239],[-215,30],[-107,-299],[-108,-149],[-107,388],[-54,330],[54,927],[-54,179],[-54,359],[0,180],[0,209],[108,90],[107,30],[54,119],[108,599],[107,179],[215,-179],[107,0],[0,119],[108,359],[107,0],[0,-60],[0,-179],[162,150],[161,388],[161,180],[215,-449],[322,-359],[1397,-1346],[215,-149],[323,-90],[161,-30],[107,-120],[215,-149],[108,-180],[53,-209],[-53,-180],[-108,-209],[-268,-239],[-108,-180],[-107,-149],[-215,-688],[161,30],[107,-30],[108,-120],[0,-179],[0,-60],[-161,-60],[0,-60],[0,-90],[53,-60],[54,-59],[54,-150],[376,-299],[54,-150],[53,-209],[162,-479],[107,-209],[0,-209],[-54,-240],[0,-209],[54,-209],[161,89],[215,-60],[162,-119],[53,-180],[54,-149],[54,-30],[53,-30],[54,-120],[0,-149],[-107,-269],[0,-120],[161,-329],[322,-180],[1129,-478],[215,-120],[107,-90],[108,-329],[215,60],[376,329],[322,150],[215,359],[215,389],[215,299],[-54,-299],[54,-240],[161,