{"type":"Topology","transform":{"scale":[0.00008424168482527229,0.00006894529938230441],"translate":[-17.105571055710556,20.766680317997356]},"objects":{"ESH":{"type":"MultiPolygon","arcs":[[[0]]]}},"arcs":[[[99999,99999],[0,-1372],[0,-1347],[0,-1371],[0,-1372],[0,-196],[0,-563],[0,-882],[0,-1126],[0,-1347],[0,-1494],[0,-1617],[0,-1665],[0,-1665],[0,-1592],[0,-1519],[0,-1347],[0,-1127],[0,-881],[0,-564],[0,-195],[0,-662],[-85,-196],[-214,-73],[-1026,0],[-1196,0],[-1197,0],[-1196,0],[-1197,0],[-1197,0],[-1196,0],[-1197,0],[-1196,0],[-1197,0],[-1196,0],[-1154,0],[-1197,0],[-1196,0],[-1197,0],[-1197,0],[-1196,0],[-1197,0],[-1196,0],[-1197,0],[-1196,0],[-1197,0],[-1197,0],[-1196,0],[-1197,0],[-1196,0],[-1197,0],[-1196,0],[-1197,0],[-1197,0],[-1196,0],[-1197,0],[-1196,0],[0,-1102],[0,-1078],[0,-1102],[0,-1102],[0,-1102],[0,-1078],[0,-1102],[0,-1102],[0,-1102],[0,-1078],[0,-1102],[0,-1102],[0,-1102],[0,-1102],[0,-1078],[0,-1102],[0,-1102],[0,-1102],[0,-1078],[0,-1102],[0,-1102],[0,-1102],[0,-1078],[0,-1102],[0,-1102],[0,-1102],[0,-1078],[0,-1102],[0,-1102],[0,-1102],[0,-1102],[0,-1078],[0,-1176],[-43,-489],[-171,-245],[-1196,-368],[-2607,-1396],[-428,-147],[-2008,-318],[-727,-294],[-726,-588],[-1282,-1004],[-1496,-1151],[-1196,-931],[-214,-318],[-1026,-1617],[-384,-930],[-171,-980],[128,-931],[598,-1861],[171,-931],[171,-3624],[214,-3625],[342,-6001],[42,-1249],[129,-2351],[-1710,0],[-513,0],[-1367,0],[-2180,0],[-2777,0],[-3334,0],[-3290,0],[-385,0],[-3931,-24],[-4103,0],[-4060,0],[-3931,0],[-3718,0],[-3291,0],[-2820,0],[-2137,0],[-1410,0],[-470,0],[-1368,0],[-128,-123],[-214,-1249],[-213,-1396],[-513,-1665],[-86,-466],[-256,-1298],[-43,-441],[299,-1567],[-171,367],[-384,662],[-43,367],[43,196],[128,343],[0,196],[0,710],[43,245],[213,735],[513,4335],[86,514],[42,220],[43,588],[727,147],[2606,563],[1795,172],[4616,0],[1794,269],[1411,0],[2051,-122],[1624,-319],[1795,-269],[2008,0],[1667,-147],[2137,0],[1538,147],[1068,710],[983,1445],[342,1176],[342,1004],[-128,1029],[-86,588],[599,710],[683,1175],[727,711],[214,587],[726,588],[855,1004],[470,735],[555,1004],[129,882],[256,1151],[0,2033],[214,2449],[384,1616],[214,1299],[256,2032],[727,3478],[214,1029],[470,1567],[598,1470],[470,1028],[598,858],[855,587],[1282,564],[940,587],[1197,588],[1068,441],[940,563],[385,564],[598,1028],[812,1886],[470,1151],[727,1470],[812,1004],[512,392],[428,343],[1068,734],[1325,858],[940,710],[855,735],[684,587],[854,858],[342,734],[470,1298],[599,2033],[470,2180],[470,2327],[384,1445],[342,1739],[470,1322],[342,1445],[257,563],[0,735],[256,1029],[43,73],[299,490],[812,294],[983,294],[1495,220],[428,270],[213,833],[171,734],[556,1200],[641,956],[385,563],[470,1004],[512,735],[812,930],[727,711],[256,734],[0,882],[-513,710],[-384,1298],[1538,392],[1325,441],[1239,441],[1496,563],[1068,0],[898,147],[1196,-294],[1240,-122],[854,-441],[1453,-857],[1240,-588],[726,0],[812,269],[641,417],[428,24],[598,-294],[983,-587],[983,0],[982,171],[727,710],[1239,1176],[940,857],[898,563],[726,123],[770,0],[940,49],[1453,-147],[983,0],[1367,196],[1111,245],[470,441],[0,563],[-256,882],[-257,832],[-42,760],[128,808],[171,637],[-86,1028],[-384,1200],[-43,662],[0,24],[769,0],[855,0]]]}