{"type":"Topology","transform":{"scale":[0.00006354127081906241,0.000021563347369875696],"translate":[21.832418324183237,57.51518744245453]},"objects":{"EST":{"type":"MultiPolygon","arcs":[[[0]],[[1]],[[2]],[[3]],[[4]],[[5]],[[6]],[[7]]]}},"arcs":[[[22606,12529],[-283,-78],[-340,391],[-170,392],[0,392],[56,391],[57,313],[227,-78],[340,-392],[170,-313],[56,-391],[-113,-627]],[[34164,27486],[-510,-392],[-453,627],[-57,1096],[283,705],[454,235],[453,-157],[113,-1096],[-283,-1018]],[[12748,49804],[113,-79],[113,79],[284,391],[113,157],[340,-157],[227,-313],[283,-157],[340,235],[510,1018],[340,392],[566,-470],[793,313],[397,-78],[340,-392],[680,-391],[736,-783],[907,-627],[283,-704],[227,-940],[113,-313],[283,-314],[624,-548],[623,-235],[396,-235],[510,-548],[510,-705],[227,-783],[-113,-626],[-1020,1096],[-397,-470],[227,-78],[170,-78],[170,-313],[113,-392],[-680,157],[-340,235],[-283,469],[-57,235],[-56,314],[-114,313],[-170,156],[-226,0],[-57,-78],[-57,-313],[-56,-157],[-57,-626],[-57,-313],[-113,-314],[-113,-156],[-227,-314],[-113,79],[-170,78],[-113,-78],[-57,-548],[0,-314],[0,-235],[57,-313],[0,-235],[-340,-470],[-340,-626],[-340,-392],[-680,862],[-340,0],[-113,-392],[340,-626],[-1077,-2193],[-227,-235],[-283,-78],[-227,-313],[-453,-940],[-226,-235],[-340,-78],[-737,78],[-340,-156],[-170,-549],[737,-704],[-567,-783],[-850,-235],[-226,1096],[-227,235],[-283,156],[-283,-78],[-284,-156],[-226,-392],[-114,-235],[-56,157],[-170,470],[-227,313],[-113,-313],[-170,-784],[-114,-156],[-56,-157],[0,-78],[-114,0],[0,157],[-113,704],[0,157],[-226,0],[-284,-157],[-226,-313],[-170,-391],[-170,-235],[-227,156],[-170,157],[-170,-78],[-113,-157],[-283,-235],[-114,-78],[-510,-470],[-396,-627],[-227,-469],[-113,-157],[-57,-235],[0,-1723],[-113,-1018],[-114,-1018],[-453,-1879],[-113,-392],[-170,-391],[-170,-392],[0,-470],[57,-1018],[-227,-469],[-2210,-3211],[-510,-78],[-396,1018],[57,548],[-57,470],[-170,391],[-227,157],[0,78],[-56,157],[0,235],[0,235],[453,-79],[113,79],[114,313],[169,939],[57,470],[623,1410],[284,1018],[113,391],[170,157],[227,-78],[226,-235],[170,-79],[227,79],[56,313],[114,1018],[56,392],[624,1487],[-340,549],[-624,391],[-1076,313],[-340,548],[-567,2193],[-339,470],[-1020,0],[-510,313],[-453,627],[-284,783],[-113,548],[0,391],[170,235],[850,-391],[-170,705],[-283,704],[-114,548],[340,235],[283,-313],[284,-548],[226,-392],[284,392],[-114,783],[227,470],[340,157],[340,-157],[-170,548],[-170,940],[-680,2114],[-340,705],[-397,1018],[-226,391],[-453,627],[-397,940],[850,-627],[226,0],[227,157],[57,156],[0,235],[170,392],[566,0],[454,-235],[396,-627],[680,-1957],[113,-470],[57,-705],[0,-235],[57,-156],[113,-79],[57,0],[170,157],[0,470],[-114,626],[114,1253],[56,548],[170,470],[227,313],[510,392],[170,391],[170,627],[113,391],[113,79],[284,78],[0,-157],[56,-235],[57,-234],[57,-235],[0,-549],[56,-313],[227,-235],[453,-156],[170,939],[0,1332],[113,861],[510,705],[2210,391],[1360,1723],[566,235],[170,-235],[283,-1096],[170,-235],[114,-157],[170,-391]],[[23852,51448],[-56,-391],[56,-392],[114,-470],[283,-548],[113,-235],[284,-783],[56,-391],[-340,-392],[-113,-392],[-170,-313],[-227,157],[-283,313],[-283,157],[-510,78],[-227,-157],[-453,-391],[-227,0],[-1359,2114],[-850,470],[-340,548],[57,1018],[170,235],[509,-235],[227,157],[57,235],[113,1018],[57,313],[283,626],[340,235],[340,0],[1416,-626],[680,-627],[227,-391],[56,-470],[0,-470]],[[21643,70869],[1133,-470],[680,235],[340,78],[283,-548],[453,-940],[57,-548],[-170,-705],[-170,-235],[-170,79],[-170,234],[-170,79],[-170,-79],[-510,-548],[-283,0],[-567,470],[-340,157],[-56,-79],[-57,-234],[-57,-235],[-566,-157],[-170,0],[-227,235],[-510,1958],[-56,235],[56,548],[227,313],[227,235],[396,78],[567,-156]],[[13994,69381],[227,-314],[1586,157],[1530,-1096],[227,-627],[56,-470],[-56,-704],[0,-392],[170,-470],[339,-391],[114,-313],[113,-235],[227,-392],[113,-313],[0,-157],[57,-313],[-57,-470],[57,-313],[113,-78],[113,0],[57,-79],[57,-939],[-114,-470],[-226,-79],[-680,705],[-170,79],[-170,78],[-113,-157],[0,-313],[-114,-157],[-170,314],[-283,-235],[-283,0],[-227,-157],[-227,-548],[170,0],[114,-157],[56,-235],[0,-391],[0,-627],[-56,-78],[-170,0],[-170,-313],[-283,-235],[-454,0],[-396,235],[-170,470],[170,470],[340,391],[226,392],[-113,469],[-283,79],[-340,-313],[-397,-392],[-283,-392],[-340,-1174],[-510,-2663],[-453,-1018],[-680,-548],[-850,-156],[-850,391],[-623,940],[170,156],[113,235],[283,627],[-226,470],[-283,861],[-284,940],[-56,783],[0,1096],[-57,627],[-170,548],[-737,1409],[-453,392],[-453,235],[-510,-79],[-1020,-391],[-510,78],[-2096,1723],[-283,548],[170,705],[623,157],[1133,-235],[4646,939],[-283,314],[-57,313],[227,156],[340,-313],[170,0],[0,1645],[283,391],[340,78],[283,157],[227,392],[226,704],[57,392],[0,391],[0,392],[170,392],[170,78],[623,-78],[57,0],[396,-79],[454,-313],[283,-392],[-340,-1331],[113,-783],[340,-626]],[[42662,94283],[-396,-157],[-453,705],[-57,861],[227,783],[226,157],[283,-705],[284,-1175],[-114,-469]],[[97336,91229],[340,-862],[680,-626],[340,-548],[396,-1332],[114,-470],[226,-313],[397,-548],[170,-313],[-57,-862],[-396,392],[-680,-861],[-1303,-157],[-510,-392],[1190,-704],[340,0],[-340,-627],[-1813,79],[-850,-784],[-340,-626],[113,-861],[-283,-1018],[-510,-3446],[-907,-3915],[-226,-1018],[-680,-1880],[-170,-1018],[-283,-704],[-57,-79],[-1360,-1879],[-2039,-2741],[-510,-2662],[-567,-2976],[340,-2114],[283,-2350],[794,-5716],[906,-6500],[-963,-3524],[-170,-2349],[170,-2192],[397,-1253],[283,-1018],[623,-2115],[850,-1801],[57,-1331],[-114,-1175],[57,-1331],[283,-235],[283,-391],[114,-1097],[-57,-626],[-113,-470],[-57,-548],[57,-626],[113,-314],[1643,-1018],[227,-391],[113,-940],[-170,-626],[-396,-392],[-964,-705],[-2266,-548],[-283,0],[-227,-235],[113,-78],[340,-470],[-396,-391],[-227,-235],[-170,-470],[-56,-783],[170,-1253],[-57,-627],[-227,-470],[-1303,-704],[-283,-392],[-113,-313],[-57,-313],[-57,-470],[0,-235],[57,-235],[57,-548],[0,-157],[56,-156],[-56,-1018],[0,-157],[-114,-235],[-226,-157],[-227,0],[-170,-156],[-113,-392],[0,-548],[113,-783],[113,-705],[114,-548],[-510,-470],[-2436,1410],[-1247,78],[-340,313],[-340,627],[-566,1409],[-397,470],[-510,235],[-283,0],[-283,-78],[-227,78],[-227,313],[-170,235],[-283,-156],[-227,-627],[-170,-705],[-226,-626],[-283,-470],[-284,-78],[-1246,78],[-510,-313],[-510,-470],[-453,-626],[-114,-314],[-56,-313],[-57,-313],[-170,-78],[-170,78],[-283,313],[-170,78],[-170,-234],[-227,-314],[-283,-78],[-283,548],[-510,1175],[-283,470],[-1247,861],[-170,78],[-680,783],[-510,1018],[-1529,3837],[-510,940],[-1700,2271],[-170,627],[-57,939],[57,392],[113,313],[57,235],[-57,470],[-113,235],[-227,156],[-3286,470],[-396,548],[-170,940],[-170,940],[-227,704],[-283,0],[-170,-78],[-850,-470],[-340,-78],[-396,78],[-340,314],[-340,704],[-114,392],[0,313],[0,313],[-170,314],[-113,156],[-567,235],[-623,627],[-963,1801],[-623,548],[-170,0],[-113,-157],[-57,0],[-170,157],[-113,235],[-170,861],[-114,313],[-283,392],[-283,78],[-170,-313],[-57,-861],[453,-1253],[114,-705],[-340,-627],[-510,-469],[-227,0],[-226,313],[-170,1018],[-170,1174],[-227,940],[-397,392],[-736,0],[-397,-157],[-340,-392],[-170,-313],[-963,-1566],[-396,-391],[-1247,-314],[-340,-391],[-340,-470],[-170,-235],[-396,157],[-397,391],[-510,157],[-226,-470],[-284,-1253],[-283,-313],[-963,-157],[-1077,157],[-340,-79],[-793,-1252],[-623,-470],[-227,-392],[-226,-1096],[-170,-470],[-397,-313],[-453,-79],[-680,470],[170,392],[113,470],[57,548],[57,548],[56,548],[737,2898],[283,1801],[737,1409],[283,862],[0,2270],[113,940],[0,627],[-56,469],[-114,392],[-56,548],[-57,470],[227,1018],[0,548],[0,470],[56,548],[340,627],[454,548],[396,548],[227,1096],[-170,1018],[-340,783],[-1360,1645],[-623,391],[-623,79],[-567,-392],[-170,-391],[-170,-549],[-170,-626],[-57,-548],[0,-705],[-56,-392],[-510,-1331],[-170,-470],[-227,-313],[-283,-78],[-623,235],[-283,0],[-227,-392],[-283,-1096],[-170,-157],[-284,157],[-170,313],[-453,1253],[-736,1018],[-397,861],[-1076,705],[-624,79],[-283,156],[-113,157],[-170,391],[-57,157],[-170,0],