{"type":"Topology","transform":{"scale":[0.00014990699812497178,0.00011477374477137476],"translate":[32.9889298892989,3.4030402517935556]},"objects":{"ETH":{"type":"MultiPolygon","arcs":[[[0]]]}},"arcs":[[[62631,78961],[-384,-692],[-216,-574],[-888,-1559],[-97,-309],[-48,-103],[-168,-103],[-72,-103],[-264,-647],[-552,-1001],[-264,-471],[-72,-88],[-97,-103],[-72,-59],[-96,-29],[-48,-44],[-24,-118],[-72,-118],[-264,-147],[-96,-88],[-120,-280],[-72,-662],[-216,-779],[24,-486],[168,-1000],[72,-942],[-24,-1677],[-24,-368],[-120,-250],[24,-59],[48,-88],[168,-74],[793,-206],[24,-44],[24,-59],[24,-44],[72,-15],[24,45],[24,44],[48,14],[384,30],[192,59],[192,264],[192,74],[361,59],[336,-103],[144,0],[72,29],[240,133],[72,14],[120,-14],[48,14],[216,89],[144,-30],[120,-44],[97,0],[144,74],[432,382],[600,236],[264,29],[48,0],[481,-147],[144,0],[144,-59],[168,-485],[96,-118],[168,-44],[264,-30],[168,-73],[97,-15],[96,44],[72,103],[48,88],[120,-58],[-96,-177],[-72,-368],[-48,-147],[-96,-118],[-289,-147],[-96,-132],[-72,-177],[-24,-147],[-24,-132],[-120,-147],[-240,-250],[-72,-133],[-72,-221],[-48,-353],[-48,-161],[-96,-148],[-120,-103],[-144,-44],[-72,-88],[0,-177],[144,-397],[168,-353],[360,-471],[120,-176],[72,-236],[72,-794],[144,-559],[168,-530],[193,-265],[624,-544],[168,-206],[120,-250],[72,-294],[72,-280],[120,-412],[192,-235],[241,-133],[288,-58],[264,-147],[120,-280],[192,-1398],[96,-338],[144,-206],[192,-59],[48,-44],[48,-88],[72,-177],[48,-103],[73,-73],[120,-118],[72,-74],[144,-397],[48,-162],[0,-279],[48,-177],[72,-132],[360,-265],[504,-397],[120,-15],[169,74],[120,14],[72,-73],[528,-603],[600,-707],[841,-1000],[456,-544],[264,-206],[553,-236],[576,-250],[576,-250],[601,-250],[576,-250],[601,-250],[576,-250],[600,-251],[577,-264],[600,-250],[576,-251],[601,-250],[576,-250],[601,-250],[576,-250],[600,-250],[577,-265],[576,-235],[552,-250],[553,-236],[576,-250],[552,-250],[553,-235],[552,-251],[576,-250],[553,-235],[552,-250],[577,-250],[552,-236],[552,-250],[577,-250],[552,-235],[552,-250],[433,-177],[384,-265],[600,0],[937,0],[1056,0],[1033,0],[889,0],[1200,0],[961,0],[-336,-397],[-312,-412],[-337,-412],[-312,-412],[-336,-397],[-312,-412],[-336,-412],[-313,-412],[-336,-397],[-48,-88],[-264,-324],[-336,-412],[-312,-412],[-337,-397],[-312,-412],[-336,-412],[-312,-412],[-336,-397],[-313,-412],[-336,-412],[-312,-412],[-336,-412],[-312,-397],[-337,-412],[-312,-412],[-336,-412],[-312,-397],[-337,-412],[-312,-412],[-144,-162],[-288,-382],[-312,-383],[-120,-162],[-144,-176],[-289,-368],[-408,-545],[-408,-544],[-408,-544],[-409,-545],[-408,-544],[-408,-544],[-408,-545],[-409,-544],[-696,-1015],[-720,-1030],[-721,-1015],[-648,-912],[-72,-118],[-721,-1015],[-696,-1015],[-721,-1030],[-720,-1015],[-384,-545],[-529,-750],[-192,-103],[-360,29],[-336,30],[-361,29],[-336,15],[-360,29],[-336,30],[-24,0],[-312,29],[-361,15],[-336,29],[-360,30],[-336,29],[-337,30],[-360,14],[-336,30],[-360,29],[-336,30],[-337,14],[-408,30],[-240,-74],[-576,-265],[-217,-58],[-648,-192],[-504,-162],[-745,-220],[-480,-280],[-744,-471],[-769,-470],[-744,-471],[-553,-603],[-504,-530],[-48,-88],[-48,-88],[-96,-295],[-120,-618],[-96,-279],[-192,-280],[-24,-14],[-241,-206],[-288,-148],[-456,-117],[-1009,-221],[-1032,-221],[-769,-176],[-504,0],[-577,-15],[-216,-73],[-240,-148],[-384,-397],[-456,-368],[-120,-147],[-48,-162],[0,-264],[-24,-118],[-97,-88],[-96,-177],[-336,-235],[-288,73],[-288,206],[-312,133],[-289,-221],[-96,-29],[-96,29],[-168,88],[-120,15],[-528,-177],[-168,0],[-337,-132],[-768,-59],[-672,-44],[-337,59],[-336,162],[-288,309],[-432,779],[-168,206],[-120,89],[-313,132],[-120,88],[-72,89],[-120,264],[-144,251],[-408,353],[-144,250],[-433,-353],[-552,-280],[-696,-353],[-865,-441],[-48,-44],[-24,-133],[-48,-44],[-528,-250],[-673,-294],[-24,-15],[-24,15],[0,14],[-72,15],[0,-44],[0,-59],[-24,-44],[-312,-191],[-648,-412],[-577,-368],[-576,-353],[-120,-221],[-144,-456],[-168,-633],[-121,-279],[-120,-206],[-528,-633],[-432,-515],[-192,-279],[-144,-574],[-96,-235],[-217,-15],[-120,88],[-48,118],[-24,118],[-72,103],[-192,88],[-840,29],[72,162],[-48,88],[-72,15],[-48,-29],[-265,-206],[-240,0],[-264,73],[-600,353],[-96,59],[-48,15],[-385,-103],[-120,0],[-96,44],[-96,30],[-288,-74],[-168,-15],[-504,177],[-649,235],[-144,89],[-96,147],[-168,309],[0,-59],[-24,-133],[0,-59],[-384,45],[-24,29],[-24,44],[0,30],[-97,-45],[-48,-14],[-72,14],[-96,30],[-24,59],[-24,59],[-48,88],[-120,132],[-48,30],[-48,-44],[-24,-74],[0,-74],[0,-44],[-336,-191],[-384,-44],[-697,103],[-720,103],[-216,-15],[-192,-73],[-97,14],[-144,177],[-192,73],[-96,74],[-96,147],[-168,368],[-144,162],[-192,162],[-673,559],[-624,529],[-696,589],[-601,515],[-552,456],[-769,632],[-648,545],[-648,544],[-361,309],[-24,15],[-48,0],[-24,0],[-24,44],[-48,206],[-24,73],[-48,89],[-48,14],[-120,-14],[-48,44],[-120,235],[-48,59],[-288,88],[-481,309],[-384,147],[-1297,-14],[-48,14],[-96,74],[-72,15],[-1032,-30],[-1249,-29],[-72,15],[-120,73],[-72,30],[-72,0],[-217,-45],[-984,-14],[-24,0],[-144,59],[-144,117],[-265,295],[-120,88],[-48,132],[0,147],[24,177],[0,162],[-96,206],[-24,147],[-888,1265],[-168,368],[-72,412],[48,1824],[24,118],[264,426],[48,162],[0,192],[-72,206],[-120,323],[-24,177],[48,206],[168,338],[-24,74],[-360,191],[-433,353],[-192,59],[-120,-44],[-120,-74],[-144,-44],[-168,59],[-288,309],[-144,103],[-120,44],[-145,29],[-144,0],[-120,-29],[-144,-132],[-264,-383],[-168,-147],[-144,-30],[-120,74],[-120,147],[-216,456],[-24,74],[24,118],[48,88],[48,88],[48,103],[-48,103],[-48,177],[-241,264],[-552,412],[-288,280],[-72,176],[-48,501],[-96,235],[-553,1000],[-48,192],[-24,117],[24,89],[0,103],[24,117],[-24,103],[-96,147],[-48,103],[0,103],[24,89],[72,191],[0,103],[-72,471],[-48,162],[-120,191],[-120,147],[-96,162],[-144,426],[-240,530],[-24,177],[0,515],[-48,220],[-264,603],[-48,177],[-72,500],[-145,486],[-72,353],[-48,368],[-48,29],[-96,118],[-24,162],[-48,103],[-456,382],[-96,59],[-144,29],[-288,0],[-120,30],[-73,88],[-48,353],[-24,44],[-24,89],[0,44],[0,14],[72,59],[24,15],[-24,177],[-24,147],[-48,132],[-48,118],[-432,397],[-936,294],[-25,30],[-48,29],[-48,29],[-48,162],[-24,44],[-264,265],[-72,103],[-48,59],[-48,15],[-48,88],[-24,206],[0,88],[0,280],[-24,176],[-72,148],[-96,73],[-96,-73],[-120,-30],[-144,118],[-168,294],[-313,324],[-48,14],[-24,45],[0,823],[-48,295],[-96,235],[-840,1104],[-192,147],[-72,14],[-145,30],[-72,15],[-336,323],[-192,383],[-96,132],[-72,44],[-192,74],[-192,162],[-72,29],[-433,-59],[-144,59],[-72,59],[-96,162],[-48,73],[-72,44],[-120,45],[-72,58],[-120,59],[-168,-14],[-288,-74],[-48,-29],[-168,-148],[-72,0],[-385,118],[-120,147],[-96,162],[-120,118],[-48,15],[-216,44],[-192,103],[-48,14],[-216,-73],[-48,-15],[-24,-73],[-97,14],[-144,88],[-192,30],[-48,29],[-24,44],[-24,89],[-24,73],[-96,89],[-72,132],[-168,574],[24,103],[96,117],[0,15],[24,88],[48,45],[24,58],[24,177],[48,88],[72,147],[384,501],[48,88],[25,88],[24,74],[24,44],[192,44],[120,74],[72,88],[72,118],[0,176],[-24,44],[-72,88],[-24,45],[0,117],[0,89],[24,73],[72,103],[48,59],[72,29],[48,45],[0,117],[-96,44],[-48,44],[-48,103],[-48,59],[-48,89],[-24,103],[0,58],[72,162],[0,118],[0,29],[-72,45],[0,29],[0,44],[24,59],[24,44],[0,147],[0,74],[24,59],[96,58],[96,30],[72,59],[-24,44],[-24,29],[192,221],[120,29],[721,-206],[72,15],[96,103],[48,30],[48,0],[96,-15],[456,59],[48,59],[0,29],[-24,59],[120,15],[120,-89],[96,-103],[96,-59],[144,30],[97,73],[96,45],[120,-30],[216,-221],[144,-309],[144,-235],[312,-44],[72,15],[24,14],[288,309],[72,59],[97,59],[120,29],[216,45],[384,0],[120,44],[144,103],[649,765],[144,206],[96,191],[24,206],[24,206],[-96,2530],[-96,2516],[-96,2178],[-24,662],[216,1294],[816,3016],[408,471],[145,294],[24,103],[-24,206],[0,103],[0,44],[72,89],[24,44],[48,368],[0,397],[-313,1913],[-48,367],[48,309],[577,1045],[264,647],[120,177],[96,132],[817,721],[120,44],[72,-29],[816,-927],[192,-162],[72,-103],[48,-132],[-24,-250],[0,-133],[72,-29],[73,59],[72,279],[96,88],[96,15],[96,-29],[72,14],[72,133],[48,162],[0,103],[24,103],[120,147],[360,353],