{"type":"Topology","transform":{"scale":[0.0036000360003600037,0.00009236610032358688],"translate":[-180,-21.71116948317183]},"objects":{"FJI":{"type":"MultiPolygon","arcs":[[[0]],[[1]],[[2]],[[3]],[[4]],[[5]],[[6]],[[7]],[[8]],[[9]],[[10]],[[11]],[[12]],[[13]],[[14]],[[15]],[[16]],[[17]],[[18]],[[19]],[[20]],[[21]],[[22]],[[23]],[[24]],[[25]],[[26]],[[27]],[[28]],[[29]],[[30]],[[31]],[[32]],[[33]],[[34]],[[35]],[[36]],[[37]],[[38]],[[39]],[[40]],[[41]],[[42]],[[43]]]}},"arcs":[[[98507,91],[-4,-91],[-5,146],[-2,183],[1,128],[6,0],[3,-73],[2,-146],[-1,-147]],[[357,11316],[2,-55],[-1,0],[-2,0],[-2,73],[-2,74],[1,73],[1,91],[0,-91],[1,-92],[2,-73]],[[494,20384],[-1,-128],[-1,55],[0,73],[1,73],[3,73],[-1,-73],[-1,-73]],[[442,27495],[-3,-73],[-1,18],[0,37],[1,55],[5,384],[2,54],[1,-201],[0,-219],[-2,-55],[-3,0]],[[99943,27532],[1,-183],[-8,-73],[-4,0],[-4,18],[-1,37],[0,109],[2,37],[0,18],[1,92],[2,-37],[3,-18],[1,-19],[-1,165],[-3,165],[-1,127],[6,55],[3,-91],[2,-183],[1,-219]],[[400,28062],[-2,-18],[-2,0],[-4,-19],[2,-164],[4,-146],[5,-92],[4,37],[-1,-220],[-5,19],[-10,201],[-2,91],[1,201],[4,201],[8,19],[-2,-110]],[[297,29671],[-4,-183],[-5,0],[-2,237],[0,256],[3,147],[4,18],[4,-183],[0,-292]],[[99550,30164],[2,-146],[9,-18],[2,-165],[2,0],[10,-55],[3,-55],[2,-127],[2,-202],[-1,-182],[-5,-110],[-5,-110],[-1,73],[-3,19],[-6,36],[1,-91],[1,-73],[-1,-73],[-3,-55],[-3,36],[-6,19],[-7,0],[-5,-55],[1,73],[1,146],[0,73],[-2,-36],[-2,-19],[-2,19],[-2,36],[2,55],[1,73],[1,37],[-7,91],[-7,-110],[-12,-365],[-5,-37],[-4,0],[-3,-36],[-2,-110],[0,-219],[0,-55],[-1,164],[-3,-73],[-1,-128],[1,-109],[2,-55],[4,-37],[1,-91],[-1,-274],[0,-74],[-2,-73],[-3,-55],[-2,19],[-3,55],[0,109],[1,274],[-4,-128],[-2,-18],[-4,0],[-2,-109],[-2,-92],[-2,-73],[-4,-18],[-4,18],[-8,110],[-3,18],[-6,-146],[-4,-19],[-1,165],[-2,0],[-2,-55],[-3,37],[-3,73],[-3,91],[8,311],[5,55],[6,-73],[3,91],[1,238],[2,109],[3,55],[3,0],[16,-146],[2,18],[2,73],[0,110],[1,110],[3,73],[4,-91],[2,91],[1,183],[0,201],[4,238],[10,146],[11,18],[8,-110],[2,311],[2,37],[4,18],[2,18],[1,55],[1,55],[2,18],[3,-18],[2,-37],[3,0],[3,55]],[[52,30146],[7,-311],[-6,-329],[-2,366],[-6,36],[-5,-164],[1,-201],[2,-220],[-4,-36],[-3,128],[2,310],[4,458],[10,-37]],[[99593,30438],[-1,-109],[-4,36],[-2,-109],[-1,-110],[-3,18],[-7,201],[0,128],[3,147],[0,91],[3,110],[6,54],[4,-36],[-1,-165],[2,-91],[1,-91],[0,-74]],[[301,30603],[-2,0],[-2,18],[3,110],[4,91],[3,73],[4,37],[-1,-73],[-1,-73],[-2,-55],[-1,-55],[-2,-36],[-3,-37]],[[419,33034],[-2,-73],[-2,19],[-3,164],[2,128],[3,55],[3,-92],[1,-109],[-2,-92]],[[99969,33583],[2,-92],[4,74],[1,0],[1,-128],[-5,-165],[-1,-219],[-5,-55],[-2,183],[-1,182],[-3,92],[-2,110],[-5,109],[-1,128],[5,92],[11,146],[11,91],[4,19],[2,-74],[1,-54],[-2,-128],[-7,-55],[-3,-110],[-5,-146]],[[99348,34332],[2,-530],[-4,110],[-4,183],[-2,201],[-2,183],[0,164],[0,73],[4,201],[1,-36],[1,-18],[1,0],[1,-19],[1,-128],[1,-128],[0,-256]],[[99483,35722],[-4,-37],[-5,128],[2,18],[1,19],[0,36],[-1,73],[1,55],[0,37],[0,55],[0,73],[2,201],[3,18],[3,-91],[2,-201],[-1,-238],[-3,-146]],[[344,37513],[-10,0],[-3,19],[-2,54],[-1,55],[-2,19],[-5,164],[5,311],[10,183],[7,-201],[4,-147],[1,-182],[-1,-183],[-3,-92]],[[270,40146],[-5,-55],[-4,73],[-2,128],[-3,256],[5,146],[3,-36],[5,-110],[1,-256],[0,-146]],[[99808,40749],[7,-457],[2,-91],[4,-311],[1,-567],[-3,-439],[-9,202],[-2,128],[-3,292],[-1,128],[-5,238],[-2,128],[-2,201],[-1,-128],[1,-220],[-1,-73],[-2,-18],[-1,73],[-2,311],[1,311],[-1,36],[-2,183],[-1,110],[3,-73],[2,0],[6,182],[1,0],[2,-18],[4,-18],[4,-110]],[[480,40585],[-7,0],[-7,36],[-8,146],[-2,348],[6,292],[12,37],[3,-55],[6,-146],[4,-165],[2,-183],[-3,-201],[-6,-109]],[[99841,41901],[-2,-110],[-2,55],[-2,201],[-2,92],[-2,127],[-1,147],[1,146],[5,-91],[5,-55],[0,-55],[0,-37],[-2,-55],[1,-73],[1,-91],[0,-110],[0,-91]],[[200,42778],[-5,-146],[-7,37],[-4,128],[1,201],[4,164],[6,19],[5,-183],[0,-220]],[[99660,42705],[-1,-73],[0,-36],[-1,-37],[-2,73],[-2,-36],[-1,0],[-2,73],[-3,18],[-5,420],[-1,202],[3,-147],[5,-274],[5,-128],[5,-55]],[[99662,42998],[-5,-73],[-3,182],[-1,183],[-4,421],[3,329],[7,164],[2,55],[4,55],[5,-110],[3,-256],[1,-146],[1,-146],[1,-146],[-1,-165],[-1,-128],[-2,-110],[-7,-73],[-3,-36]],[[99733,43894],[-3,0],[-1,127],[-1,110],[-2,73],[-3,73],[-2,147],[0,109],[2,55],[4,-91],[1,-110],[4,-329],[1,-164]],[[240,45923],[-6,-19],[-4,147],[-1,201],[3,146],[5,18],[3,-128],[1,-201],[-1,-164]],[[99519,47202],[1,-128],[3,-219],[0,-146],[-2,-110],[-7,-274],[-2,-128],[3,-55],[0,-91],[-1,-92],[-2,-55],[3,19],[8,347],[5,73],[6,-18],[6,-91],[5,-128],[3,-202],[0,-91],[-1,-128],[1,-73],[1,-18],[5,-165],[1,-36],[1,-37],[11,-311],[3,0],[3,0],[3,-36],[5,-128],[8,-384],[2,-73],[6,-37],[6,-73],[5,-146],[3,-201],[0,-256],[-3,-220],[-3,-164],[-2,-201],[-1,-110],[0,-91],[-1,-92],[1,-91],[2,-73],[5,-128],[2,-55],[0,-128],[-1,-110],[0,-109],[2,-92],[4,37],[2,-37],[-1,-73],[-2,-73],[3,-55],[2,-73],[0,-110],[-2,-146],[-1,37],[-2,36],[0,-36],[1,-183],[-8,-92],[1,-292],[5,-348],[3,-146],[6,-18],[2,-55],[2,-91],[3,-128],[1,-73],[0,-37],[1,-37],[2,-18],[2,37],[2,73],[1,73],[0,55],[2,0],[-1,-92],[-2,-146],[-1,-73],[0,-146],[0,-110],[-1,-146],[-2,-146],[-4,-110],[-2,-73],[-14,-274],[-7,-256],[0,219],[-8,-110],[-3,-36],[3,183],[0,36],[-1,110],[-2,18],[-1,0],[-2,73],[-3,0],[-8,-146],[-4,-55],[1,-219],[-5,-128],[-6,-73],[-3,18],[0,164],[1,55],[-1,37],[-4,164],[-3,55],[-3,19],[-3,0],[1,-55],[0,-37],[-1,-91],[-1,-73],[-2,-37],[-3,-18],[0,36],[-1,55],[-1,37],[-2,18],[-2,0],[-3,-55],[-2,-18],[-2,-37],[-2,-73],[-2,-73],[-3,-37],[-4,-18],[-2,-18],[-1,-37],[-2,-73],[-1,-73],[-1,-146],[-1,-73],[-3,-55],[-6,-73],[-2,-55],[-8,-366],[-5,-146],[-5,-55],[-2,0],[-2,-73],[-6,219],[-21,-274],[-9,55],[-4,0],[-2,18],[-2,55],[-1,-55],[-4,-91],[-4,-18],[-3,55],[-3,18],[-5,-92],[-3,-36],[-1,183],[-1,54],[-2,-18],[-3,-55],[-1,-54],[-2,-37],[-1,37],[-6,182],[0,73],[-2,55],[-12,128],[-23,238],[-7,36],[-8,74],[-15,256],[-7,-37],[-8,146],[-4,19],[-14,-37],[-2,18],[-3,55],[-2,55],[-1,73],[-2,37],[-19,182],[-9,147],[-6,347],[-2,-73],[-1,110],[-1,219],[0,110],[-1,73],[-1,36],[-1,92],[-1,128],[-1,73],[-5,91],[0,73],[1,92],[-2,91],[-1,92],[-1,109],[0,92],[4,183],[1,109],[0,146],[-1,74],[-2,73],[0,109],[1,220],[5,91],[13,18],[7,110],[2,55],[3,110],[0,91],[0,91],[-1,110],[0,366],[1,146],[1,18],[1,-18],[10,-110],[2,0],[3,110],[1,73],[-1,73],[-1,92],[0,109],[-1,220],[-1,109],[0,92],[-3,55],[-2,36],[-2,73],[-2,256],[3,110],[5,73],[3,201],[1,73],[6,55],[3,55],[1,128],[-1,110],[1,109],[3,92],[3,-128],[2,36],[2,128],[-2,128],[2,147],[3,146],[2,36],[3,-109],[2,0],[11,365],[11,256],[1,37],[1,18],[0,55],[1,55],[2,18],[2,0],[2,-36],[1,-19],[-1,-18],[-2,-91],[1,-183],[2,-201],[2,-110],[2,55],[-2,146],[-1,128],[0,128],[1,128],[2,55],[9,201],[2,36],[11,-146],[1,55],[1,128],[1,128],[1,55],[3,36],[1,55],[2,37],[6,36],[1,55],[1,55],[3,55],[1,18],[1,-18],[0,-146],[0,-110],[0,-110],[-2,-91],[-2,-92],[5,-36],[4,73],[3,146],[4,110],[6,-146],[8,-19],[8,37],[6,55],[8,146],[4,92],[3,109],[3,92],[7,0],[4,91],[9,-55],[10,73],[9,183],[2,311],[6,-73],[8,-146],[6,-165],[3,-165]],[[241,48007],[-2,-73],[-3,18],[-2,110],[0,201],[3,55],[3,-37],[2,-146],[-1,-128]],[[99207,48354],[4,-219],[-2,-18],[-1,-37],[0,-55],[-4,-219],[-4,-128],[-3,-37],[-3,110],[-1,183],[2,146],[0,110],[-3,73],[0,91],[7,-110],[4,0],[4,110]],[[99837,46947],[-7,-238],[-2,73],[0,640],[-1,164],[-1,165],[-2,146],[1,146],[-1,147],[2,109],[12,73],[2,19],[3,0],[3,-92],[0,-55],[1,-383],[-1,-275],[-2,-256],[-3,-201],[-4,-182]],[[283,47806],[-1,-201],[-4,128],[0,201],[4,219],[4,110],[-1,146],[1,73],[2,37],[1,55],[0,146],[0,55],[-3,91],[-3,55],[-6,36],[-3,55],[-1,73],[0,220],[-1,91],[4,-73],[3,-110],[3,-109],[6,-19],[8,-146],[5,-110],[2,-146],[-5,-347],[0,-73],[-5,-55],[-6,-183],[-4,-219]],[[99247,50219],[-1,-128],[-3,-110],[-2,-201],[-8,-219],[-1,-165],[-1,37],[-1,18],[-1,18],[-1,73],[-3,-73],[-2,-73],[-1,-91],[0,-128],[-7,55],[0,91],[3,-18],[1,18],[-2,91],[0,165],[0,128],[2,55],[3,36],[1,110],[0,128],[1,91],[2,74],[6,182],[3,37],[0,-37],[3,