{"type":"Topology","transform":{"scale":[0.00003582071641074611,0.000013778928311525988],"translate":[-61.31761317613176,-52.406127095099535]},"objects":{"FLK":{"type":"MultiPolygon","arcs":[[[0]],[[1]],[[2]],[[3]],[[4]],[[5]],[[6]],[[7]],[[8]],[[9]],[[10]],[[11]],[[12]],[[13]],[[14]]]}},"arcs":[[[44020,3554],[603,-735],[1105,245],[704,612],[301,-857],[-703,-858],[-503,-981],[-301,-980],[-704,613],[-603,612],[-502,736],[-704,-123],[-301,858],[-603,735],[804,1226],[703,245],[-100,858],[502,1225],[704,490],[904,0],[101,-857],[-603,-368],[0,-980],[-503,-736],[-301,-980]],[[42914,19363],[402,-1961],[1407,245],[603,-245],[402,-981],[-100,-367],[-201,-490],[-101,-491],[0,-735],[503,-490],[-101,-980],[-402,-981],[-502,-490],[-201,0],[-302,-368],[-201,-367],[-301,-1103],[-201,0],[-302,612],[0,858],[0,123],[0,122],[0,123],[-100,0],[301,613],[302,980],[100,1103],[-100,1348],[-402,858],[-402,490],[-402,613],[-201,1225],[201,1348],[301,-612]],[[80200,29166],[201,-122],[201,122],[201,245],[-100,491],[201,122],[100,-122],[402,-613],[0,-123],[-100,0],[-101,-612],[-100,-491],[-302,-122],[-502,368],[-302,0],[0,-246],[201,-735],[-100,-245],[-302,0],[-100,-245],[301,-245],[302,245],[301,368],[0,-123],[-100,-613],[-101,-735],[101,-735],[201,-736],[0,-490],[-101,-245],[0,-490],[201,-613],[-100,-245],[-603,123],[-201,367],[201,491],[0,490],[-201,0],[-302,-245],[-402,367],[-402,490],[-603,613],[-100,368],[0,613],[-101,612],[-402,491],[-201,612],[201,490],[302,491],[402,245],[402,245],[301,245],[201,122],[101,123],[-201,245],[100,245],[402,0],[302,-245],[201,-368],[100,-245]],[[45929,31617],[0,-735],[-201,-490],[-301,-245],[-201,122],[0,245],[-101,245],[-100,246],[-101,0],[-201,-123],[-100,368],[201,858],[-101,490],[101,858],[402,490],[201,-123],[100,-490],[-100,-613],[100,-490],[201,-245],[201,-368]],[[2312,41666],[0,-367],[301,-245],[201,-123],[302,123],[301,245],[-603,-1839],[-1005,0],[-1005,1103],[-804,1593],[101,246],[201,245],[301,122],[201,-245],[603,-245],[503,-735],[100,245],[101,980],[100,368],[0,490],[201,368],[201,245],[302,-123],[201,-245],[201,-490],[100,-613],[-301,-122],[-804,-981]],[[12261,39705],[-201,-857],[-603,-2084],[1206,0],[-301,-612],[-201,-1348],[-101,-613],[-402,-368],[-1306,-490],[-804,-490],[-603,122],[-1307,858],[101,735],[100,246],[-402,0],[-201,490],[-100,613],[-101,367],[-301,123],[-503,122],[-301,245],[-101,123],[-100,245],[-101,123],[-100,0],[201,1593],[-201,980],[-402,613],[-503,245],[503,980],[301,490],[503,123],[1105,-123],[201,123],[302,1225],[502,1348],[402,491],[402,367],[101,0],[301,0],[101,0],[201,-245],[100,-245],[0,-368],[101,-122],[603,-490],[201,-490],[-101,-736],[-603,-735],[-1306,-1348],[-503,-1226],[-100,-612],[201,-123],[2010,1103],[804,1226],[603,490],[402,858],[301,1593],[-100,612],[-302,246],[-100,245],[301,858],[302,612],[301,0],[201,-367],[101,-981],[0,-613],[-101,-735],[-201,-735],[-100,-368],[-201,-735],[-101,-1716],[0,-858]],[[3417,51715],[-402,-490],[-1105,123],[-503,-368],[-201,-735],[-100,-858],[0,-2206],[-302,245],[-402,368],[-301,612],[-101,736],[201,1470],[201,981],[302,612],[603,491],[603,0],[1005,-736],[502,-245]],[[54472,76347],[301,-490],[2814,-1961],[704,-858],[402,-980],[-1206,123],[-402,-368],[-302,-1225],[101,-981],[402,-122],[402,245],[402,-123],[-704,-735],[-1306,-2329],[-603,-857],[-201,735],[-302,245],[-301,-123],[-402,-367],[0,-490],[100,-491],[0,-367],[-201,-1226],[201,245],[503,245],[0,-490],[-804,-1960],[-101,-491],[-100,-1960],[-201,-491],[-402,-367],[-704,-1348],[-301,-368],[-402,368],[-101,612],[0,736],[101,858],[-905,-1716],[-502,-613],[-302,368],[-1608,-2574],[804,123],[-100,-735],[-1005,-2084],[-1206,-3676],[-704,-1471],[-1909,-2818],[-2915,-6863],[-603,-1961],[-201,-1103],[-301,-858],[-503,-612],[-1206,-613],[-1809,-2083],[-201,2083],[-100,368],[-704,122],[-301,245],[-201,245],[-101,858],[-301,0],[-302,-367],[-100,-491],[-101,-735],[302,-1471],[-101,-612],[-502,-613],[-2413,368],[-703,-613],[-302,-123],[-201,736],[101,367],[502,858],[201,613],[-1809,-1226],[-502,-612],[-302,-1348],[201,-1103],[302,-1226],[201,-1593],[-101,-1103],[-402,-858],[-2211,-4289],[-301,-490],[-704,0],[-804,1103],[-603,-123],[101,-122],[0,-368],[0,-490],[0,-245],[-201,-245],[-201,367],[-201,368],[-503,613],[-502,1348],[-201,245],[-302,245],[-502,735],[-402,0],[-201,-245],[0,-490],[100,-490],[704,-613],[402,-980],[402,-1348],[100,-1226],[-1105,-2206],[-1608,-1470],[-1508,245],[-904,2941],[301,-123],[302,-122],[301,0],[201,245],[-502,613],[-704,1225],[-603,1471],[-301,1103],[301,245],[302,735],[201,735],[-503,368],[-2814,123],[-301,-123],[-201,-613],[100,-245],[402,-122],[302,-123],[603,-368],[603,-1102],[603,-1348],[201,-1103],[-1608,0],[-402,122],[-302,245],[-100,613],[-1307,2696],[-301,490],[-402,123],[-302,0],[-402,122],[-502,858],[-905,1961],[-502,735],[-1307,368],[-402,858],[201,1715],[302,736],[703,-245],[1508,-981],[1206,-122],[301,-368],[101,-735],[0,-736],[100,-612],[503,122],[-402,2451],[1909,368],[1809,1103],[0,490],[-904,858],[-804,245],[-603,490],[-603,1838],[2412,123],[1306,-613],[503,-1471],[201,0],[100,491],[101,367],[402,736],[0,-858],[201,-613],[201,-245],[301,368],[201,490],[302,122],[301,-245],[804,-245],[302,-245],[402,-613],[502,-735],[201,0],[302,735],[-402,490],[0,491],[703,0],[804,245],[704,490],[603,735],[804,2206],[100,245],[101,368],[-201,613],[-302,245],[-402,-368],[-1005,-1471],[-1306,-857],[-1407,0],[-1106,1103],[2211,-246],[503,491],[201,245],[603,367],[100,368],[101,613],[201,735],[301,490],[201,368],[-301,858],[0,612],[201,491],[100,490],[-100,735],[-101,1593],[0,981],[302,1225],[603,858],[804,368],[603,-245],[-302,-613],[-201,-490],[-502,-858],[904,367],[302,0],[201,-612],[-101,-736],[-502,-1960],[301,-368],[804,-1226],[0,1226],[302,858],[301,490],[503,-123],[-302,1103],[-100,858],[100,2329],[101,735],[201,368],[301,245],[302,-123],[201,-245],[201,-1225],[201,-491],[201,0],[201,368],[201,123],[100,-736],[201,-245],[201,368],[905,1225],[100,1348],[-100,1471],[100,1103],[-804,367],[-603,-245],[-703,-367],[-704,-245],[-1608,367],[-703,-367],[201,-1594],[-302,-735],[-201,0],[-201,245],[-301,123],[-1307,-1348],[-301,-245],[-1307,0],[-402,-245],[-201,-613],[-100,-613],[-201,-490],[-603,0],[-302,1103],[-201,1225],[-502,613],[-603,490],[-603,1103],[-302,1471],[0,1470],[402,1226],[503,-123],[502,-735],[2814,-1348],[804,0],[603,490],[1307,1593],[703,368],[2111,-368],[2010,1226],[603,-123],[1105,-1961],[704,-490],[1608,-245],[-502,1348],[-603,735],[-805,368],[-703,0],[-603,490],[-1608,3064],[-302,245],[-603,368],[-301,367],[-704,1961],[-703,123],[-4121,3063],[-402,491],[-301,1593],[0,858],[201,367],[1708,0],[1307,-613],[301,368],[-402,1471],[-603,980],[-703,613],[-804,490],[-1005,245],[-804,-122],[-402,0],[-804,857],[-402,123],[-302,245],[-301,368],[-201,612],[0,491],[100,857],[-100,858],[-402,1593],[301,-122],[302,0],[201,245],[301,368],[905,-981],[3115,-2083],[905,-981],[2914,-3921],[2312,-1838],[2412,-613],[4623,1471],[-703,1225],[-1910,368],[201,1593],[603,1225],[704,981],[100,980],[201,368],[302,-613],[100,-368],[201,-1838],[1709,2329],[904,612],[905,-490],[0,-490],[-201,-245],[-101,-123],[0,-367],[-100,-246],[2613,-735],[804,-735],[-402,-368],[-503,-122],[-1005,0],[804,-1471],[1508,0],[5226,1961],[502,368],[905,1348],[603,245],[0,-491],[-1910,-2328],[-804,-613],[1307,-1103],[1306,0],[2814,1594],[-201,735],[-402,613],[-301,490],[-402,122],[-201,490],[0,2084],[0,980],[201,-122],[502,122],[201,0],[-100,245],[0,858],[-101,368],[402,0],[503,-245],[502,-368],[101,-613]],[[44723,76837],[704,-857],[100,1470],[603,-245],[101,-1103],[703,-613],[1005,-245],[101,-857],[-804,-246],[-1106,-857],[-804,-858],[-804,-123],[-804,858],[101,1103],[502,735],[-603,368],[-1105,-368],[-905,858],[-201,735],[804,123],[804,245],[201,1225],[603,0],[402,-735],[402,-613]],[[39095,77450],[-703,-367],[-503,0],[-603,612],[-402,736],[-402,980],[-301,1103],[1306,735],[402,0],[402,-245],[1106,-980],[201,0],[-402,-490],[-201,0],[0,-491],[402,-858],[-302,-735]],[[31055,80024],[703,-123],[704,123],[1508,612],[703,-367],