{"type":"Topology","transform":{"scale":[0.000013680273604104162,0.000010047135227154416],"translate":[-7.644676446764464,61.39384943137509]},"objects":{"FRO":{"type":"MultiPolygon","arcs":[[[0]],[[1]],[[2]],[[3]],[[4]],[[5]],[[6]],[[7]],[[8]],[[9]],[[10]]]}},"arcs":[[[55263,22689],[789,0],[790,0],[-3421,-2017],[0,-672],[6315,504],[2105,-1681],[4474,-336],[1579,-1176],[263,-1345],[-789,-840],[-1316,-168],[-1053,672],[-789,672],[-1316,336],[-1053,0],[-526,-672],[1316,-336],[1053,-840],[526,-841],[789,-672],[527,-168],[1579,336],[789,-168],[790,-672],[263,-504],[-263,-673],[-790,-336],[0,-672],[3158,-1008],[-263,-841],[-790,-168],[-789,168],[-790,0],[-2631,-1008],[-1316,-168],[-1579,336],[0,-672],[790,-168],[789,-336],[526,-673],[264,-840],[1052,1176],[1316,337],[2895,-169],[-264,-336],[-263,-1008],[1579,-504],[1053,-1345],[263,-1848],[-526,-1177],[-1579,-168],[-1842,1008],[-2632,2689],[-6579,4034],[-3158,3025],[264,2521],[-1843,1513],[-2368,2353],[-1579,2521],[-263,1680],[-263,505],[-790,1512],[1579,0],[0,336],[-263,168],[-263,168],[2632,1177],[1315,168],[1053,-672],[-1316,-1009],[-526,-336],[526,-504],[790,-168]],[[58684,50252],[1579,-168],[2105,168],[1052,-168],[527,-505],[1052,-1176],[790,-336],[5789,-1009],[790,-840],[526,-1344],[2105,-1345],[527,-1008],[-1053,-1009],[-526,-672],[263,-336],[0,-504],[0,-2858],[-263,-336],[-527,-672],[-789,-840],[-790,-168],[-526,168],[-4737,6554],[-1052,673],[-6579,840],[-1053,336],[-1052,672],[-527,1177],[-263,1848],[-1579,2353],[-526,1681],[1579,-336],[3158,-840]],[[7105,69915],[-789,0],[-6053,336],[-263,673],[2105,840],[2105,0],[2106,-672],[789,-673],[790,-336],[-790,-168]],[[35526,73445],[1053,-1513],[789,-672],[1842,-504],[1842,168],[1842,-336],[1316,-1513],[-789,-1177],[-790,-1344],[-789,-1008],[-1579,-505],[-1316,168],[-1053,337],[-1315,168],[-1316,-673],[789,-336],[527,-168],[526,-168],[789,0],[-4210,-1344],[-1316,-673],[526,1009],[527,336],[-527,1344],[-1052,1345],[-790,504],[-1315,-504],[789,-336],[789,-673],[790,-840],[-263,-840],[-790,-168],[-3158,1512],[-4473,673],[-3158,1344],[-1053,0],[0,672],[7106,0],[-1579,841],[-1842,672],[-3948,504],[-1842,1177],[-1316,2185],[-263,2016],[1842,168],[2632,-1680],[789,-336],[527,-168],[1842,168],[526,168],[263,504],[0,504],[263,168],[790,168],[1316,1009],[4999,840],[0,-672],[-526,0],[0,-673],[2895,-1344],[1052,-168],[790,-336]],[[96315,84873],[-1053,-168],[-1316,168],[-789,1008],[-790,1177],[-263,1176],[790,841],[1316,336],[2631,1512],[2105,0],[1053,-504],[0,-672],[-2105,-1345],[526,-1008],[0,-1008],[-526,-505],[-527,-672],[-1052,-336]],[[33158,91092],[526,0],[263,0],[263,-169],[5263,-672],[2369,-1008],[1052,-1345],[790,-2521],[3684,-4369],[0,-2353],[2368,-505],[4211,-2352],[3684,-673],[526,-672],[263,-840],[-526,-1009],[-789,-840],[-790,-672],[-1052,-336],[-790,-168],[6316,168],[1052,-1345],[1053,-1513],[263,-1008],[-526,-504],[-4211,0],[0,-672],[2632,-841],[4737,168],[2105,-1344],[-789,-1177],[-527,-1680],[263,-1345],[2369,-1008],[-263,-841],[-263,-1176],[263,-1681],[-2369,-672],[-2368,1681],[-2105,2017],[-4474,2016],[-3947,4202],[-2632,1008],[-1052,336],[-527,673],[-526,1176],[0,1513],[-526,1008],[-1053,841],[-1316,840],[-1316,504],[-5526,672],[-1316,336],[-789,1009],[0,1008],[1316,336],[-790,1177],[-1052,-168],[-1053,-673],[-1316,-336],[-526,168],[-2105,1345],[-790,504],[-526,504],[-263,505],[-263,672],[263,1008],[526,336],[526,0],[263,336],[527,1345],[0,1008],[263,841],[1316,336],[-1579,1512],[0,2017],[1052,3866],[264,-504]],[[55263,92268],[526,-1008],[-1316,-673],[-1842,-672],[-789,-672],[0,-1681],[263,-1344],[526,-1177],[1316,-840],[-790,3025],[264,1176],[5526,1177],[1842,0],[1052,-1345],[-526,-168],[-1316,-504],[5527,-672],[789,-504],[-526,-1009],[-1316,-840],[-1579,-336],[0,-840],[790,-169],[1579,-840],[526,-336],[789,168],[1316,504],[790,168],[3947,-1008],[3158,-1345],[263,-672],[-1053,-336],[-1842,-168],[-4473,504],[-1316,-504],[0,-672],[8947,-3026],[2632,-1848],[-3685,336],[-3947,1176],[0,-672],[1579,-336],[1579,-672],[2368,-1681],[0,-672],[-1315,0],[-1316,0],[-1316,-504],[-1053,-1009],[264,-168],[526,-336],[263,-168],[0,-672],[-526,-336],[-263,-505],[0,-504],[263,-672],[-2632,1176],[-789,2185],[0,2521],[-527,2353],[-1315,1681],[-1842,2185],[-2369,1176],[-2105,-336],[1842,-1345],[2105,-1176],[1842,-1681],[790,-2521],[-1316,-2185],[-2895,1513],[-5789,4706],[-2895,-168],[-789,504],[-527,504],[-1579,1009],[-526,168],[-789,504],[-4737,5042],[-2369,5042],[-789,504],[-789,672],[-527,504],[-263,673],[790,672],[789,0],[789,-504],[790,-168],[1579,504],[2631,1344],[3421,505],[790,-336],[789,-337],[527,-504],[789,-336],[790,-168]],[[91841,86218],[-1316,-1513],[-2105,-168],[-2368,504],[-1579,1177],[-526,-673],[2631,-2521],[1579,-840],[1316,672],[263,-1848],[263,-505],[526,-504],[0,-672],[-1315,-504],[-1579,-336],[-1316,336],[-1053,840],[-2105,2689],[-1053,840],[-1052,-336],[1579,-3361],[526,-1176],[263,-673],[-526,0],[-526,168],[-790,505],[-263,336],[-263,336],[0,336],[-2632,2185],[-789,1512],[263,1681],[526,672],[263,0],[264,-336],[263,-336],[526,168],[263,504],[0,504],[263,673],[0,840],[-263,2689],[0,840],[-1052,2017],[-527,1849],[263,1513],[2369,840],[-790,-672],[2106,-4034],[2631,-2689],[3158,-2017],[3684,-1512]],[[77894,86890],[-1053,-504],[-1579,504],[-1579,1344],[-789,841],[-1842,3193],[-790,2353],[264,2185],[1052,840],[1316,-840],[526,-1513],[3158,-4706],[790,-1344],[526,-841],[0,-1512]],[[73157,84033],[-1052,-168],[-1316,504],[-1053,1008],[-526,1681],[-790,1513],[-526,504],[-1579,1512],[-1842,2353],[-526,841],[-1316,2521],[0,1344],[526,504],[1053,-672],[1053,-1176],[2105,-3194],[5000,-6554],[526,-336],[526,-1177],[-263,-1008]],[[87104,92604],[264,-672],[789,168],[789,672],[790,0],[526,-168],[527,-504],[526,-1008],[-263,-841],[-527,-672],[-1315,-336],[-2369,504],[-2105,1513],[-1842,1848],[-1053,1681],[-526,2521],[-1053,672],[-789,1177],[1053,840],[1842,-336],[1052,-672],[527,-1345],[789,-1513],[789,-1008],[1053,-1008],[526,-841],[0,-672]]]}