{"type":"Topology","transform":{"scale":[0.00024984499687495275,0.00008858364941454056],"translate":[138.06318063180635,0.9174545105262268]},"objects":{"FSM":{"type":"MultiPolygon","arcs":[[[0]],[[1]],[[2]],[[3]],[[4]],[[5]],[[6]],[[7]],[[8]],[[9]],[[10]],[[11]],[[12]],[[13]],[[14]],[[15]],[[16]],[[17]],[[18]],[[19]]]}},"arcs":[[[67060,57],[-15,-57],[-43,0],[-14,76],[14,38],[15,0],[28,-19],[15,-38]],[[66714,553],[-14,-57],[-58,0],[0,38],[29,57],[43,-38]],[[66973,553],[-14,-38],[-29,0],[-29,57],[0,57],[29,19],[29,-38],[14,-57]],[[67362,32119],[-57,-114],[-15,172],[72,133],[0,-191]],[[66959,32272],[-72,-114],[-14,171],[72,114],[14,-171]],[[62492,49351],[-29,-38],[15,134],[43,133],[72,76],[29,-19],[0,-95],[-58,-114],[-72,-77]],[[99985,49599],[-72,-343],[-29,-95],[-58,-38],[-43,38],[-43,57],[-58,38],[-86,0],[-58,19],[-58,57],[-29,191],[58,191],[187,457],[72,153],[87,57],[58,-134],[0,-57],[0,-171],[0,-77],[14,-57],[29,-38],[29,-19],[14,-95],[-14,-134]],[[76440,54841],[0,-19],[0,19],[-14,19],[0,19],[14,19],[15,-19],[0,-19],[-15,-19]],[[45057,65306],[-14,-57],[0,76],[0,57],[14,58],[15,57],[0,-76],[0,-58],[-15,-57]],[[79581,65535],[-43,-57],[15,114],[14,38],[29,0],[0,-57],[-15,-38]],[[80604,68318],[29,-38],[43,57],[29,0],[29,-38],[29,-19],[101,0],[43,0],[0,-38],[72,-115],[29,-114],[0,-19],[-43,-38],[14,-95],[43,-58],[29,19],[43,58],[58,-572],[0,-115],[-29,-38],[-86,19],[-15,-19],[0,-133],[43,-210],[0,-133],[-14,-172],[-29,-114],[-57,-38],[-188,-77],[-72,19],[-43,115],[-86,-76],[-58,95],[-43,171],[-29,115],[14,152],[0,153],[-14,133],[-43,115],[14,38],[29,114],[-115,19],[-29,172],[29,381],[28,114],[87,0],[58,58],[14,266],[86,-114]],[[55230,72359],[-14,-114],[-15,419],[0,172],[29,-96],[14,-114],[0,-133],[-14,-134]],[[44524,72912],[0,-57],[-29,114],[29,0],[0,-19],[0,-38]],[[54322,73026],[58,-190],[0,-172],[-15,-210],[-43,-95],[-43,172],[-29,0],[-43,-77],[-43,20],[-58,38],[-58,19],[15,38],[14,19],[29,19],[43,38],[101,76],[29,77],[-29,114],[-86,-38],[-29,114],[130,96],[57,-58]],[[55259,73903],[29,-57],[28,57],[29,-19],[43,-38],[58,0],[-29,-133],[-72,-134],[-72,-95],[-72,-19],[0,133],[15,115],[14,209],[14,-19],[15,0]],[[49409,86484],[0,-38],[-15,114],[15,0],[14,-38],[-14,-38]],[[46469,86522],[-14,-76],[-15,133],[0,191],[44,133],[43,0],[0,-95],[-14,-152],[-44,-134]],[[48270,91002],[-14,-19],[14,95],[15,19],[29,-19],[-15,-57],[-14,-19],[-15,0]],[[490,97388],[43,-58],[87,96],[-15,-115],[-43,-190],[-58,-153],[-43,-76],[-58,57],[-28,229],[-58,-57],[-29,-96],[-216,-972],[-58,-152],[-14,267],[43,381],[58,343],[72,152],[29,77],[29,381],[28,133],[58,96],[14,-77],[15,-305],[14,115],[0,114],[29,95],[14,77],[44,57],[43,76],[29,0],[0,-133],[-44,-210],[15,-152]],[[9856,99866],[-43,-39],[0,77],[28,76],[44,19],[0,-38],[-29,-95]]]}