{"type":"Topology","transform":{"scale":[0.000058033160657409744,0.00006259618535640525],"translate":[8.695886958869607,-3.9372051403865385]},"objects":{"GAB":{"type":"MultiPolygon","arcs":[[[0]],[[1]],[[2]]]}},"arcs":[[[5583,50822],[-248,-108],[-186,27],[-310,162],[-124,216],[0,189],[0,216],[0,269],[-62,135],[-249,216],[-62,189],[0,162],[62,135],[187,242],[186,162],[372,216],[186,189],[62,-162],[0,-135],[-62,-108],[-124,-54],[0,-108],[620,-134],[124,-540],[-62,-674],[0,-513],[-310,-189]],[[11849,75829],[-63,-27],[-62,27],[125,0]],[[79218,97409],[0,-944],[0,-512],[-187,-378],[-620,-324],[-124,-81],[-310,-296],[-62,-81],[-186,-54],[0,-135],[124,-297],[-62,-162],[-62,-108],[-124,-108],[-124,-107],[-124,-189],[-125,-270],[-186,-54],[-62,-54],[186,-297],[125,-269],[124,-135],[62,-189],[0,-243],[-186,-593],[-125,-243],[-186,-216],[-248,-108],[124,-270],[0,-296],[-124,-297],[-62,-324],[62,-728],[-62,-405],[-248,-297],[248,-458],[310,-432],[124,135],[187,-135],[124,-189],[62,-215],[-124,-243],[372,-162],[310,-782],[248,-162],[0,-135],[0,-755],[0,-108],[0,-135],[62,-108],[124,-189],[0,-81],[-124,-54],[-186,-323],[-248,-162],[-248,-81],[-248,-54],[-124,-81],[-63,-243],[-124,-189],[-372,-27],[186,-135],[186,-80],[187,-108],[62,-216],[186,-27],[372,54],[558,-54],[372,81],[311,108],[310,377],[310,27],[310,81],[124,297],[124,108],[310,81],[373,54],[310,-27],[558,-189],[558,-108],[497,0],[620,108],[186,135],[372,485],[621,243],[248,162],[248,162],[310,27],[186,-27],[186,27],[310,54],[124,54],[187,135],[124,54],[62,-27],[186,-81],[62,-27],[186,81],[62,27],[248,377],[124,405],[0,81],[248,54],[3288,-270],[310,-81],[310,-162],[249,-243],[248,-161],[372,-27],[620,215],[310,81],[311,-27],[682,-188],[186,-81],[124,-108],[124,-81],[186,-54],[0,-81],[62,-81],[124,-81],[187,-81],[186,-135],[124,-189],[248,-998],[62,-404],[0,-1214],[124,-405],[248,-324],[869,-377],[186,-324],[310,-809],[186,-378],[248,-351],[248,-296],[372,-297],[373,-189],[124,-135],[0,-216],[-186,-134],[-187,-108],[-124,-135],[62,-189],[125,-755],[-621,-648],[-806,-647],[-497,-648],[0,-836],[-124,-324],[-1302,-1025],[-62,-108],[-124,-53],[-187,-81],[-868,-54],[-993,108],[-868,-108],[-496,-675],[186,-323],[124,-324],[-62,-351],[-310,-324],[-1303,-647],[-372,-378],[-621,-1268],[-558,-809],[-62,-377],[62,-405],[186,-486],[62,-404],[62,-1133],[124,-135],[186,0],[249,-27],[124,-189],[-62,-162],[-249,-297],[-62,-161],[62,-243],[63,-162],[0,-189],[-125,-189],[-186,-162],[-248,-269],[-744,-971],[-186,-378],[-62,-459],[806,-890],[124,-54],[124,27],[186,54],[124,81],[0,108],[62,108],[187,54],[558,-81],[186,-54],[124,-108],[124,-162],[682,162],[683,-108],[620,-270],[434,-404],[311,-567],[186,-620],[124,-675],[62,-593],[248,135],[310,108],[310,0],[310,-135],[249,-54],[310,81],[248,135],[310,27],[434,-135],[683,-270],[558,-324],[372,-485],[745,-432],[186,-216],[372,-755],[186,-486],[-124,-512],[-682,-1403],[-125,-404],[0,-378],[125,-405],[62,-485],[-187,-351],[-310,-324],[-248,-377],[-62,-378],[-124,-674],[-186,-351],[0,-216],[496,-1268],[186,-350],[62,-189],[0,-135],[-124,-270],[0,-135],[124,-189],[62,-81],[311,-242],[124,-216],[62,-135],[-62,-513],[-62,-350],[-62,-162],[-62,-162],[-125,-135],[-186,-108],[-62,-108],[-62,-188],[62,-297],[311,-243],[558,-378],[124,-323],[-124,-189],[-248,-135],[-186,-162],[-62,-162],[0,-377],[-249,-459],[249,-216],[186,-297],[0,-215],[-559,-108],[-124,-135],[-62,-189],[-124,-162],[-186,-108],[-124,-81],[-372,-108],[-124,-134],[124,-108],[310,-189],[186,-648],[310,-81],[372,-53],[125,-108],[-435,-216],[-186,-216],[-124,-351],[-62,-1268],[-62,-431],[0,-135],[124,-674],[-124,-243],[-496,-216],[0,-27],[-2047,-728],[-124,-108],[-62,-108],[-62,-162],[0,-162],[-63,-162],[0,-108],[125,-81],[124,-80],[62,-135],[0,-162],[-124,-324],[-62,-836],[-125,-216],[-124,-108],[-248,-108],[-124,-81],[0,-162],[124,-269],[-62,-135],[-186,-216],[-620,-216],[-248,-162],[62,-539],[1302,-1025],[124,-513],[-62,54],[-806,-189],[-186,-81],[-124,-80],[-372,-270],[-124,-135],[-62,-162],[0,-405],[-125,-161],[-186,-108],[-124,-135],[-124,-297],[-62,-216],[-124,-108],[-124,-27],[-186,81],[-248,135],[-186,0],[-124,0],[-807,-243],[-124,0],[-62,108],[-62,297],[-186,108],[-186,0],[-124,-81],[-310,-162],[-373,-81],[-434,27],[-372,108],[-248,243],[0,81],[0,620],[124,135],[372,162],[248,486],[186,107],[62,108],[-248,297],[-124,135],[-186,81],[-124,108],[-62,431],[-124,162],[-310,297],[-248,297],[-373,755],[-186,647],[-124,351],[-186,297],[-248,216],[-186,108],[-62,27],[-62,-81],[-310,-513],[-186,-324],[-63,-161],[-62,-324],[-62,-162],[-124,-189],[-1302,-1160],[-124,-162],[-62,-350],[-62,-135],[-187,-108],[-372,-135],[-248,-81],[-124,-162],[-248,-270],[-186,-134],[-559,-378],[-124,-135],[-124,-162],[-62,-162],[-62,-108],[-186,-108],[-62,27],[-186,189],[-62,27],[-248,-54],[-124,0],[-372,54],[-311,-81],[-310,27],[-3039,1052],[-125,27],[-248,-27],[-310,-188],[-186,-27],[-372,80],[-1117,459],[-372,81],[-248,-54],[-310,-297],[-186,-189],[-249,0],[-62,81],[125,162],[186,135],[62,108],[62,135],[62,162],[0,135],[62,162],[62,134],[186,135],[-62,162],[-62,27],[-124,0],[-124,135],[-62,108],[-62,432],[-186,188],[-311,486],[-186,135],[-372,-189],[-248,0],[-62,270],[-62,162],[-62,107],[-186,216],[-62,108],[0,108],[124,108],[0,81],[62,108],[0,81],[-310,81],[0,81],[0,107],[0,54],[0,27],[-62,351],[-62,108],[-249,243],[-124,108],[-124,350],[-372,1160],[-248,378],[-248,189],[-745,216],[-62,54],[-1178,755],[-745,297],[-806,-27],[-186,-54],[-869,-540],[-62,-81],[-124,-108],[-124,-215],[0,-135],[0,-162],[-62,-162],[-248,-108],[-310,81],[-310,324],[-249,189],[-186,53],[-62,-215],[186,-1727],[124,-647],[373,-513],[682,-269],[-124,-297],[-310,-432],[-124,-243],[0,-242],[124,-675],[-124,-458],[-248,-540],[-124,-512],[186,-351],[-6824,-1376],[-558,54],[-497,351],[-558,674],[-310,216],[-186,81],[-559,-243],[-744,-216],[-620,-108],[-373,-134],[-558,-513],[-310,-162],[-310,27],[-310,162],[-559,432],[-124,134],[-62,135],[-124,108],[-248,135],[-868,243],[-621,0],[-62,0],[-124,-324],[372,-917],[62,-351],[-124,-890],[0,-270],[124,-350],[435,-648],[186,-350],[62,-405],[0,-324],[-62,-350],[-124,-405],[-1303,-1888],[0,-108],[-186,-621],[62,-377],[310,54],[682,431],[497,162],[372,-108],[248,-297],[620,-809],[1303,-1295],[248,-350],[0,-351],[-434,-243],[-372,-27],[-248,0],[-186,-108],[-187,-377],[-124,-297],[0,-1106],[-62,-81],[62,-54],[124,-135],[187,-108],[930,-377],[372,-189],[683,-540],[620,-270],[868,-215],[621,-297],[186,-513],[-186,-323],[-745,-513],[-248,-405],[-992,-2158],[-62,-350],[186,-351],[372,-189],[372,-108],[372,-189],[124,-323],[-186,-351],[-310,-351],[-372,-242],[-248,-108],[-62,-27],[-310,0],[-993,270],[-372,26],[-931,-107],[-372,134],[-310,270],[-1365,2050],[-620,459],[-869,108],[-496,-297],[-310,-485],[-372,-459],[-683,-216],[-682,-108],[-558,-323],[-497,-405],[-620,-351],[-434,-350],[-310,-513],[-1117,-2859],[-248,-459],[-372,216],[-372,243],[-869,809],[-248,1025],[-186,297],[-124,269],[-62,324],[0,378],[-373,377],[-558,378],[-2109,1673],[-2792,1753],[-124,728],[0,243],[124,270],[63,378],[-125,296],[-124,297],[-248,189],[-372,216],[-496,350],[-310,135],[-62,297],[-683,674],[-186,243],[-310,324],[-496,458],[-1799,1430],[-2234,1565],[-868,674],[-2233,1511],[-1055,809],[-1303,917],[-3039,3507],[-372,621],[310,-216],[496,-486],[372,-189],[372,-27],[249,135],[248,243],[310,324],[-62,-243],[-62,-162],[-62,-189],[62,-189],[62,27],[124,54],[0,54],[62,81],[0,-297],[62,-296],[124,-162],[248,108],[620,-216],[125,-54],[310,-378],[62,-350],[62,0],[62,162],[62,80],[124,-26],[124,-81],[0,54],[0,27],[62,0],[62,26],[62,-593],[62,-189],[124,108],[124,81],[186,27],[124,0],[-62,-216],[124,-54],[125,54],[186,108],[124,135],[124,297],[124,135],[248,81],[372,53],[372,0],[187,-27],[434,27],[186,81],[62,189],[-310,189],[-124,54],[0,297],[-311,162],[-434,134],[-186,270],[-124,0],[124,-270],[186,-836],[-248,54],[-124,108],[-62,135],[-62,54],[-186,54],[-186,297],[-124,81],[-124,26],[-186,54],[-125,27],[-62,-27],[0,-107],[0,-108],[0,-81],[-124,-108],[-124,-162],[-62,