{"type":"Topology","transform":{"scale":[0.00006706934138012056,0.00002531202639580571],"translate":[39.987399873998754,41.04480475201869]},"objects":{"GEO":{"type":"MultiPolygon","arcs":[[[0]]]}},"arcs":[[[96081,33422],[-591,-2335],[-322,-1001],[-644,-1601],[-215,-333],[-214,-267],[-322,-67],[-698,334],[-322,-67],[-269,-600],[-161,-1401],[0,-2002],[215,-1734],[376,-667],[161,200],[53,400],[108,267],[214,0],[0,-200],[323,-1267],[53,-267],[108,-1535],[161,-867],[214,-667],[805,-1067],[161,-201],[323,-133],[697,-1267],[1450,-1268],[697,-867],[269,-1068],[214,201],[108,-201],[107,-333],[322,-667],[430,-1401],[107,-601],[-54,0],[-107,0],[-107,-333],[-54,-267],[0,-734],[-54,-200],[-107,-267],[-161,-400],[-107,-200],[-161,-1067],[-54,-1401],[-108,-1268],[-107,-200],[-215,-600],[-268,-67],[-268,133],[-322,67],[-322,-400],[-161,-601],[-54,-667],[-161,-400],[-322,0],[-269,334],[-429,1067],[-215,467],[-912,600],[-322,334],[-859,1601],[-430,1067],[-214,467],[-269,200],[-1127,0],[-322,-133],[-429,-534],[-376,-467],[-268,-267],[-376,-66],[-698,200],[-2254,1601],[-752,934],[-268,333],[-591,1068],[-375,1134],[322,800],[322,267],[214,200],[0,267],[-322,267],[-1019,400],[-2094,1668],[-483,934],[-268,467],[-215,67],[-483,-267],[-268,-67],[-269,134],[-698,733],[-268,267],[-483,67],[-483,-334],[-2255,-3735],[-1449,-2402],[-161,-200],[-376,-601],[-161,-266],[-590,-67],[-1396,467],[-322,-534],[108,-600],[590,-534],[107,-267],[54,-200],[-161,-400],[-376,-67],[-2200,67],[-645,467],[-268,133],[-322,-333],[-215,-467],[-161,-667],[-214,-401],[-322,201],[-54,266],[-54,401],[-107,333],[-161,0],[-108,-133],[-268,-667],[-376,-267],[-322,67],[-322,266],[-805,934],[-215,67],[-161,-133],[-107,-201],[-107,-266],[-161,-200],[-322,-67],[-269,200],[-751,1001],[-376,333],[-161,0],[-215,-267],[0,-333],[-53,-334],[-54,-333],[-215,-467],[-322,-334],[-322,-133],[-590,400],[-322,-67],[-591,-600],[-322,-134],[-54,0],[-322,-133],[-1342,-67],[-644,-533],[-698,-1268],[-322,-200],[-322,-67],[-2469,667],[-644,-66],[-805,-667],[-107,-67],[-161,0],[-161,133],[161,1001],[-215,934],[-376,734],[-429,467],[-430,267],[-483,-67],[-1342,-734],[-214,267],[-376,1801],[-268,667],[-323,67],[-322,-67],[-429,267],[859,800],[215,401],[161,533],[0,267],[-430,67],[-483,467],[-698,1267],[-1127,1468],[-215,467],[-429,1668],[-107,267],[-161,133],[-54,134],[-54,200],[-107,133],[-430,334],[-107,133],[-107,400],[-108,534],[-107,267],[-215,-267],[-322,-867],[-322,200],[-268,600],[-376,467],[107,401],[323,466],[107,334],[54,334],[53,400],[54,400],[107,334],[-268,267],[-2093,400],[-752,-134],[-322,-200],[-54,-66],[-322,-467],[-161,-668],[-107,-1601],[-161,-600],[-322,-734],[-483,-1334],[-269,-400],[-214,0],[-161,0],[-2631,2001],[-751,-67],[-322,67],[-268,467],[-215,267],[-215,0],[-483,-267],[-215,200],[-214,67],[-215,-67],[-215,-200],[-537,-334],[-1019,801],[-645,-467],[-161,-334],[-483,-1334],[-590,-1000],[-161,-201],[-161,201],[-591,1067],[-214,133],[-430,134],[-161,133],[-107,200],[0,334],[54,333],[-54,134],[-107,0],[-376,-334],[-430,-66],[-161,66],[-1610,1335],[966,3468],[430,1201],[912,1201],[269,1134],[697,2335],[0,467],[54,334],[0,333],[107,334],[215,667],[107,333],[0,334],[0,3202],[0,200],[-161,2468],[-53,868],[-54,533],[-590,2135],[-430,1534],[-161,267],[-161,334],[-107,734],[0,1400],[-108,1735],[-805,5470],[-53,200],[-108,334],[-429,734],[-54,333],[-53,601],[-752,9272],[-268,1601],[-376,1268],[-483,1067],[-591,667],[-1127,401],[-268,267],[-215,466],[-376,401],[-375,267],[-322,66],[-161,-66],[-322,-401],[-162,-66],[-161,200],[-697,2001],[-322,2402],[-645,2134],[-214,1134],[-376,0],[-590,-533],[-376,267],[-430,1334],[-268,267],[0,200],[-376,1201],[-107,133],[-1074,867],[-1502,401],[-698,-67],[-483,-267],[-161,0],[-161,67],[-322,600],[-161,133],[-54,67],[-269,534],[-107,200],[-161,133],[-483,134],[-1181,1134],[-537,133],[-375,-1000],[-161,333],[-215,1068],[-161,533],[-322,667],[-161,401],[53,1267],[-214,1134],[-322,1068],[-269,600],[-429,400],[-805,467],[-483,934],[-215,200],[-698,200],[-483,401],[-322,133],[54,734],[1020,5070],[214,600],[322,467],[1020,534],[1020,0],[3704,-2668],[590,-134],[483,267],[913,934],[590,133],[430,-400],[107,-200],[751,-1134],[1557,-1001],[483,-533],[2040,-3203],[429,-200],[1557,401],[483,-201],[483,-467],[483,-733],[537,-467],[1073,400],[430,-334],[161,-400],[161,-934],[161,-400],[215,-267],[805,-467],[375,-467],[645,-1334],[429,-467],[537,-67],[1073,267],[537,-67],[966,-600],[483,-67],[1020,200],[483,0],[430,-266],[429,-401],[483,-267],[483,-66],[483,200],[1181,1267],[54,67],[429,200],[2523,467],[107,-67],[913,-200],[805,-1134],[429,-800],[430,-601],[912,-1000],[269,-134],[214,200],[376,734],[269,200],[483,0],[697,467],[591,-66],[590,-267],[376,-534],[429,-800],[430,-534],[1288,-934],[0,-534],[-107,-600],[-54,-667],[161,-401],[698,-1000],[1610,-2935],[269,-334],[322,-267],[2844,-1601],[1396,-800],[590,-267],[1020,-934],[215,-467],[644,-1401],[269,-334],[1395,-667],[376,-400],[268,-267],[161,-1201],[-322,-934],[-537,-733],[-429,-801],[0,-1134],[376,-1067],[698,-334],[751,-133],[590,-267],[323,-534],[214,-267],[269,-267],[268,67],[215,400],[375,1001],[215,400],[644,601],[1396,133],[537,334],[161,66],[214,401],[322,600],[269,1134],[322,801],[1342,0],[590,400],[1181,1201],[429,267],[752,133],[644,-200],[537,-334],[53,-66],[537,-601],[269,-333],[429,-934],[161,-534],[376,-2335],[161,-333],[161,266],[215,2135],[429,1868],[107,600],[376,1001],[644,-200],[1664,-2335],[269,-200],[268,-133],[268,66],[108,134],[429,400],[322,67],[483,-401],[430,-733],[1449,-3469],[161,-534],[107,-534],[161,-734],[161,-400],[483,-400],[645,133],[1234,734],[805,-67],[1288,-400],[1128,-934],[644,-1401],[0,-66],[-54,-868],[-1718,-8805],[161,-934],[430,-601],[590,-533],[1664,-2269],[1020,-533],[215,-401],[429,-2068],[161,-400],[215,-267],[268,0],[108,67],[161,334],[161,0],[107,-67],[215,-400],[161,-134],[268,0],[161,134],[161,-200],[108,-868],[375,-333],[430,-67],[912,400],[108,67],[107,0],[161,0],[107,-67],[430,-667],[644,-1534],[429,-334],[859,-200],[376,-400],[376,-934]]]}