{"type":"Topology","transform":{"scale":[0.00000504010080151203,0.0000031914429545078096],"translate":[-2.67302673026731,49.411705124287465]},"objects":{"GGY":{"type":"MultiPolygon","arcs":[[[0]],[[1]],[[2]]]}},"arcs":[[[61428,2116],[-2143,-2116],[-714,529],[714,1587],[0,1588],[0,2116],[0,1587],[0,1059],[714,1058],[715,1058],[714,529],[1429,-2116],[714,-3704],[-2143,-3175]],[[25714,5820],[-1429,-1058],[-1428,0],[-1429,1058],[-1428,0],[-19286,0],[-714,1058],[714,1588],[1429,1587],[2143,529],[-715,4233],[715,1587],[2857,0],[2143,529],[9285,8466],[4286,2116],[3571,3175],[4286,1587],[3571,-2646],[-1428,-2645],[-2857,-5820],[-715,-6349],[-1428,-5291],[0,-1058],[0,-530],[-2143,-2116]],[[93570,92063],[-2857,-530],[-2142,1059],[1428,3703],[2857,1588],[2143,0],[2857,2116],[714,0],[1429,-529],[0,-2116],[-3571,-3704],[-2858,-1587]]]}