{"type":"Topology","transform":{"scale":[0.00004449688993334894,0.00006426789357067129],"translate":[-3.2634326343263353,4.737016295000885]},"objects":{"GHA":{"type":"MultiPolygon","arcs":[[[0]]]}},"arcs":[[[69579,99552],[161,-262],[405,-237],[485,-158],[405,-78],[404,26],[729,131],[485,0],[728,-184],[324,-367],[81,-473],[-81,-552],[-81,-210],[-162,-105],[-162,-79],[-162,-132],[-161,-131],[-486,-1576],[81,-158],[81,-289],[0,-184],[-243,-105],[-404,-237],[-324,-262],[-243,-263],[-80,-657],[-81,-210],[-162,-394],[0,-342],[243,-315],[161,-105],[324,-79],[243,-53],[485,-52],[162,-79],[162,-79],[162,-105],[728,-157],[242,-79],[162,-158],[243,-341],[162,-158],[1213,-499],[405,-263],[1133,-1471],[0,-53],[242,26],[81,79],[81,105],[0,53],[647,-158],[162,-26],[243,52],[243,53],[242,53],[162,-27],[243,-157],[0,-184],[-81,-158],[0,-131],[243,-289],[404,-237],[243,-236],[-243,-316],[324,0],[971,106],[242,-79],[486,-237],[-567,-289],[-81,-236],[-80,-263],[-162,-210],[0,-526],[-81,-1103],[162,-394],[323,-132],[243,-26],[162,-105],[81,-315],[-81,-263],[0,-53],[-243,-52],[-324,52],[-404,-52],[81,-158],[0,-105],[-81,-79],[0,-157],[0,-105],[243,-368],[161,-316],[0,-105],[-161,-105],[-243,-210],[-243,-236],[0,-211],[81,-630],[0,-184],[-485,-1209],[0,-289],[162,-157],[161,-132],[162,-157],[81,-237],[81,-263],[-81,-289],[-243,-184],[-404,-26],[-405,132],[-566,446],[-324,-446],[0,-473],[405,-316],[647,-52],[971,157],[404,-52],[162,-315],[-81,-211],[-404,-78],[-405,52],[-323,131],[-405,-183],[-566,-27],[-1133,105],[0,-105],[-162,-446],[81,-105],[0,-27],[162,-105],[243,-105],[243,-79],[566,79],[323,0],[162,-184],[-81,-157],[-242,-132],[-405,-105],[-890,-131],[0,-211],[162,-262],[-162,-158],[81,-210],[405,-26],[404,52],[1052,237],[162,105],[81,131],[81,315],[80,132],[324,79],[566,78],[890,27],[405,-53],[1213,-289],[162,-131],[0,-158],[-81,-158],[-81,-183],[0,-27],[0,-26],[648,-158],[404,-236],[162,-368],[-243,-788],[0,-447],[-81,-210],[-242,-158],[-243,-105],[-243,-131],[0,-315],[324,-552],[0,-263],[-324,-315],[-485,-315],[-162,-132],[0,-236],[-81,-526],[-404,-473],[-243,-473],[324,-473],[1051,-1287],[324,-762],[-486,-473],[-161,-210],[0,-237],[-81,-210],[-243,-79],[-324,27],[-161,52],[-243,27],[-243,-53],[162,-53],[-162,-262],[-243,-184],[-242,341],[-243,79],[-324,-26],[-161,-158],[80,-210],[162,-552],[648,-998],[890,-841],[889,-420],[405,-316],[485,-341],[567,-289],[1537,-473],[404,-578],[243,-578],[890,-499],[0,-158],[0,-184],[81,-236],[0,-158],[0,-53],[81,-52],[243,-53],[81,-52],[80,-368],[-161,-237],[-324,-157],[-971,-315],[-404,-158],[-728,-473],[-243,-53],[-162,-26],[-81,-52],[0,-211],[81,-157],[162,-105],[162,-132],[0,-210],[-81,-210],[-162,-105],[-162,-105],[162,-368],[81,-736],[162,-578],[0,-315],[0,-578],[242,-1025],[0,-79],[0,-919],[162,-894],[0,-814],[81,-315],[-647,78],[-324,-315],[-81,-473],[0,-420],[-81,-210],[-323,-105],[-405,-79],[-242,-79],[-243,-158],[-162,-157],[-81,-211],[-81,-893],[162,-762],[324,-683],[728,-447],[404,-26],[405,53],[890,210],[81,-131],[404,-1025],[0,-342],[-323,-578],[-243,-709],[-486,-946],[-80,-604],[80,-710],[0,-657],[-485,-551],[-243,-105],[-971,-158],[-323,-26],[-324,-79],[243,-237],[647,-341],[243,-315],[0,-263],[-486,-552],[-161,-342],[81,-131],[161,-105],[324,-131],[647,-841],[162,-132],[324,-52],[404,-158],[324,-210],[242,-263],[0,-236],[-161,-788],[81,-342],[323,-184],[324,-157],[162,-237],[242,-26],[567,26],[242,-26],[324,-210],[-81,-132],[-162,-157],[-81,-184],[0,-105],[-81,-316],[162,-394],[243,-368],[405,-367],[404,-342],[1133,-368],[566,-236],[728,-631],[324,-131],[485,-105],[1699,0],[567,-1235],[323,-342],[162,-105],[243,-52],[162,-53],[161,-131],[243,-316],[243,-210],[323,-105],[1861,-131],[243,-263],[0,-552],[-162,-26],[-1052,-368],[-728,-420],[-1132,-841],[-324,-289],[-485,-762],[-162,-289],[0,-342],[-243,-709],[-162,-289],[-728,-473],[-971,-210],[-4288,-342],[-8009,421],[-971,-53],[-567,-79],[-242,-79],[-81,-78],[-162,-53],[-566,-26],[-162,-26],[-405,-211],[-1537,-289],[-324,-157],[-647,-394],[-809,-184],[-323,-237],[-243,-263],[-405,-262],[-1780,-421],[-81,-52],[-323,-184],[-162,-79],[-162,-53],[-323,-26],[-4855,-1077],[-1051,-79],[-81,-52],[-324,-79],[-1618,-972],[-162,-158],[-162,-263],[-242,-210],[-810,-342],[-1618,-262],[-242,0],[-162,-105],[-405,-211],[-323,-78],[-243,236],[-1133,-578],[-323,-79],[-1295,-735],[-485,-421],[-405,-157],[-1618,-158],[-566,0],[-324,210],[-162,-131],[-161,-53],[-567,-26],[-566,-105],[-243,0],[-81,157],[-81,132],[-242,-26],[-243,-158],[-405,-26],[-323,-79],[-2346,-683],[-243,-237],[-243,-131],[-404,-184],[-890,-289],[-486,-53],[-1456,-26],[-243,-52],[-485,-211],[-243,-78],[-243,0],[-485,26],[-243,-26],[-404,-79],[-809,-289],[-1538,-158],[-566,-131],[-324,-184],[-323,105],[-405,26],[-404,-79],[-324,-157],[0,-132],[162,-210],[-81,-131],[-81,-105],[-162,-79],[-1537,-526],[-243,-131],[-647,-499],[-81,-105],[81,-105],[0,-79],[-243,-27],[-161,0],[-1538,-315],[-1779,-525],[-324,-237],[-566,-525],[-324,-210],[-324,-106],[-1537,-131],[-324,-79],[-566,-26],[-162,26],[-161,105],[-81,158],[81,158],[-81,157],[-324,53],[-162,26],[-323,53],[-243,26],[0,79],[-243,157],[-890,526],[-485,131],[-243,79],[-81,158],[-81,105],[-81,131],[-81,79],[-2346,631],[-3802,551],[-3722,867],[-2913,158],[-3236,394],[-3155,657],[-324,53],[81,262],[162,27],[243,52],[242,26],[1618,0],[486,-105],[81,-105],[323,-263],[81,-52],[324,26],[485,132],[243,52],[-81,420],[647,184],[809,79],[486,158],[890,-26],[485,52],[324,158],[243,289],[-162,105],[-324,184],[0,52],[-81,132],[162,341],[0,132],[-162,157],[-242,316],[-81,236],[162,946],[728,-79],[323,26],[162,184],[81,289],[-81,263],[-647,998],[-405,1130],[0,815],[-81,236],[-161,210],[-324,158],[-1618,289],[-324,-105],[-728,-315],[-485,-27],[-486,211],[-162,394],[243,972],[-1456,-79],[243,1760],[-81,578],[-243,552],[-890,1104],[-324,551],[-728,2602],[-485,867],[-647,420],[-81,53],[-243,210],[-1780,5491],[81,263],[162,184],[404,157],[81,79],[486,867],[-81,105],[-324,394],[-243,263],[-81,158],[0,552],[405,604],[2589,3074],[243,105],[81,26],[1051,237],[162,131],[162,762],[162,158],[971,893],[242,289],[0,236],[-81,106],[-161,131],[-162,236],[0,158],[1052,4782],[323,631],[1618,2390],[81,106],[243,183],[81,106],[0,78],[-81,211],[81,78],[162,132],[485,210],[162,131],[81,158],[162,1156],[0,131],[161,0],[162,-52],[81,-105],[81,-53],[324,210],[1051,815],[405,210],[1375,315],[405,158],[243,210],[0,263],[-81,368],[-324,446],[-81,211],[81,236],[162,210],[162,105],[161,-26],[324,-79],[243,-26],[323,79],[971,394],[162,236],[-971,4362],[-1052,4361],[-161,237],[-162,-53],[-81,132],[0,184],[162,105],[242,105],[81,210],[-485,1077],[0,263],[-81,131],[-162,53],[-162,0],[-80,79],[-405,735],[0,316],[-162,236],[-566,210],[-566,105],[-567,0],[-323,53],[-162,79],[-162,105],[-162,79],[162,236],[81,237],[81,762],[81,131],[485,342],[405,551],[242,289],[728,263],[243,289],[81,289],[-404,131],[-405,79],[-243,158],[-242,236],[81,289],[242,211],[243,105],[324,105],[80,263],[0,420],[-80,263],[-81,131],[161,499],[-80,210],[-243,263],[-890,710],[-728,499],[-162,157],[0,263],[0,237],[81,262],[243,237],[242,157],[-81,53],[-161,79],[-81,131],[0,158],[-81,131],[-243,53],[-81,0],[-162,0],[-161,157],[-162,316],[81,315],[404,525],[728,605],[162,157],[-81,158],[-485,578],[-162,394],[243,710],[0,394],[-81,289],[-567,525],[-80,315],[0,1340],[-243,684],[0,315],[323,315],[405,263],[162,131],[81,210],[0,184],[-81,79],[-162,53],[-162,105],[-243,52],[-161,0],[-162,27],[-81,184],[-81,105],[-162,26],[-243,26],[-161,53],[-243,263],[0,315],[162,315],[162,237],[161,131],[162,105],[162,53],[324,26],[242,52],[243,158],[81,131],[-81,79],[-566,0],[-405,53],[-243,79],[-809,499],[-161,184],[-81,315],[-81,53],[-243,210],[-162,105],[0,158],[-81,315],[-81,157],[-647,815],[-81,289],[81,158],[243,367],[162,263],[81,53],[81,79],[0,105],[-81,78],[-162,27],[-81,0],[-81,79],[0,157],[81,79],[243,184],[81,131],[80,368],[405,421],[243,709],[161,341],[324,237],[324,184],[323,236],[81,342],[-81,289],[-242,289],[-162,289],[81,105],[-81,105],[1942,-26],[0,