{"type":"Topology","transform":{"scale":[2.1600432006476067e-7,3.0394694804841017e-7],"translate":[-5.3586535865358655,36.11078196942144]},"objects":{"GIB":{"type":"MultiPolygon","arcs":[[[0]]]}},"arcs":[[[99999,99999],[-16666,-38888],[0,-16667],[0,-44444],[-50000,27777],[-33333,72222],[99999,0]]]}