{"type":"Topology","transform":{"scale":[0.00007419748394225908,0.0000548286522396137],"translate":[-15.082350823508222,7.190519068140446]},"objects":{"GIN":{"type":"MultiPolygon","arcs":[[[0]]]}},"arcs":[[[49781,95071],[0,-338],[-242,-62],[-340,31],[-194,-154],[-49,-400],[49,-740],[0,-400],[-243,-739],[-388,-524],[-194,-523],[243,-739],[242,-308],[825,-493],[243,-246],[533,-986],[243,-246],[243,-247],[291,-185],[291,-123],[242,0],[437,247],[194,0],[243,92],[194,277],[145,339],[97,524],[97,61],[97,0],[98,93],[194,400],[48,92],[49,31],[436,400],[146,247],[145,770],[97,185],[195,61],[339,-31],[582,278],[243,0],[340,-124],[242,-215],[534,-1140],[340,-308],[291,-185],[242,-277],[97,-492],[-48,-185],[-146,-308],[0,-154],[49,-185],[388,-493],[534,-1386],[388,-554],[582,31],[194,123],[146,185],[145,308],[97,339],[49,246],[97,185],[242,215],[292,216],[194,61],[-97,401],[145,246],[291,154],[291,277],[0,124],[-48,184],[0,185],[145,62],[49,92],[-146,339],[49,185],[243,123],[630,-62],[146,247],[97,154],[437,523],[194,154],[97,-92],[48,-62],[243,-92],[-49,246],[97,93],[97,0],[146,92],[48,185],[49,31],[97,-93],[49,-123],[97,216],[533,277],[97,-62],[49,-123],[97,-123],[437,-123],[485,-278],[242,-61],[340,0],[97,0],[146,-93],[194,-215],[97,-93],[97,-30],[48,-31],[194,0],[146,-31],[145,-123],[292,-277],[145,-124],[291,-92],[437,-339],[291,-61],[243,-93],[485,-492],[242,-154],[97,0],[292,61],[97,0],[145,-92],[194,-216],[146,-123],[242,-92],[777,-31],[291,462],[194,339],[48,215],[0,370],[0,308],[98,308],[194,277],[436,369],[1504,678],[291,308],[195,215],[582,339],[194,31],[825,-185],[339,431],[49,247],[-49,431],[194,62],[146,277],[49,369],[0,216],[-98,92],[-242,62],[-97,92],[-49,154],[0,185],[-48,123],[-388,277],[-243,308],[-194,308],[-49,185],[195,339],[630,185],[243,215],[97,31],[48,-31],[195,-123],[194,-92],[97,61],[97,123],[194,31],[1019,-308],[582,-246],[1601,-1109],[437,-308],[242,-339],[146,-431],[48,-400],[-145,-400],[-146,-370],[-145,-370],[-49,-492],[49,-185],[145,-277],[49,-185],[97,-216],[145,31],[292,123],[194,-154],[145,-308],[146,-400],[-49,-431],[-194,-708],[-48,-401],[48,-339],[243,-277],[291,0],[339,31],[292,-62],[242,-277],[49,-308],[0,-339],[0,-400],[48,-215],[97,-154],[97,-185],[0,-216],[-679,-4650],[243,0],[242,-123],[194,-185],[243,-93],[291,31],[243,154],[145,62],[194,-185],[291,-1324],[49,-308],[145,-370],[146,-339],[146,-277],[727,-431],[389,-31],[339,339],[49,-216],[48,-400],[97,-339],[97,-246],[146,-92],[388,0],[776,-339],[437,-247],[291,-338],[-242,-93],[-292,-185],[-145,-215],[97,-277],[242,-62],[243,62],[146,-93],[-49,-462],[-194,-246],[-243,-123],[-242,-31],[-243,62],[-533,154],[-146,-124],[-97,-431],[0,-61],[48,-93],[0,-92],[0,-154],[-48,-31],[-146,-31],[-48,0],[-97,-92],[-291,-185],[-97,-62],[-146,-307],[-97,-678],[-97,-277],[-146,-93],[-242,0],[-146,-61],[-97,-216],[0,-185],[0,-154],[0,-215],[-145,-370],[-631,-831],[-97,-247],[-97,-277],[-49,-339],[49,-277],[194,-185],[243,93],[194,154],[291,31],[194,-62],[242,0],[243,31],[243,92],[242,216],[146,277],[339,986],[194,0],[292,-124],[291,31],[145,31],[97,0],[243,-123],[145,31],[243,184],[194,0],[291,-184],[291,-370],[194,-400],[98,-432],[0,-1878],[-49,-339],[-49,-154],[-97,-154],[-291,-1016],[-48,-370],[388,-185],[48,-338],[195,-3604],[145,-462],[437,-770],[339,-831],[243,-185],[291,0],[291,62],[194,123],[146,92],[97,-30],[97,-278],[48,-246],[49,-462],[49,-246],[291,-247],[339,-92],[728,-31],[243,-216],[194,-369],[145,-462],[97,-431],[49,-462],[-97,-431],[-291,-863],[-146,-215],[-97,-216],[-48,-246],[-49,-277],[-243,-432],[-339,-246],[-679,-339],[-243,-308],[-291,-492],[-146,-462],[146,-216],[145,-62],[-48,-184],[-146,-185],[-291,-154],[0,-154],[49,-185],[48,-154],[49,-31],[48,0],[97,-30],[49,-93],[0,-339],[48,-92],[-48,-31],[-49,-31],[-48,-61],[48,-154],[97,-31],[243,31],[48,-401],[-485,-4742],[-48,-154],[48,-432],[49,-400],[48,-339],[97,-277],[777,-1478],[242,-339],[194,-154],[291,-92],[340,0],[243,31],[242,123],[534,400],[291,93],[534,0],[97,-185],[-388,-1448],[-49,-431],[-436,-1571],[0,-646],[679,-370],[145,31],[146,61],[145,-30],[146,-462],[146,-185],[339,-308],[534,-431],[194,-277],[-48,-31],[-195,-216],[-339,-61],[-243,0],[-291,-31],[-1213,-832],[-194,-277],[-97,-462],[-97,-431],[-49,-893],[-242,-1571],[145,-585],[583,-246],[339,-31],[777,-339],[48,0],[146,123],[97,0],[97,-92],[97,-216],[48,-123],[291,-277],[97,-154],[292,-801],[145,-184],[388,-339],[97,-185],[49,-339],[-49,-677],[49,-401],[145,-739],[0,-339],[-97,-462],[0,-431],[49,-369],[291,-801],[-776,-92],[-388,61],[-292,247],[-436,1139],[-291,524],[-292,-62],[-48,-277],[48,-277],[-48,-278],[-194,-123],[-243,0],[-242,93],[-146,154],[-194,154],[-97,246],[-48,277],[-98,216],[-194,185],[-194,61],[-194,-61],[-388,-124],[-145,31],[-195,-31],[-145,0],[-97,62],[-146,185],[-97,31],[-291,0],[-437,-247],[-291,-61],[-436,154],[-194,-31],[-680,-709],[-48,-123],[0,-215],[48,-216],[97,-185],[49,-246],[48,-370],[-145,-1047],[0,-339],[0,-338],[-49,-216],[-194,-308],[-48,-185],[1116,-985],[1358,-555],[97,31],[825,370],[146,0],[48,-154],[-97,-277],[-97,-216],[-97,-554],[0,-277],[97,-247],[243,-215],[242,-339],[146,-401],[48,-184],[49,-216],[-243,31],[-194,154],[-97,154],[-145,31],[-583,-124],[-194,31],[49,-154],[-49,-462],[-145,-708],[-631,-1355],[-49,-739],[97,-185],[292,-339],[97,-215],[-49,-185],[-97,-93],[-48,-61],[-97,-123],[-49,-277],[-49,-616],[-48,-278],[-437,-646],[0,-93],[49,-185],[-49,-61],[-48,-62],[-146,-123],[-48,-92],[-291,-462],[-49,-185],[0,-154],[49,-277],[0,-154],[-389,-555],[-485,278],[-533,523],[-437,154],[-485,-185],[-243,-30],[-340,492],[-339,-246],[-631,-739],[-388,339],[-437,431],[-242,400],[-97,524],[97,677],[-1602,93],[-145,-339],[-340,-585],[-97,-370],[0,-647],[-48,-92],[-97,-185],[0,-123],[0,-92],[48,-62],[97,0],[0,-92],[49,-432],[-49,-369],[-145,-308],[-243,-339],[-388,-308],[-49,-92],[-48,-154],[-49,-370],[-48,-185],[-97,-123],[-243,-92],[-97,-123],[-242,-401],[-146,-246],[-49,-185],[0,-308],[146,-339],[49,-338],[-98,-370],[-145,-123],[-582,-308],[-194,-31],[-243,554],[-194,154],[-49,-431],[-145,93],[-49,-31],[-48,-277],[-49,-31],[-339,-123],[-97,-62],[-243,0],[-146,-123],[-194,-216],[-194,-184],[-145,-62],[-194,-62],[-97,-30],[-97,-31],[-146,-185],[97,616],[-48,246],[-243,185],[-97,123],[0,308],[-97,62],[-291,0],[-97,0],[-340,431],[-194,1140],[-194,369],[-194,31],[-437,-154],[-242,31],[-49,123],[-97,369],[-97,154],[-146,93],[-97,61],[-145,31],[-243,0],[-145,-61],[-49,-62],[0,-185],[-97,-61],[-48,-31],[-243,-400],[-146,184],[-242,616],[-146,-308],[-388,-523],[-145,-62],[-49,62],[146,154],[97,184],[48,216],[0,246],[49,247],[145,185],[243,277],[339,616],[97,369],[-48,277],[243,370],[97,216],[48,462],[97,277],[97,246],[146,154],[-291,431],[0,616],[145,647],[146,493],[-340,585],[-145,308],[-340,585],[-291,770],[-146,770],[49,770],[145,801],[49,30],[97,185],[0,185],[0,185],[-97,184],[-146,247],[-145,31],[-146,-154],[-145,-278],[0,216],[145,339],[49,185],[-243,1324],[0,215],[-48,216],[-146,92],[-340,93],[-194,185],[0,492],[97,524],[97,277],[97,93],[0,92],[0,62],[-97,92],[-48,185],[-49,184],[-97,216],[-97,154],[146,185],[48,92],[97,62],[49,31],[194,154],[-97,30],[-97,154],[-194,216],[-679,400],[-195,308],[-97,123],[-97,-154],[-97,-123],[-97,-61],[-97,-31],[-97,31],[-242,0],[-194,-62],[-146,31],[49,339],[97,246],[194,154],[97,216],[-49,400],[-194,216],[-243,184],[-291,0],[-145,-246],[-49,-400],[0,-247],[-48,-61],[-194,277],[-146,339],[-48,308],[-97,862],[-49,308],[-146,246],[-242,31],[0,-216],[-49,-154],[-97,-123],[-97,-184],[0,-124],[49,-154],[-49,-123],[-291,-123],[-291,-185],[-97,-31],[-49,124],[-97,61],[-48,62],[-194,-62],[-49,-31],[-291,0],[-194,-30],[-242,-93],[-195,-185],[-533,-554],[-534,-431],[-291,-62],[-194,93],[-49,246],[146,862],[-97,247],[-243,154],[-728,277],[-242,0],[-243,-92],[-436,-586],[-243,-184],[-97,308],[-291,-154],[-146,-31],[-145,0],[-146,-31],[-97,62],[-97,92],[-388,154],[-97,0],[-388,-92],[-243,-93],[-145,-154],[-146,-185],[-146,-246],[-339,-893],[-146,-277],[-776,-1047],[-485,-432],[-243,