{"type":"Topology","transform":{"scale":[0.000030096601929029103,0.000007548015876534359],"translate":[-16.828368283682835,13.065079390062365]},"objects":{"GMB":{"type":"MultiPolygon","arcs":[[[0]]]}},"arcs":[[[2512,0],[-479,1790],[-598,671],[0,895],[120,1118],[239,1790],[-119,2013],[-598,6488],[0,1566],[0,6264],[0,1790],[-240,1789],[-598,2461],[-119,1790],[239,2013],[-120,671],[-239,3132],[239,1343],[359,4026],[359,895],[359,448],[478,894],[359,1119],[1914,9396],[957,2684],[0,-1342],[239,-895],[239,-671],[359,-671],[598,1119],[598,223],[479,-895],[359,-1342],[239,-2461],[-479,-447],[-478,0],[-359,-1790],[479,-1789],[478,-3580],[239,-4027],[-119,-2237],[1196,-5593],[239,-894],[1794,-224],[479,-448],[359,-1118],[239,-895],[359,-671],[717,-224],[359,-895],[120,-2013],[0,-2461],[-120,-1790],[598,2014],[359,224],[359,-1343],[-120,1343],[-717,2460],[-120,224],[0,1790],[-239,1118],[-359,448],[-478,-224],[0,895],[956,0],[479,224],[359,894],[359,-2684],[358,447],[479,2014],[478,895],[718,671],[1196,3355],[598,672],[957,-1119],[120,-2685],[-120,-2908],[120,-2461],[598,-671],[837,895],[1077,2461],[0,1118],[-359,-223],[-359,-448],[-239,-671],[-359,-1118],[-239,-895],[-120,671],[-239,3803],[0,1342],[0,1343],[-239,447],[-240,447],[0,672],[-119,1118],[0,1119],[119,2460],[240,1566],[1316,4475],[239,895],[119,1342],[120,671],[359,-224],[598,-895],[4665,-894],[1675,1566],[717,223],[359,0],[120,0],[239,-223],[239,223],[239,448],[240,671],[119,447],[120,448],[718,0],[2153,-895],[717,224],[1914,2460],[239,671],[718,1790],[239,224],[359,-448],[479,-1789],[359,-448],[358,0],[359,224],[359,447],[359,1119],[359,1342],[478,3132],[359,895],[359,0],[359,-447],[478,-895],[239,-895],[359,-447],[359,223],[359,448],[239,223],[718,-671],[359,-1566],[359,-1789],[358,-1343],[1077,-1566],[1435,-223],[1197,1789],[358,5369],[-119,0],[-120,0],[-119,-2013],[-240,-1566],[-359,-1342],[-358,-448],[-598,224],[-1077,1342],[-598,224],[-479,671],[-478,1566],[-837,2685],[-240,671],[-358,-224],[-240,-447],[-239,-448],[-359,448],[-239,447],[-239,671],[-120,224],[-478,447],[-359,895],[-479,224],[-598,-671],[-358,-1119],[-479,-2461],[-359,-894],[-598,0],[-837,1566],[-598,223],[-598,-447],[-1436,-3132],[-1196,-1342],[-10646,-3356],[-1076,1566],[-598,447],[-598,-671],[-598,-1118],[-957,-2909],[-1436,-5369],[-359,-895],[-239,-447],[-239,-895],[-239,-224],[-240,672],[0,894],[0,1566],[120,1566],[-120,1343],[-598,-2014],[0,-1118],[120,-1343],[-359,-671],[-120,-223],[0,-895],[240,-224],[119,-447],[120,-224],[-598,-1342],[-1196,-448],[-1077,-223],[-718,223],[-2631,2461],[-1077,224],[240,1118],[358,3356],[120,1342],[-120,1790],[-358,2685],[0,1118],[-120,895],[-598,1790],[-239,1342],[-359,895],[0,447],[0,2685],[239,5592],[0,2014],[-239,1790],[-239,1342],[2153,0],[2033,0],[2034,0],[2033,-224],[2153,0],[2034,0],[2033,0],[1316,0],[718,0],[2153,0],[2033,0],[2034,0],[2033,-224],[2153,0],[2034,0],[2033,0],[2034,0],[1674,0],[479,672],[119,5145],[120,1790],[0,894],[239,2909],[359,2908],[359,2237],[1076,4251],[1316,4026],[1555,2461],[1436,-1118],[358,-1119],[599,-3356],[358,-671],[718,671],[2392,6264],[2512,3356],[718,-224],[1914,-2908],[3349,-447],[1196,-1566],[718,-2014],[478,-1789],[479,-2238],[239,-2460],[718,-8501],[239,-1119],[1316,-3132],[478,-671],[359,447],[2034,4475],[1435,1342],[1316,-224],[1435,-2684],[598,-2014],[479,-2237],[359,-2461],[358,-5816],[240,-1790],[358,-1342],[240,-895],[2392,-6711],[837,-1343],[598,-447],[599,671],[1913,2685],[1914,4474],[598,1118],[1914,1566],[1555,3132],[598,671],[359,0],[598,-223],[359,223],[359,672],[718,1566],[478,223],[718,-447],[837,-1119],[718,-1566],[598,-1789],[119,-1119],[240,-2461],[239,-1118],[0,-224],[239,-895],[837,-1566],[240,-1118],[837,-6264],[-120,-6935],[-957,-5593],[-1674,-2685],[-2512,-895],[-1316,-1342],[-1316,-224],[-1435,-2013],[-598,224],[-479,-895],[-1555,-4698],[-717,-1566],[-957,0],[-1794,1342],[-1914,-671],[-957,224],[-838,895],[-1196,2461],[-359,894],[-358,1119],[-240,1342],[-359,1566],[-478,448],[-957,223],[-478,448],[-479,1118],[-359,1119],[-957,3356],[-358,671],[-1077,-1119],[-1196,-671],[-1196,671],[-1196,1790],[-838,3132],[-717,3803],[-359,895],[-718,447],[-598,671],[-1077,2685],[-478,671],[-1316,447],[-1076,1119],[-2154,4250],[-1674,4698],[-1555,5369],[-837,2461],[-838,-1118],[-598,-2909],[-837,-3132],[-479,-2908],[-119,-8053],[-120,-3803],[-718,-3356],[-956,-2461],[-1077,-1566],[-1077,-895],[-1196,0],[-3708,3132],[-957,0],[-837,-1118],[-718,-1566],[-1076,-1343],[-479,-223],[-2272,894],[-359,0],[-1555,-1789],[-2273,-895],[-479,-895],[-119,-1790],[0,-9395],[0,-2238],[-120,-9395],[-239,-672],[-1196,224],[-837,0],[-2154,0],[-4306,224],[-7416,224],[-5024,223],[-5502,224],[-1436,0],[-1196,-1119],[-478,-3132],[-120,-1342],[-478,-2013],[-239,-1119],[-120,-1342],[0,-3132]]]}