{"type":"Topology","transform":{"scale":[0.0000306726134492017,0.000017527607337455718],"translate":[-16.727567275672754,10.927340566390868]},"objects":{"GNB":{"type":"MultiPolygon","arcs":[[[0]],[[1]],[[2]],[[3]],[[4]],[[5]],[[6]],[[7]],[[8]],[[9]],[[10]],[[11]],[[12]]]}},"arcs":[[[26878,12235],[234,-2409],[235,-578],[235,-385],[117,-482],[-117,-770],[-470,-386],[-352,0],[-352,97],[-235,-289],[-352,96],[-939,193],[0,-97],[-234,-192],[-235,-97],[-117,193],[0,482],[0,289],[117,192],[235,0],[352,193],[939,771],[234,289],[-234,578],[-352,193],[-353,-290],[0,-867],[-234,289],[-235,482],[352,867],[117,675],[0,674],[0,867],[-117,1252],[0,771],[352,771],[587,-867],[587,-1060],[235,-1445]],[[24530,13198],[118,-1637],[-118,-771],[-352,-867],[-587,-1445],[-469,-386],[-118,675],[-117,867],[-235,674],[0,771],[352,963],[-704,0],[-352,578],[-117,867],[352,867],[469,675],[1644,963],[117,-482],[117,-770],[0,-1542]],[[21596,13969],[-117,-578],[0,-771],[234,-578],[470,-1156],[-470,0],[0,-385],[235,-1156],[-117,-1060],[-118,-771],[235,-578],[-704,-770],[-587,0],[-587,96],[-704,-482],[-117,482],[0,482],[0,481],[117,578],[-117,0],[-470,-1252],[235,-771],[-470,193],[-117,193],[-117,385],[-705,-193],[-821,964],[-704,1445],[-470,1349],[470,770],[469,675],[587,289],[469,-193],[-469,-289],[-117,-96],[0,-193],[0,-193],[117,-192],[117,-193],[235,482],[352,289],[352,385],[235,1927],[235,385],[352,193],[235,674],[117,-385],[469,-482],[118,1445],[469,578],[705,-96],[586,-771],[118,-385],[0,-386],[-235,-385]],[[28756,15607],[-822,0],[-822,963],[0,1734],[470,1831],[821,1252],[822,0],[117,-578],[-234,-2119],[-118,-2313],[-234,-770]],[[34741,20424],[235,-1927],[-117,-1060],[-118,-192],[-234,674],[-352,771],[-470,0],[0,-386],[235,0],[0,-385],[-235,-771],[-117,-385],[-235,-386],[-235,482],[-117,97],[-352,-193],[235,-675],[0,-770],[-118,-867],[-117,-867],[-118,289],[0,289],[-117,192],[-235,0],[0,-96],[-117,0],[-117,96],[-235,0],[-235,-674],[-352,385],[-235,771],[0,771],[235,289],[352,481],[117,386],[-469,385],[0,289],[587,1253],[117,289],[-117,674],[0,193],[235,96],[234,-96],[118,0],[117,192],[352,1156],[822,386],[821,0],[470,-193],[-118,-963]],[[17019,21869],[234,-675],[352,-96],[470,96],[469,-96],[118,-482],[117,-674],[0,-771],[0,-481],[-352,-289],[-352,-289],[-117,-578],[117,-771],[-2113,-289],[-469,96],[-822,675],[-117,96],[0,674],[117,578],[235,386],[352,96],[-117,963],[469,867],[587,578],[587,-96],[235,482]],[[34624,32370],[117,-97],[0,-192],[118,-97],[235,0],[0,-289],[-118,-96],[-117,-385],[235,-482],[-235,-482],[-704,-963],[-118,481],[-117,290],[-235,0],[-352,-675],[-469,0],[-470,385],[-235,675],[235,482],[235,96],[235,-193],[234,0],[235,386],[117,481],[118,578],[117,482],[235,-385],[235,192],[469,578],[117,-192],[118,-193],[-235,-385]],[[17019,29865],[-118,-386],[-117,-192],[-352,0],[-1057,385],[-704,0],[-352,96],[-469,290],[469,385],[587,578],[469,674],[235,867],[352,578],[822,386],[939,192],[587,-192],[117,-578],[-117,-482],[-939,-1830],[-118,-193],[-117,-289],[-117,-289]],[[15845,37090],[0,-385],[-117,-1060],[-235,-867],[-587,-1252],[-117,-482],[0,-289],[0,-385],[-235,-97],[-352,0],[-352,-289],[-118,-96],[-117,-193],[-117,-96],[-235,193],[-352,867],[-118,96],[-117,0],[-1761,0],[-234,-385],[-235,-289],[-352,-97],[0,386],[235,385],[-235,771],[0,96],[235,289],[-353,385],[-117,0],[1174,1060],[1291,96],[1291,289],[939,1735],[117,-97],[0,-96],[118,-193],[234,0],[235,0],[235,193],[117,193],[118,-193],[117,-193]],[[25939,37187],[352,-97],[117,771],[352,-674],[-117,-1542],[352,-482],[-352,-1156],[-117,-1445],[117,-1348],[352,-1156],[-587,-386],[-821,-867],[-705,-289],[-352,1156],[-234,0],[0,-289],[-118,-289],[0,-289],[-117,289],[-235,385],[-117,193],[-235,-674],[-235,-386],[-352,-385],[-352,-96],[-235,674],[-1173,1445],[-118,578],[1174,1156],[704,1349],[117,0],[118,963],[235,1253],[352,1059],[352,482],[469,386],[704,1252],[470,-96],[0,-867],[235,-578]],[[40845,40173],[0,-771],[-352,-578],[-118,-770],[235,-578],[352,-578],[0,-482],[-587,-97],[-469,97],[-235,289],[-352,0],[0,-193],[-704,-963],[-118,-97],[-704,97],[0,-386],[704,-481],[-234,-867],[-353,-578],[-352,674],[-352,-96],[-469,0],[-352,192],[-118,97],[-234,-193],[-235,385],[-118,578],[353,289],[469,386],[352,867],[352,674],[822,0],[0,867],[352,578],[352,578],[352,675],[587,-289],[469,289],[353,385],[352,0]],[[24178,54816],[-117,-1541],[-235,-674],[-352,-675],[-235,-770],[-235,-2216],[-234,-867],[-352,-867],[-352,385],[-470,0],[-352,-289],[-235,-96],[-469,481],[-822,2120],[-352,289],[-352,0],[-352,96],[-118,771],[0,1541],[-117,771],[-117,578],[587,385],[586,-96],[1174,-289],[470,96],[469,289],[939,867],[-117,193],[0,96],[117,97],[469,0],[353,0],[586,-97],[235,-481],[0,-97]],[[55633,2312],[-1291,-1541],[-821,-771],[-353,96],[118,771],[235,385],[234,289],[352,289],[470,1349],[117,289],[0,386],[-234,0],[-118,-579],[-117,-385],[-235,-385],[-352,-193],[-352,-96],[-470,192],[-234,289],[-118,578],[587,4143],[235,674],[352,386],[235,674],[117,867],[235,675],[117,192],[470,-96],[117,96],[0,193],[0,771],[0,192],[1408,193],[-117,482],[-117,385],[-235,289],[-235,193],[470,867],[234,1059],[0,964],[-469,674],[-352,-1541],[-470,-1060],[-586,-674],[-822,-289],[117,-867],[-117,-578],[-352,-97],[-352,386],[0,-289],[-118,-193],[-117,-289],[0,-385],[-117,192],[-352,193],[0,-1060],[-118,-578],[-352,-289],[-469,-578],[-353,-867],[-469,-1638],[-939,-1926],[-352,-578],[-352,-289],[-470,289],[-469,770],[-352,867],[0,578],[352,482],[939,867],[352,385],[117,675],[235,2505],[-352,4816],[352,1349],[-704,-192],[-118,-771],[118,-1156],[117,-964],[0,-867],[0,-1348],[-235,-964],[-821,578],[-1174,-96],[-352,193],[-235,289],[-234,192],[-118,97],[-704,-193],[-470,96],[-117,675],[-117,674],[-235,385],[-352,193],[-352,96],[-470,578],[-117,1445],[0,2698],[117,578],[0,385],[-234,193],[-118,0],[-117,96],[0,193],[-118,289],[118,674],[117,675],[118,674],[117,482],[822,1927],[352,481],[234,-96],[587,-482],[470,-192],[234,192],[470,771],[352,193],[352,289],[352,770],[352,964],[118,674],[-1761,-2505],[-587,-578],[-587,482],[-117,674],[235,1734],[117,578],[470,771],[234,578],[-234,289],[-470,-289],[-469,-674],[-235,-964],[-117,-963],[-235,-674],[-470,-482],[-469,-289],[-470,-385],[-234,-867],[-235,-771],[-235,-482],[-704,-192],[-352,-289],[-352,-290],[-352,97],[-118,1252],[118,578],[469,2120],[118,385],[117,385],[939,2409],[-587,0],[-235,385],[118,675],[0,867],[352,-289],[235,0],[352,192],[234,482],[0,-385],[235,-771],[117,771],[235,578],[235,192],[235,-770],[234,0],[0,578],[-117,481],[-117,482],[-235,385],[235,97],[0,96],[0,193],[352,-193],[352,-96],[469,-97],[470,-192],[235,192],[-235,867],[117,386],[118,770],[234,0],[235,-674],[470,96],[352,0],[0,-1059],[587,385],[0,867],[-353,867],[-469,675],[-117,-193],[-118,0],[-469,-193],[0,386],[821,385],[235,385],[352,386],[235,-675],[469,-867],[470,-385],[587,385],[-352,97],[0,385],[0,482],[-118,578],[-235,289],[-234,0],[-235,96],[-117,771],[352,-193],[704,-289],[235,-289],[469,385],[-117,-385],[0,-771],[-118,-385],[822,-963],[235,96],[235,867],[-118,482],[-469,963],[0,289],[117,385],[117,482],[353,385],[234,193],[118,-193],[234,-289],[352,-192],[353,-193],[234,-193],[118,-481],[0,-578],[0,-675],[587,386],[0,192],[-118,386],[0,192],[470,0],[352,-289],[234,-578],[235,-674],[-1291,-385],[-469,0],[117,-289],[117,-289],[118,-97],[235,-96],[-118,-964],[235,-481],[235,96],[352,1445],[352,97],[352,-97],[235,97],[1056,96],[235,96],[352,289],[235,386],[234,481],[118,771],[-470,-193],[-234,-289],[-353,-192],[-1056,-193],[-235,96],[-117,578],[0,289],[235,193],[234,96],[235,0],[-117,578],[-118,289],[235,771],[-469,96],[-235,-289],[-235,-578],[0,-867],[-469,867],[-235,289],[-469,0],[0,482],[234,193],[470,963],[0,385],[-235,771],[-235,0],[-352,-1927],[-469,-192],[-470,481],[-469,97],[352,867],[469,385],[352,386],[235,1059],[-352,-481],[-235,-289],[-352,0],[-235,385],[-234,0],[0,-578],[-118,-386],[-234,-192],[-352,0],[117,-867],[-235,-193],[-352,289],[-117,771],[-470,-1253],[-352,289],[235,1060],[704,675],[-235,385],[-117,385],[0,578],[235,578],