{"type":"Topology","transform":{"scale":[0.00005724114481717238,0.000052481506363017916],"translate":[5.610656106561066,-1.475259480897563]},"objects":{"GNQ":{"type":"MultiPolygon","arcs":[[[0]],[[1]],[[2]]]}},"arcs":[[[566,225],[-252,-225],[-314,225],[126,32],[63,65],[63,32],[-63,225],[-63,225],[63,193],[188,129],[252,-418],[-63,-483]],[[99747,69369],[189,-708],[0,-1545],[0,-4987],[0,-997],[63,-3990],[0,-4987],[0,-5019],[-5220,32],[-1258,0],[-3962,32],[-5220,0],[-378,0],[-4842,32],[-1950,0],[-503,-64],[-315,-64],[-125,-258],[0,-579],[-63,-257],[-189,-225],[-251,-65],[-315,65],[-314,128],[-315,258],[-440,579],[-315,225],[-251,97],[-503,64],[0,96],[0,322],[-126,483],[0,225],[189,129],[188,96],[252,32],[251,33],[-125,96],[-189,65],[-252,64],[-251,32],[-126,32],[-440,290],[-252,64],[-692,-193],[-188,64],[-63,193],[63,194],[126,160],[125,97],[-314,-161],[-440,-386],[-315,-418],[-126,-258],[-125,-161],[-566,-128],[-441,-226],[-188,226],[-252,933],[-126,225],[-188,193],[-315,161],[-314,64],[-189,-32],[-252,-129],[-566,-96],[-503,-258],[-251,-64],[-126,97],[-440,482],[-189,193],[0,193],[-63,161],[-189,290],[252,129],[189,225],[188,289],[252,966],[189,353],[188,161],[252,129],[251,386],[189,418],[63,354],[0,740],[63,290],[440,257],[692,676],[314,418],[63,32],[63,97],[63,96],[63,129],[63,193],[188,547],[315,579],[314,290],[252,-64],[189,-226],[377,-128],[440,64],[315,161],[314,225],[378,193],[-315,0],[-755,-547],[-314,97],[-755,772],[-251,547],[188,515],[1007,1094],[62,64],[126,225],[63,97],[378,257],[125,161],[63,129],[189,386],[63,128],[63,65],[63,129],[62,450],[63,129],[63,96],[63,97],[126,193],[566,675],[189,644],[-63,772],[-441,1577],[-188,354],[-63,160],[0,194],[0,193],[126,128],[63,97],[62,128],[126,2349],[-63,419],[-125,353],[-126,419],[188,321],[378,258],[188,-322],[0,-354],[-62,-386],[62,-386],[189,-290],[440,-418],[441,-322],[314,-128],[315,-65],[1069,-611],[377,-64],[2327,0],[1132,0],[3837,0],[251,0],[5220,0],[5220,0],[5220,0]],[[55157,99581],[251,0],[189,128],[377,-128],[566,-97],[566,32],[503,193],[63,-64],[63,-32],[126,-32],[440,-644],[189,-322],[63,-386],[0,-386],[-63,-321],[-126,-290],[-126,-257],[-629,-612],[-188,-515],[-566,-772],[-63,-64],[-377,-997],[-315,-290],[-63,-418],[-63,-129],[0,-64],[-503,-322],[-63,-290],[0,-901],[-126,-289],[-817,-998],[-566,-1061],[-189,-226],[-126,129],[-440,193],[-63,129],[-126,-64],[-251,96],[-503,290],[-126,-33],[-377,-96],[-189,0],[-189,96],[-377,258],[-189,32],[-377,32],[-440,97],[-315,289],[-126,547],[-125,225],[-126,258],[-126,225],[63,225],[63,161],[126,805],[125,386],[189,482],[314,322],[441,-129],[188,129],[315,0],[629,-129],[314,129],[63,290],[-63,354],[-126,257],[189,129],[315,225],[251,257],[63,225],[126,1770],[251,676],[441,804],[629,676],[691,225],[0,-64],[-125,-226],[566,-128]]]}