{"type":"Topology","transform":{"scale":[0.0000036720734411015,0.00000526841376617178],"translate":[-61.78921789217891,12.002964287306142]},"objects":{"GRD":{"type":"MultiPolygon","arcs":[[[0]],[[1]]]}},"arcs":[[[43137,7692],[-11765,-4166],[0,1602],[-1961,-961],[-1960,-962],[-981,-1282],[-980,-1923],[-1961,321],[-2941,641],[-1961,641],[-1960,961],[-2942,-1923],[-4902,-641],[-4901,321],[-3922,641],[8823,4166],[1961,1282],[981,2564],[-981,2244],[-980,2243],[-981,2564],[1961,4167],[4902,7692],[981,3205],[15686,13141],[5882,641],[5882,-641],[5883,-2243],[0,-641],[-1961,-1282],[1961,-3205],[980,-2564],[-980,-9616],[-981,-1282],[-980,-1282],[-1961,-2884],[0,-1282],[1961,-3206],[-981,-641],[-980,-320],[-980,-1282],[-981,-1282],[0,-1603],[-980,-1923]],[[99999,93589],[-980,-3846],[-981,-4167],[-4902,1282],[-3921,-961],[-4902,-1603],[-4902,-1282],[980,1282],[1961,2885],[981,1282],[-981,0],[-2941,0],[980,641],[981,1923],[5882,-1282],[3922,3205],[2941,4487],[3921,2564],[1961,-3205],[0,-3205]]]}