{"type":"Topology","transform":{"scale":[0.00004024880497207456,0.00004088086451250528],"translate":[-92.24552245522455,13.72869025712626]},"objects":{"GTM":{"type":"MultiPolygon","arcs":[[[0]]]}},"arcs":[[[76654,99958],[89,-5287],[179,-6816],[0,-6939],[-447,-6361],[-447,-6856],[-179,-2520],[-358,-5080],[-715,-5659],[0,-1157],[0,-330],[179,-289],[89,41],[179,124],[358,82],[179,42],[447,165],[1878,-83],[716,124],[805,0],[2236,-537],[894,331],[358,-124],[894,-702],[805,206],[1163,-206],[805,-496],[90,-496],[536,-82],[2505,-1529],[-269,-1073],[90,-166],[626,0],[268,83],[90,206],[0,207],[-90,0],[0,124],[-89,83],[-90,82],[0,207],[179,41],[179,-41],[269,41],[89,206],[89,414],[179,247],[269,207],[89,248],[90,371],[-179,579],[-90,371],[179,0],[0,-247],[0,-83],[179,0],[268,165],[805,-124],[358,124],[-626,537],[-268,207],[-537,206],[-179,248],[-179,289],[-179,207],[-984,578],[-357,330],[357,414],[358,-207],[716,-289],[268,-165],[805,-744],[447,-248],[1342,-1074],[2594,-1115],[805,-743],[268,-83],[1074,-950],[894,-330],[-268,-124],[-90,-207],[0,-289],[-179,-330],[-179,206],[-357,-165],[-358,-207],[-447,-124],[-537,-41],[-89,-165],[-805,-1239],[-1163,-1074],[-1700,-1281],[-805,-578],[-2146,-1611],[-2147,-1611],[-2147,-1569],[-2146,-1611],[-3131,-2313],[-894,-372],[-2505,-826],[-805,-372],[-89,-124],[-358,-247],[-268,-455],[-448,-1115],[537,-454],[0,-661],[-358,-661],[-179,-289],[-268,-289],[-626,-537],[-179,-290],[0,-454],[90,-330],[268,-331],[447,-578],[268,-372],[448,-1074],[268,-330],[268,-207],[90,-124],[0,-82],[89,-413],[-89,-207],[-269,-248],[-89,-165],[89,-1239],[0,-413],[-89,-413],[-268,-289],[-358,0],[-537,206],[-358,42],[-447,-42],[-179,-124],[-89,-206],[-268,-248],[-716,-661],[-358,-330],[-268,-455],[-179,-206],[-537,-124],[-268,-165],[-179,-289],[-89,-413],[89,-744],[-715,496],[0,-42],[-179,-206],[0,454],[-269,-82],[-536,-537],[-448,-83],[-268,83],[-268,165],[-358,41],[-268,-124],[-179,-82],[-626,-703],[-358,-206],[-90,454],[-268,248],[-358,41],[-357,-247],[-179,-413],[179,-248],[178,-248],[90,-289],[-179,-248],[-268,-165],[-179,-207],[179,-330],[536,-83],[179,-82],[90,-124],[89,-83],[179,-289],[0,-83],[89,-371],[0,-166],[90,-124],[358,-124],[89,-123],[0,-372],[-179,-165],[-2683,-620],[-626,-248],[-626,-495],[-537,-496],[-1073,-1818],[0,-206],[0,-165],[179,-372],[0,-41],[0,-124],[-358,-207],[-358,165],[-716,496],[-447,83],[-358,0],[-1073,-413],[-268,-166],[-537,-495],[-2415,-1611],[-358,-331],[-179,-330],[-178,-372],[-179,-330],[-358,-248],[-626,-330],[-358,-290],[-179,-371],[-89,-372],[-90,-413],[0,-372],[537,-1652],[-179,83],[-3578,1445],[-3935,1652],[-2415,868],[-1968,454],[-1431,248],[-1789,165],[-1879,-206],[-268,-83],[-2862,-165],[-3310,41],[-3041,331],[-3756,702],[-5814,2519],[-2147,1157],[-3130,1817],[-3578,2561],[-3578,3016],[-4830,3387],[447,82],[447,537],[627,1446],[447,908],[179,372],[-90,496],[-447,1198],[0,165],[89,372],[-89,165],[-179,619],[-89,207],[0,496],[89,289],[537,578],[268,744],[-89,1528],[89,785],[358,289],[268,82],[358,42],[268,124],[269,289],[536,1115],[-3220,3965],[-179,413],[0,455],[90,413],[447,784],[1252,1983],[805,1281],[895,1528],[1968,3222],[1967,3221],[1700,2850],[1252,1983],[447,744],[537,950],[268,330],[447,206],[1163,0],[3399,0],[3399,0],[3399,0],[3488,0],[3220,0],[179,0],[3399,42],[3488,0],[3399,0],[2236,0],[448,41],[447,165],[89,124],[179,372],[90,207],[-179,-83],[-90,-41],[-89,-83],[-179,0],[-90,413],[627,496],[-358,289],[0,165],[536,207],[-89,247],[-805,372],[-89,454],[178,331],[358,248],[269,124],[-358,124],[-179,206],[-90,248],[269,289],[89,-124],[90,-41],[357,-41],[-89,123],[-179,290],[-89,124],[89,0],[90,41],[0,41],[0,83],[178,-124],[179,-41],[179,82],[0,248],[-179,-83],[-357,124],[-269,207],[179,82],[447,124],[358,331],[179,413],[-179,330],[-179,0],[0,-206],[-179,0],[90,371],[179,124],[357,-41],[358,-83],[-268,455],[0,124],[0,330],[-90,331],[-178,41],[-179,-83],[-269,-41],[-179,41],[-178,124],[-269,124],[-715,83],[-90,165],[0,206],[-89,248],[-179,124],[-268,165],[-269,83],[-536,-289],[-179,248],[-90,495],[-268,0],[-626,-165],[-179,-41],[-90,41],[-357,83],[-448,0],[-268,-83],[90,248],[268,165],[179,207],[0,248],[-358,165],[-358,41],[-179,83],[179,371],[-89,372],[179,413],[89,372],[-358,165],[-89,-124],[-90,-82],[-89,-42],[-268,-41],[0,124],[357,578],[-357,909],[-1700,2272],[-358,289],[-805,413],[-447,289],[90,289],[0,165],[-269,207],[-268,-207],[-268,0],[-1700,496],[-536,248],[-716,702],[-447,248],[358,413],[-90,165],[-268,83],[-447,0],[-90,-124],[90,-207],[89,-247],[-268,-83],[-179,83],[-269,289],[-178,124],[-895,330],[-358,248],[-89,495],[-90,248],[-894,1033],[-89,206],[-179,455],[-90,165],[-268,41],[-626,-41],[-269,83],[-805,908],[-268,331],[-89,248],[-179,454],[-90,165],[-179,124],[-536,124],[-90,165],[-89,372],[-90,454],[-268,372],[-268,207],[-626,41],[-716,-83],[-447,83],[-268,578],[-358,207],[-716,124],[-626,247],[90,413],[178,0],[10913,-41],[0,6692],[89,6732],[179,207],[447,165],[1074,0],[5545,-41],[5456,0],[5456,0],[5457,0],[5456,0],[5456,0],[5456,0],[5456,0]]]}