{"type":"Topology","transform":{"scale":[0.000003312066240993945,0.000004137055681769357],"translate":[144.62244622446224,13.24069142613017]},"objects":{"GUM":{"type":"MultiPolygon","arcs":[[[0]]]}},"arcs":[[[79347,96734],[3261,-5715],[5435,-2857],[6521,-1224],[5435,-408],[0,-2857],[-4348,-6531],[-9782,-10612],[-10870,-7347],[-18478,-9796],[-7608,-6122],[-4348,-9796],[-3261,-22449],[-7609,-8979],[-4347,-1633],[-6522,-408],[-5435,1633],[-3261,4081],[-3261,4082],[-1086,1224],[-2174,9388],[-1087,1633],[-1087,1224],[-2174,1225],[-2174,816],[3261,2449],[2174,2449],[1087,3265],[0,4082],[-1087,2040],[-1087,2449],[-2174,2041],[-3261,2041],[2174,1633],[2174,1224],[1087,-1224],[4348,408],[18478,8163],[4347,2857],[16305,7347],[3260,2857],[2174,2857],[2174,3265],[6522,16327],[2174,2857],[3261,2857],[5434,2041],[4348,408],[1087,-3265]]]}