{"type":"Topology","transform":{"scale":[0.00004914098281474229,0.0000737240208432872],"translate":[-61.39681396813968,1.1859382964375698]},"objects":{"GUY":{"type":"MultiPolygon","arcs":[[[0]],[[1]]]}},"arcs":[[[60146,77576],[-366,-298],[-74,229],[74,321],[219,252],[367,160],[146,183],[73,69],[220,23],[586,-23],[953,-92],[0,-68],[-1172,-550],[-1026,-206]],[[84468,58314],[-220,-275],[-73,-229],[0,-298],[-73,-298],[-220,-229],[-1026,-664],[-146,-137],[-73,-161],[73,-114],[220,0],[293,68],[146,-22],[147,0],[73,-46],[73,-939],[0,-115],[73,-69],[220,-22],[147,0],[146,68],[74,92],[-220,160],[-74,138],[0,114],[147,69],[293,23],[147,-46],[146,-92],[0,-23],[147,-229],[659,-549],[146,-275],[-73,-183],[-293,-161],[-293,-114],[-293,-92],[-146,275],[-147,137],[-293,46],[-366,23],[-220,-91],[-147,-184],[-146,-389],[-293,-458],[-73,-160],[0,-184],[73,-137],[732,-458],[-146,-69],[-220,0],[-146,46],[-147,23],[-293,-23],[-220,-46],[-146,-46],[-220,-68],[-513,-92],[-1612,-115],[-293,-68],[-293,0],[-146,45],[-293,184],[-73,46],[-587,-23],[-439,-46],[-879,-206],[-806,229],[-733,-46],[-732,-206],[-513,-367],[-293,-366],[-293,-138],[-440,-45],[-293,45],[-219,46],[-147,46],[-293,-46],[-147,-91],[-439,-458],[-220,-229],[-366,-252],[-366,-321],[-147,-458],[147,-183],[366,-115],[366,-160],[220,-550],[586,-458],[146,-252],[0,-252],[-219,-229],[-293,-366],[-367,-688],[-366,-366],[-366,-618],[-147,-436],[-146,-183],[-293,-183],[-147,-206],[-73,-252],[0,-206],[146,-206],[74,-229],[-74,-344],[-146,-252],[-220,-229],[-1758,-1214],[-293,-298],[0,-275],[220,-572],[293,-1168],[219,-481],[440,-412],[1392,-688],[293,-274],[1026,-1008],[439,-619],[73,-252],[74,-618],[146,-275],[220,-252],[293,-160],[1026,-275],[806,-321],[73,-91],[73,-252],[147,-183],[0,-69],[73,-46],[73,-69],[73,-23],[220,-22],[73,-23],[74,-46],[439,-160],[293,-252],[0,-229],[-293,-413],[0,-68],[0,-184],[0,-91],[-73,-229],[0,-115],[0,-160],[73,-161],[73,-68],[147,-46],[146,-46],[587,-91],[366,-115],[586,-252],[220,-23],[219,0],[220,275],[220,-23],[293,-114],[73,-46],[220,-23],[147,-23],[73,-23],[73,-69],[73,-68],[147,68],[146,92],[74,46],[586,91],[146,115],[-73,252],[659,-183],[513,-115],[586,69],[660,320],[512,-687],[0,-183],[0,-481],[-73,-91],[-146,-161],[73,-114],[73,-115],[73,-160],[0,-161],[-73,-274],[-73,-161],[73,-160],[220,-321],[-73,-160],[-147,-92],[0,-91],[220,-115],[220,-23],[146,46],[220,69],[147,91],[0,-45],[73,-23],[73,-23],[-366,-390],[220,-251],[366,-207],[146,-297],[0,-115],[147,-183],[0,-92],[-73,-46],[-293,0],[-74,-45],[74,-161],[73,-114],[0,-115],[-147,-137],[-146,-160],[293,-115],[659,-46],[73,-183],[-219,-206],[-293,-160],[-220,-138],[293,-710],[73,-137],[147,-46],[73,-138],[73,-114],[293,-69],[147,23],[439,138],[220,22],[147,-91],[-367,-481],[147,-252],[73,23],[733,69],[146,-69],[0,-138],[-146,-183],[-74,-114],[74,-184],[512,-366],[220,-252],[147,-527],[146,-91],[440,160],[146,-183],[-73,-161],[-73,-160],[0,-229],[73,-137],[513,-390],[73,-91],[-146,-459],[146,-137],[293,69],[440,206],[146,-138],[-73,-137],[-73,-160],[0,-115],[0,-206],[146,-114],[293,-207],[147,-137],[-73,-137],[-147,-184],[220,-252],[659,-412],[293,-321],[-73,-481],[146,-114],[147,-69],[513,-68],[146,-46],[293,-275],[147,-596],[146,-297],[147,-413],[1978,-1832],[586,-160],[1978,-23],[806,-275],[73,-115],[147,-91],[146,-69],[440,-92],[219,-91],[74,-138],[73,-137],[-952,-252],[-586,-229],[-367,-23],[-293,115],[-293,137],[-293,137],[-439,46],[-293,-91],[-293,-138],[-294,-114],[-366,0],[-439,46],[-293,-23],[-880,-481],[-219,-69],[-293,0],[-1466,160],[-219,69],[-367,183],[-146,115],[-147,91],[-439,0],[-660,-45],[-366,0],[-366,45],[-513,184],[-366,206],[-293,297],[-74,367],[-659,343],[-952,-274],[-1758,-710],[-440,45],[-733,298],[-439,46],[-513,-115],[-293,-183],[-220,-229],[-293,-183],[-439,-160],[-293,-69],[-220,-115],[-513,-893],[-220,-252],[-1318,-1145],[-660,-298],[-952,-160],[-586,-23],[-1758,206],[-660,23],[-659,-114],[-1685,-481],[-659,-275],[-367,-92],[-366,23],[-586,160],[-293,23],[-147,-91],[0,-207],[147,-412],[-73,-252],[-147,-229],[-366,-458],[-293,-252],[-879,-114],[-953,23],[-659,114],[-147,115],[-146,297],[-147,138],[-293,114],[-219,-23],[-220,-91],[-220,-46],[-440,23],[-439,46],[-440,68],[-366,138],[-146,91],[-147,229],[-73,23],[-293,-114],[-147,-183],[-73,-184],[-147,-160],[-219,-92],[-440,-137],[-146,-92],[0,-137],[73,-275],[0,-137],[-513,-252],[-293,-23],[-1465,-160],[-73,-46],[-220,-206],[146,-275],[367,-550],[146,-275],[0,-320],[-146,-252],[-660,-665],[-146,0],[-147,69],[-146,23],[0,46],[-74,46],[-146,45],[-73,46],[-74,-23],[-293,-137],[-146,-46],[-2051,138],[-293,-23],[-220,-115],[-586,-550],[-367,-229],[-366,-183],[-513,-137],[-366,-46],[-366,-23],[-367,46],[-439,114],[-513,275],[-147,275],[-146,298],[-293,320],[-366,207],[-440,160],[-73,23],[-806,206],[-3443,389],[-1246,298],[-366,115],[-293,229],[-440,664],[-146,137],[-366,138],[-74,252],[-73,252],[-220,206],[-219,0],[-367,-69],[-293,46],[-73,69],[-147,206],[-73,68],[-73,46],[-293,23],[-73,23],[-220,137],[-366,481],[-220,138],[-586,343],[-367,275],[-586,619],[-366,252],[-440,91],[-366,-46],[-366,-68],[-440,0],[-219,23],[-220,68],[-147,115],[-439,298],[-74,114],[367,298],[366,550],[0,160],[-73,23],[-73,-23],[-294,46],[-732,206],[-220,0],[-439,-92],[-220,0],[-220,138],[-73,297],[-74,298],[0,206],[74,161],[293,252],[73,160],[0,114],[0,344],[0,114],[147,229],[0,115],[-74,160],[-219,275],[0,183],[0,138],[293,229],[73,137],[-73,138],[-147,412],[0,504],[73,527],[0,458],[-439,343],[-220,23],[-366,0],[-220,23],[-220,92],[-659,366],[-806,275],[-366,183],[-220,252],[0,138],[220,229],[0,137],[0,160],[-74,275],[0,161],[-586,870],[-73,275],[0,160],[-73,115],[-147,206],[-73,69],[-293,68],[-73,46],[0,46],[146,160],[0,69],[-659,847],[-73,252],[146,2222],[440,1099],[0,298],[-74,779],[147,343],[146,321],[587,573],[73,68],[146,23],[147,46],[73,92],[-73,91],[-147,161],[0,68],[74,46],[219,23],[74,46],[-74,92],[-146,137],[-73,92],[0,160],[146,114],[147,92],[73,115],[293,618],[73,137],[586,573],[220,458],[0,23],[147,0],[146,23],[147,46],[0,114],[-147,161],[0,91],[73,664],[-366,-91],[73,252],[367,549],[-220,344],[-366,275],[-294,298],[0,412],[513,366],[1685,390],[733,481],[513,137],[146,92],[147,160],[0,115],[0,114],[0,160],[146,344],[293,183],[806,229],[366,229],[74,183],[-74,230],[-73,297],[147,275],[293,321],[366,252],[440,114],[146,0],[147,69],[0,114],[0,138],[-147,92],[-293,68],[-586,69],[-220,0],[-146,46],[0,343],[-74,92],[-73,69],[-293,343],[-732,435],[-147,207],[0,320],[293,206],[0,206],[-440,229],[-879,184],[-293,160],[-219,367],[-74,137],[0,114],[74,252],[0,69],[219,160],[74,92],[-74,92],[-219,160],[0,46],[219,252],[660,481],[146,320],[0,115],[0,114],[-73,46],[-220,23],[-220,46],[-219,114],[-147,138],[-146,114],[-1173,436],[-293,229],[-146,-115],[-220,-23],[-439,69],[-74,0],[-220,0],[-73,23],[-73,91],[0,161],[-73,68],[-220,0],[-440,-137],[-146,-23],[-147,69],[-293,275],[-146,68],[-220,23],[-220,0],[-220,-23],[-73,-114],[-146,-92],[-220,23],[-513,115],[-366,-46],[-293,-46],[-220,23],[-147,252],[-73,92],[-220,91],[-219,0],[-147,-114],[0,-138],[-146,-68],[-220,0],[-220,45],[-293,92],[-220,206],[-146,252],[73,252],[586,389],[147,23],[439,0],[147,46],[219,115],[74,137],[0,137],[73,161],[73,160],[586,550],[147,229],[146,229],[74,252],[-147,595],[293,596],[73,824],[147,390],[146,252],[74,252],[0,526],[366,825],[0,389],[-586,184],[-879,343],[-440,206],[-293,206],[0,23],[-659,1008],[-220,160],[-879,-229],[-293,184],[-220,320],[-220,46],[-879,-137],[-366,-138],[-806,-550],[-439,-183],[-440,0],[-879,206],[-440,-23],[-146,-68],[-220,-275],[-220,-92],[-146,0],[-147,69],[-146,92],[-147,68],[-366,69],[-1172,-114],[-293,22],[-220,69],[-220,92],[-220,68],[-219,23],[-1246,69],[-439,-23],[-953,-137],[-1538,1145],[-1539,1122],[-1538,1123],[-1539,1145],[-1538,1122],[-1538,1145],[-1539,1123],[-1538,1145],[-660,481],[-366,549],[220,138],[659,252],[293,160],[953,1008],[293,435],[146,183],[293,115],[659,69],[367,68],[220,115],[219,160],[220,367],[220,137],[293,46],[293,-23],[220,23],[73,229],[0,