{"type":"Topology","transform":{"scale":[0.000005616112321684915,0.000003866880616837547],"translate":[113.83853838538386,22.17664233834941]},"objects":{"HKG":{"type":"MultiPolygon","arcs":[[[0]],[[1]],[[2]],[[3]]]}},"arcs":[[[49358,11790],[1924,-2183],[1282,437],[0,-1310],[-1282,-1310],[1923,0],[1923,0],[1282,-437],[-1923,-1747],[-1282,-1310],[1282,-3493],[-1282,0],[-4488,-437],[641,2183],[0,7861],[-1923,0],[0,1746],[0,3494],[1282,-437],[641,-3057]],[[67307,28384],[641,-1747],[1282,437],[1282,-873],[1923,-3494],[1282,-1310],[0,-2620],[-1282,-1747],[641,-2620],[641,-2183],[-641,-437],[1282,-4803],[-1923,-437],[-641,874],[-1282,1746],[-641,2620],[0,3057],[-1282,1310],[-1282,-1310],[1282,-437],[0,-2183],[-641,0],[-1282,-2183],[1282,-2620],[-641,-1747],[641,-1747],[-1923,-437],[-641,3931],[641,436],[-641,1310],[-1923,-1310],[-641,874],[641,1310],[-1282,873],[1282,1747],[-641,1310],[-1282,436],[0,2184],[-2564,-1747],[-641,-1747],[-641,1747],[0,1747],[-1923,873],[-2564,437],[-1282,873],[-641,1747],[-641,1310],[-641,2183],[-1283,437],[0,1747],[641,436],[642,437],[1923,1310],[1282,437],[1923,-437],[1282,-1310],[1923,-437],[2564,0],[1282,1747],[1923,1310],[1282,-873],[1923,-437]],[[37820,39301],[0,-2183],[-641,873],[-1282,437],[-1282,0],[-641,-4367],[-3205,873],[0,-3493],[1923,873],[-641,-3057],[0,-6550],[-2564,0],[-1282,874],[1923,-3931],[-2564,-3056],[3846,-3494],[-2564,-3056],[-3205,-1747],[-641,1747],[0,5676],[-1923,0],[-1282,0],[-2564,0],[-3206,-3493],[-1282,0],[-641,-1310],[1923,-437],[0,-1746],[-1923,-1310],[-1923,-437],[-2564,3057],[0,1746],[-1282,-436],[-1923,-1747],[-2564,-3057],[-2564,-1310],[-1282,2184],[0,3056],[0,3057],[0,1310],[1923,0],[0,2620],[1282,437],[0,1746],[-1282,874],[0,436],[1923,1311],[1282,1746],[0,437],[1923,437],[1282,1746],[1282,3494],[3205,0],[1923,-437],[1282,-1747],[1924,874],[3846,3493],[2564,-873],[1282,2620],[1923,436],[1282,3057],[3205,3494],[641,-1747],[3846,4367],[1282,-874],[641,-1310],[-641,-2183]],[[69871,98252],[641,0],[-1282,-2620],[-641,-1310],[-1282,-1747],[-1282,0],[0,-2620],[1282,437],[641,873],[1923,874],[641,873],[1282,3494],[641,436],[641,-873],[1282,873],[0,-873],[-641,-2183],[1282,436],[1282,-1747],[0,-1746],[641,-437],[1282,873],[641,-873],[0,-1747],[-641,-2183],[1282,0],[641,-1310],[1923,-1310],[5129,2183],[641,874],[641,-1747],[-3205,-3493],[-1923,-2620],[-2565,-874],[-1923,-1747],[-2564,-1746],[-641,-1747],[-1923,-1747],[-1282,0],[-2564,4804],[-2564,-874],[-641,874],[-641,-1310],[0,-2184],[1282,-436],[0,-1747],[-1282,437],[0,873],[-1282,1310],[-1923,-437],[-641,-1310],[-3846,-873],[1923,-1310],[1923,-1747],[1923,-2183],[2564,-2184],[-641,-1746],[1282,-874],[-1282,-3056],[1282,436],[1282,3930],[1923,2620],[641,2621],[1282,0],[1282,-1310],[2564,0],[641,-1311],[-641,-2183],[1282,-1747],[641,2620],[1923,1747],[-1923,4367],[1923,2620],[2564,873],[-641,2184],[4488,3930],[0,-1310],[1282,-437],[-1282,-2620],[1923,-437],[641,-3930],[-1282,-1746],[1282,-2184],[641,1747],[641,-3930],[1282,0],[0,4803],[1282,5240],[1282,-1746],[0,-2184],[641,-1746],[2564,0],[2564,-874],[-641,-2183],[641,-3930],[-1923,1310],[-1282,436],[-1923,-5676],[641,873],[1923,-3493],[641,-5677],[-641,0],[0,1310],[-1923,0],[641,-2184],[-641,-2183],[-641,-1310],[-1923,-873],[-641,-3494],[-641,1747],[0,3493],[-1923,-1746],[-641,1746],[-1282,1747],[641,4367],[-2564,1310],[-641,2183],[-1282,-1310],[-1924,-873],[-2564,2620],[-1282,0],[-1923,-3057],[1282,-3930],[1282,-2183],[-641,-1747],[-1923,1747],[0,2620],[-1282,-874],[-641,-1746],[1923,-2620],[1282,-6550],[641,-437],[2564,-437],[0,-3057],[641,0],[1282,437],[1283,-2620],[-641,-1310],[-1283,-1310],[-1282,437],[-641,-437],[0,-1310],[0,-1747],[1923,437],[641,-1747],[0,-1746],[-1282,-1311],[-1282,1747],[-1923,1747],[641,2183],[-1282,4367],[-1923,1310],[641,2183],[0,1747],[-1923,1310],[-641,-4367],[0,-2183],[-2564,-3930],[-1923,2620],[-2564,4803],[641,-2183],[-641,0],[-3205,4367],[-1282,-2620],[641,-1747],[0,-873],[-1282,873],[-641,-1747],[-641,-873],[-641,-873],[-1282,1746],[641,2620],[-641,1310],[0,1311],[-1282,0],[0,1746],[-1282,1747],[-2564,1747],[-2564,1746],[0,-1310],[-1924,3930],[0,3494],[-1282,873],[-1282,-1747],[-3205,874],[0,-874],[-1923,0],[0,-873],[-1923,437],[-1282,-437],[-1923,-873],[-3205,-1310],[-1282,873],[0,1310],[-3205,0],[-641,1310],[-1923,873],[-1282,3057],[-641,0],[0,2184],[-1282,-1747],[1923,-2183],[-3846,-874],[-1282,-1747],[-2565,1747],[-1282,0],[-1923,1747],[641,3057],[-1282,2620],[-2564,2620],[2564,2620],[3846,436],[1283,1747],[2564,6114],[4487,2183],[3205,7860],[1282,0],[1282,-873],[0,-1310],[0,-2184],[641,874],[1923,873],[641,0],[641,874],[-641,1310],[0,2183],[2564,1310],[2564,873],[641,1310],[641,1747],[1282,437],[1282,436],[1282,874],[-641,1746],[1282,1310],[3205,0],[1282,-1310],[0,-436],[2565,2620],[1282,437],[1923,-437],[1282,3493],[1282,2184],[1923,873],[1923,-1747],[2564,0],[3846,-436],[1923,436]]]}