{"type":"Topology","transform":{"scale":[0.000005760115201727994,0.0000023133739934791794],"translate":[73.23733237332374,-53.19300410286487]},"objects":{"HMD":{"type":"MultiPolygon","arcs":[[[0]]]}},"arcs":[[[86249,35036],[5000,-2920],[4375,-729],[4375,729],[-26250,-12408],[-9375,-13869],[-5000,-3649],[-12499,-2190],[-5625,1460],[-6250,7299],[-1250,2920],[-5000,11678],[-5625,21168],[-1250,6569],[1250,4380],[-1875,2190],[-1250,3649],[0,2920],[1875,2920],[-3125,3649],[-3125,1460],[-10000,1460],[-2500,2920],[-2500,5839],[-625,8759],[5625,2920],[5000,5839],[5625,-10219],[1250,0],[1250,-5109],[2500,-5110],[3125,-3649],[1250,2189],[625,6570],[1875,2919],[2500,-730],[2500,-5109],[-2500,-2190],[1875,-7299],[3750,-730],[4375,2920],[3125,5109],[3125,-2919],[9999,-730],[3750,-4380],[1875,-2920],[4375,-2189],[1875,-2190],[1250,-2920],[2500,-7299],[1250,-1460],[4375,-8029],[1875,-4379],[6250,-5110]]]}