{"type":"Topology","transform":{"scale":[0.0000623532470587058,0.00004439314035661965],"translate":[-89.36549365493654,12.978961949298352]},"objects":{"HND":{"type":"MultiPolygon","arcs":[[[0]],[[1]],[[2]],[[3]],[[4]],[[5]],[[6]],[[7]],[[8]]]}},"arcs":[[[26732,4488],[115,-228],[-173,-114],[-173,114],[-173,-76],[0,228],[-58,229],[0,304],[0,266],[115,114],[231,-76],[116,-418],[0,-343]],[[25808,5439],[-115,-152],[-231,266],[-58,381],[115,114],[116,0],[173,-76],[58,-343],[-58,-190]],[[27944,6162],[-404,-76],[-173,38],[-58,38],[-58,76],[0,152],[116,0],[-58,114],[-115,229],[-58,152],[231,114],[231,38],[462,-38],[58,-152],[0,-343],[-174,-342]],[[27944,8787],[174,-77],[404,153],[288,0],[0,-153],[-288,-190],[173,-875],[-231,-304],[-751,304],[-346,305],[58,380],[173,418],[173,153],[173,-114]],[[99999,45454],[-231,-38],[-520,38],[-231,-76],[-404,-228],[-750,0],[-58,0],[-173,76],[-116,114],[0,114],[174,152],[-693,76],[-289,0],[-231,-228],[-58,304],[-173,153],[-231,76],[-173,228],[-173,-381],[-231,-380],[-347,-266],[-346,-38],[-173,76],[-173,418],[-116,114],[-173,38],[-173,0],[-58,-114],[115,-228],[-115,-152],[0,-152],[0,-343],[-173,229],[-116,-114],[0,-267],[58,-304],[-115,76],[-231,76],[57,-38],[0,-190],[58,-76],[-231,-76],[-404,-457],[-404,-190],[-58,-228],[-58,-304],[-57,-305],[-116,0],[-115,267],[-289,114],[-404,38],[-289,-76],[-289,-190],[-57,-267],[115,-646],[-115,0],[-58,190],[-115,114],[-174,38],[-173,-38],[0,-342],[-289,-191],[-923,-38],[115,-266],[58,-114],[173,-114],[-346,0],[-289,-152],[-289,-228],[-173,-229],[-115,152],[-58,77],[-58,0],[-115,76],[57,-229],[58,-76],[-231,76],[-231,381],[-231,152],[-57,-533],[0,-190],[57,-190],[-1559,-114],[-288,38],[0,190],[-116,38],[-288,0],[-116,38],[-115,76],[0,76],[-404,343],[-116,0],[-173,-229],[231,-532],[58,-190],[173,-190],[0,-153],[-116,-114],[-57,0],[-58,76],[-173,38],[-116,-76],[-115,-76],[-58,-114],[-116,-76],[-346,-152],[-231,-38],[-231,114],[-346,571],[-116,152],[-173,114],[-231,76],[-173,0],[-116,-266],[116,-1065],[-116,-495],[-346,-228],[-173,0],[-347,114],[-288,38],[-116,114],[-115,609],[-116,190],[-231,-418],[-231,-571],[-288,-495],[-578,-266],[-462,-342],[-173,-38],[-231,76],[-173,190],[-173,152],[-231,-114],[58,457],[57,152],[-1154,38],[-404,114],[-578,342],[-346,76],[-289,-266],[-231,799],[-173,342],[-347,304],[58,305],[-58,266],[-346,76],[58,38],[115,228],[58,38],[-289,533],[-346,380],[-404,152],[-404,0],[-982,-266],[-231,-190],[-750,-989],[-289,-266],[-231,-228],[-58,-39],[-231,-266],[-115,-342],[-116,-837],[-57,-152],[-58,-38],[-231,-114],[58,-190],[462,-457],[-347,-456],[-115,-190],[404,0],[0,-39],[-116,-342],[-519,-761],[-347,-228],[-288,266],[-289,419],[-289,76],[-115,-304],[-58,-647],[-58,-1141],[-57,-114],[-347,-571],[0,-114],[0,-342],[0,-152],[-462,-457],[289,-228],[289,-380],[173,-419],[58,-532],[-174,-381],[-346,-266],[-404,-190],[-404,-76],[-635,0],[-116,-76],[-404,-228],[-173,-77],[-58,-114],[-58,-152],[-115,-190],[-58,-152],[-58,-76],[-57,-38],[-174,38],[-57,0],[-174,-228],[-173,-305],[-173,-380],[-116,-571],[-115,-418],[-173,-418],[-173,-343],[-405,-418],[-288,-228],[-578,-229],[-115,-304],[0,-342],[-173,-305],[-289,-152],[-289,-38],[-115,-38],[-347,-190],[-173,-304],[-173,-228],[-520,-229],[58,-228],[-58,-38],[-57,0],[0,-114],[-116,0],[-115,38],[-347,-380],[-231,-115],[-288,39],[-116,38],[-115,-115],[0,-494],[-173,-685],[-58,-418],[58,-228],[231,-76],[115,-267],[-58,-342],[-115,-380],[-116,-153],[-57,-38],[0,38],[-231,305],[-347,38],[-346,0],[-347,152],[-288,456],[-116,457],[-231,380],[-346,228],[-231,-38],[-116,-76],[-173,-38],[-231,114],[-57,115],[-347,646],[-1155,1103],[-57,609],[173,494],[0,229],[-1213,-229],[-231,-152],[-173,-228],[-57,-190],[-58,-228],[-116,-305],[-231,-266],[-173,-114],[-173,-114],[-173,-152],[-578,-1180],[-1039,-1559],[-231,-533],[-173,-684],[-58,-343],[-173,-266],[-289,-152],[-288,-114],[-809,-76],[-115,38],[-173,38],[-58,114],[-289,342],[-231,-38],[-173,-152],[-231,-114],[-289,114],[-577,419],[-635,-77],[-1270,-342],[-693,114],[-346,-38],[-347,-228],[-231,-190],[-58,-76],[0,-152],[-57,-305],[0,-380],[-58,-1217],[0,-190],[58,-115],[115,-76],[116,-152],[57,-152],[0,-342],[-57,-723],[0,-380],[519,-2701],[-57,-380],[-174,-609],[-57,-304],[57,-228],[116,-76],[115,-39],[116,-114],[115,-304],[0,-152],[116,-609],[-58,-380],[-115,-266],[-231,-305],[-116,-114],[-115,-76],[-116,-76],[-173,76],[-924,609],[-288,38],[-231,-76],[-231,-228],[-751,-913],[-115,-191],[-116,-304],[-115,-646],[-58,-76],[58,-115],[115,-380],[0,-38],[-115,-1179],[57,-152],[58,-38],[58,-114],[-58,-191],[-58,-114],[-231,-190],[-115,-76],[-346,-799],[-174,-304],[-404,-342],[-346,-229],[-116,-380],[-173,38],[-346,304],[-231,38],[-3695,-304],[173,152],[58,266],[115,229],[173,152],[173,114],[0,152],[-404,0],[-346,114],[-231,190],[-231,305],[-115,228],[0,114],[57,380],[58,38],[520,115],[173,76],[-924,342],[-577,76],[-289,-152],[-58,0],[-57,875],[-231,913],[-289,760],[-347,571],[-57,342],[-58,38],[-58,76],[-57,0],[-116,-38],[-58,38],[-115,191],[-58,190],[0,190],[173,228],[116,114],[288,152],[116,191],[346,608],[116,152],[173,-76],[289,114],[519,267],[-57,190],[0,114],[57,152],[-231,304],[-115,114],[-173,38],[-289,-76],[-173,38],[-116,191],[-288,-267],[-58,-114],[-116,-228],[0,-304],[58,-152],[0,-115],[-173,-190],[-115,0],[-520,0],[-289,-76],[-115,0],[-173,76],[0,152],[230,0],[0,153],[-288,76],[-289,152],[-289,38],[-230,-266],[-116,0],[58,228],[173,532],[-231,114],[-58,267],[58,646],[-58,343],[-231,-76],[-231,-267],[-115,-228],[115,-647],[-231,-608],[-404,-457],[-462,-152],[-288,76],[-404,305],[-289,152],[0,152],[0,152],[-58,76],[-173,0],[-116,38],[-230,114],[1270,799],[288,419],[0,304],[0,304],[-115,266],[-116,191],[-230,114],[-347,-152],[-115,76],[-174,532],[58,609],[404,1293],[58,418],[-58,837],[58,381],[173,266],[173,228],[58,228],[-115,381],[115,380],[289,989],[173,342],[-289,152],[-461,533],[-289,304],[-58,76],[-231,114],[-115,76],[-116,267],[-115,608],[-173,152],[-231,-38],[-174,-152],[-115,-228],[-173,-152],[-174,-38],[-288,114],[-173,0],[-116,-76],[-231,-190],[-58,-76],[-115,76],[-231,190],[-115,38],[-231,-76],[-751,-495],[-115,533],[-289,418],[-289,381],[-231,380],[-231,837],[-173,228],[-462,38],[-808,-152],[-231,0],[-404,114],[-58,38],[-231,0],[-173,-76],[0,-76],[0,-418],[58,-115],[115,-152],[58,-76],[-58,-304],[-115,-38],[-174,38],[-173,-114],[-115,-152],[-58,-152],[-58,-153],[-115,-152],[-173,-76],[-174,-38],[-173,-76],[-115,-266],[-116,38],[-115,76],[-173,0],[-58,0],[-58,-76],[0,-152],[0,-114],[-58,-76],[-115,38],[-231,114],[-173,0],[-635,-191],[-289,-152],[-289,-266],[-462,0],[174,304],[0,343],[-174,608],[-57,229],[0,304],[57,304],[0,228],[-57,267],[0,38],[57,0],[0,38],[0,38],[58,76],[-173,190],[-116,76],[-750,76],[-1213,533],[-404,38],[-404,-76],[-115,-38],[0,38],[57,114],[-57,190],[-58,152],[-116,114],[-115,38],[-346,76],[-231,228],[0,305],[115,380],[0,380],[-115,267],[-116,-38],[-173,-152],[-231,-77],[-693,77],[-289,-77],[-115,647],[-231,685],[-289,570],[-404,343],[-288,0],[-231,-114],[-174,-153],[-173,-76],[-115,152],[-58,229],[0,190],[0,114],[-58,266],[-173,343],[-115,228],[-462,456],[-58,190],[-58,685],[-115,266],[-231,191],[-578,76],[-173,228],[58,228],[58,228],[-58,229],[-58,190],[-115,190],[-58,76],[-115,38],[-116,-76],[-173,-152],[-231,-609],[-116,-190],[-750,304],[-404,381],[-809,228],[-519,342],[-635,114],[-231,76],[-58,685],[58,380],[115,267],[173,152],[347,114],[115,190],[174,419],[230,304],[462,608],[174,229],[57,190],[116,114],[288,38],[231,-38],[347,-190],[231,0],[173,266],[58,380],[0,381],[-58,1141],[58,152],[173,228],[58,190],[-58,381],[0,76],[-58,114],[-173,190],[-173,304],[-289,989],[-173,343],[-289,532],[-173,305],[-58,304],[0,418],[116,267],[404,494],[173,266],[116,267],[230,608],[0,609],[-346,418],[289,1027],[173,418],[231,229],[58,114],[519,342],[1617,761],[577,342],[2021,2130],[1386,1484],[1385,1445],[1386,1484],[1386,1483],[519,533],[1097,1179],[751,989],[519,1141],[58,152],[347,38],[288,114],[231,190],[231,152],[116,-190],[115,304],[0,267],[58,190],[173,