{"type":"Topology","transform":{"scale":[0.00002851257024855381,0.00002063462058417245],"translate":[-74.49014490144901,18.026119408977735]},"objects":{"HTI":{"type":"MultiPolygon","arcs":[[[0]],[[1]],[[2]],[[3]],[[4]]]}},"arcs":[[[27904,3928],[252,-327],[379,409],[253,-164],[126,-327],[252,-246],[1010,0],[632,0],[631,-245],[505,-328],[0,-736],[-379,-327],[-757,-82],[-1389,82],[-505,163],[-631,409],[-884,1064],[126,491],[126,246],[253,-82]],[[27146,27905],[-757,-655],[-1137,0],[-884,655],[0,1309],[758,491],[1136,-82],[884,-654],[0,-1064]],[[58585,32651],[-379,-164],[-252,328],[-379,818],[-252,327],[-253,164],[-757,0],[-3157,982],[-1136,82],[-1010,327],[-3157,2619],[-3156,1145],[-758,737],[-758,1309],[-631,573],[-252,246],[-253,409],[-126,491],[-126,573],[126,491],[379,654],[631,573],[757,327],[758,164],[758,-164],[4924,-2700],[2399,-982],[2651,-1800],[2525,-1392],[1011,-1636],[252,-1064],[126,-1227],[-126,-1228],[-379,-982]],[[95832,81587],[379,-1310],[126,-818],[-126,-818],[0,-1228],[126,-1145],[1011,-3028],[378,-3764],[0,-2210],[-378,-1064],[-253,-327],[-379,-1473],[-379,-327],[-883,-737],[-253,-245],[126,-982],[632,-1146],[126,-245],[1136,-1555],[2273,-1391],[505,-328],[-126,-2864],[-253,-818],[-379,-900],[-1262,-1064],[-505,-655],[-1010,-1882],[-1515,-2209],[-506,-410],[-1767,-654],[-631,-491],[126,-900],[631,163],[884,409],[757,-81],[379,-328],[505,-1391],[253,-491],[884,-900],[252,-491],[126,-900],[127,-1964],[252,-1882],[-126,-900],[-126,-901],[-253,-818],[-379,-900],[-505,-573],[-1010,-736],[-126,-164],[-126,-82],[-505,-736],[-758,-1637],[-379,-573],[-1389,-655],[-2651,655],[-1263,-409],[-631,-573],[253,-818],[3282,-4255],[127,-410],[126,-736],[-126,-327],[-379,-164],[-126,-491],[252,-900],[505,-409],[1389,-491],[253,-328],[631,-982],[252,-491],[1263,-1145],[1894,-901],[505,-491],[379,-327],[0,-164],[-379,-900],[0,-82],[-1515,-3518],[-379,-900],[0,-982],[0,-410],[379,-1391],[126,-573],[0,-818],[0,-1391],[-126,-818],[-379,-1473],[-631,491],[-2399,4173],[-1137,1309],[-1136,982],[-2778,1310],[-1136,736],[-1136,573],[-1389,0],[-2778,-573],[-3662,0],[-5176,-82],[-2652,-654],[-757,491],[-379,245],[-253,-245],[253,-1801],[-379,-491],[-379,0],[-884,491],[-631,82],[-4040,-491],[-884,82],[126,-245],[0,-573],[127,-164],[-506,0],[-252,82],[-253,245],[-1010,-818],[-1894,246],[-883,-491],[-1011,736],[-1136,655],[-1389,409],[-3661,573],[-1010,-82],[-253,82],[-1010,818],[-253,164],[-4671,982],[-2147,-246],[-252,82],[126,655],[505,245],[1263,0],[0,246],[-2399,327],[-2778,0],[-884,-327],[-1136,-819],[-379,-163],[-252,245],[-379,819],[-253,327],[-505,-409],[-252,-900],[-253,-737],[-379,327],[-252,0],[-379,-327],[-379,246],[-126,654],[126,737],[-505,-164],[-379,-1309],[-505,-491],[0,654],[127,573],[252,1146],[-252,-327],[-379,-655],[-253,-409],[0,163],[-252,82],[-379,82],[-126,-82],[0,-163],[0,-246],[0,-164],[-1515,-1636],[-2526,-1473],[-631,-819],[-631,-1391],[1515,-2046],[252,-736],[127,-982],[-127,-327],[-378,-164],[-2399,0],[-253,82],[-379,245],[-252,328],[-126,654],[-2273,4256],[-126,163],[-253,164],[-126,82],[-126,163],[0,164],[0,164],[-127,163],[-631,819],[-3409,3273],[-631,409],[-1010,246],[-505,245],[-379,328],[-127,491],[-126,490],[-126,164],[-379,0],[-379,164],[-883,491],[-253,163],[-252,-327],[-632,327],[-757,-409],[-758,-573],[-757,-327],[-632,164],[-757,409],[-758,491],[-252,409],[-253,573],[-1389,900],[-252,900],[-127,900],[-252,655],[-884,1555],[1263,2291],[-127,246],[-126,491],[631,573],[379,2209],[505,491],[126,245],[0,573],[-126,655],[-252,327],[0,573],[252,409],[1137,900],[1641,819],[631,163],[758,-245],[379,0],[126,409],[252,327],[379,164],[379,82],[2020,-164],[1389,-409],[4545,-2700],[2021,-82],[126,-82],[126,-327],[126,-164],[0,-327],[253,0],[252,163],[253,82],[1010,-736],[379,-246],[1641,-82],[379,-82],[379,-245],[757,-818],[253,-164],[379,-82],[126,164],[126,163],[126,82],[379,-82],[505,-245],[253,0],[252,82],[379,491],[253,82],[0,81],[378,737],[253,164],[252,0],[379,0],[253,0],[1641,654],[379,82],[1263,-409],[0,-900],[-632,-573],[-1010,164],[0,-328],[-757,328],[-632,163],[-757,-82],[-758,-409],[253,-163],[631,-409],[505,-164],[126,-327],[0,-328],[127,-409],[631,-409],[1136,245],[505,-327],[1263,982],[1515,246],[5556,-573],[631,-246],[1389,-900],[757,-245],[2904,163],[1389,-163],[1137,-655],[631,-491],[631,-246],[505,-81],[884,245],[2525,573],[3031,-982],[-127,-737],[632,164],[883,409],[632,0],[505,-245],[2525,-573],[1389,409],[884,1064],[757,1473],[505,1718],[884,1391],[1136,328],[5809,-737],[252,164],[126,164],[0,245],[127,82],[252,0],[126,-164],[0,-82],[127,-81],[757,-1064],[379,-246],[505,164],[379,818],[0,1146],[0,2946],[0,573],[252,654],[253,410],[126,327],[-126,573],[-379,327],[-1515,982],[-505,164],[-758,0],[-505,163],[-631,819],[-631,982],[-758,736],[-758,-163],[-1262,982],[-253,409],[-378,900],[-1768,3682],[-505,655],[-631,818],[-758,573],[-631,246],[-632,409],[-3661,5237],[-253,1227],[1515,819],[1389,82],[758,327],[252,736],[-126,901],[-505,491],[-631,327],[-632,409],[-378,655],[-884,1964],[-126,736],[126,246],[126,82],[-126,81],[126,246],[253,409],[378,1146],[253,409],[379,245],[631,164],[505,82],[379,-82],[-505,1227],[-253,328],[-757,82],[-379,409],[-126,900],[0,1064],[126,573],[252,-328],[253,-245],[379,-82],[379,0],[378,409],[0,327],[-126,410],[-126,1145],[0,164],[505,-164],[252,-82],[253,-327],[252,-245],[505,0],[-631,1800],[-379,245],[-1894,164],[-378,409],[-379,655],[-379,736],[-757,655],[-2147,1309],[-1894,1473],[-631,246],[-631,327],[-1263,1391],[-253,82],[-252,-164],[-2273,982],[-252,82],[-758,246],[-379,0],[-126,-82],[-252,-246],[-253,-245],[-253,-82],[-631,164],[-757,409],[-758,573],[-379,491],[-757,-900],[-1515,-246],[-3410,246],[-631,245],[-379,0],[-252,246],[-631,900],[-253,245],[-505,409],[-253,982],[0,982],[-126,573],[1263,2619],[126,573],[379,0],[1894,1145],[0,328],[-2020,0],[631,572],[631,82],[758,-82],[631,82],[4293,2537],[1263,1228],[757,1227],[379,-655],[379,-163],[1010,163],[505,-163],[884,-409],[505,-82],[379,0],[252,82],[758,245],[505,82],[505,-82],[505,-245],[379,-491],[252,818],[631,409],[884,164],[632,-328],[883,491],[1137,328],[1262,245],[1010,-82],[3536,-1145],[884,-655],[757,-491],[2147,-818],[126,-246],[631,-1145],[1010,-819],[1010,-491],[505,491],[632,-491],[1010,-491],[1010,-327],[505,164],[126,-819],[1768,-2045],[0,-328],[-126,164],[-632,164],[505,-1392],[127,-245],[631,-164],[126,82],[-126,409],[505,655],[-126,82],[-253,-82],[-126,0],[0,82],[126,245],[0,164],[126,-164],[0,328],[-126,163],[-126,491],[252,0],[505,-327],[632,-82],[631,246],[379,736],[252,409],[758,82],[505,-573],[-379,-1145],[631,-491],[632,0],[1389,245],[126,0],[126,-82],[253,-163],[505,-655],[379,-164],[1136,0],[379,-82],[126,-245],[126,-246],[253,-163],[505,-491],[379,-82],[252,164],[126,327],[253,409],[379,82],[631,655],[1010,0],[1768,-655],[884,-164],[252,-245],[-126,-573],[-379,-246],[-379,-81],[-1010,0],[379,-901],[631,-81],[632,245],[505,82],[631,-655],[379,-327],[252,164],[126,654],[0,328],[-883,245],[-253,327],[-126,410],[126,491],[253,327],[378,-82],[884,-245],[1515,-82]],[[60605,98935],[3283,-1718],[1389,-1146],[-379,-1146],[-505,328],[-3030,491],[-1389,736],[-1641,491],[-632,328],[-378,-82],[-379,-164],[-379,-82],[-757,164],[-884,409],[-758,491],[-505,573],[126,0],[127,82],[252,245],[1515,737],[1768,245],[1010,82],[758,-82],[631,-409],[757,-573]]]}