{"type":"Topology","transform":{"scale":[0.00006782535650034736,0.00002828395211005647],"translate":[16.093960939609417,45.74073813956247]},"objects":{"HUN":{"type":"MultiPolygon","arcs":[[[0]]]}},"arcs":[[[89012,94208],[371,-119],[53,0],[160,238],[477,359],[478,-120],[531,-418],[-212,-1074],[0,-538],[424,0],[53,0],[160,-298],[0,-358],[-54,-418],[0,-478],[160,-716],[743,-1791],[106,-179],[106,0],[106,0],[106,179],[53,59],[54,0],[53,0],[318,-238],[212,-60],[213,60],[318,238],[53,0],[53,-59],[53,0],[1115,-2329],[212,-716],[213,-1134],[212,-836],[106,-179],[212,179],[1062,0],[265,179],[266,239],[265,119],[213,-239],[53,-179],[530,-477],[425,-657],[212,-418],[160,-478],[106,-656],[-53,-358],[-107,-359],[0,-537],[-265,-537],[106,-418],[531,-717],[-212,-418],[-372,-1134],[-265,-358],[-584,-358],[-212,-239],[-160,-478],[0,-298],[53,-239],[54,-239],[-160,-418],[-53,-119],[-318,-60],[-319,-179],[-159,-239],[-372,-776],[-424,-597],[-531,-418],[-584,-119],[-531,119],[-1061,955],[-478,-179],[-212,-1373],[-159,-298],[-213,-120],[-212,0],[-690,179],[-212,-59],[-213,-179],[-318,-239],[-159,-239],[-319,-836],[-106,-179],[-265,-298],[-107,-179],[-53,-299],[-53,-657],[-53,-298],[-318,-836],[-53,-239],[0,-239],[-53,-238],[0,-60],[-53,-239],[-160,-119],[-53,-120],[-743,-298],[-902,-1135],[-425,-776],[-318,-835],[53,-1135],[159,-1194],[0,-1194],[-318,-955],[-637,-358],[-266,-239],[-265,-478],[-584,-1373],[-53,-418],[-212,-1253],[-53,-359],[-160,-477],[-53,-418],[-53,-418],[53,-299],[0,-358],[-53,-418],[-159,-298],[-319,-478],[-159,-358],[-53,-298],[-53,-657],[-106,-299],[-319,-477],[-690,-776],[-371,-538],[-531,-1134],[0,-119],[53,-180],[106,-119],[160,0],[106,-179],[106,-418],[-53,-60],[-266,-1731],[-106,-239],[-690,-955],[-53,0],[-53,-119],[0,-418],[0,-418],[53,-358],[0,-418],[-106,-418],[-159,-239],[-531,-239],[-318,-477],[-213,-597],[-265,-1374],[-106,-179],[-53,-179],[0,-239],[-54,-179],[54,-119],[53,-60],[53,-119],[371,-418],[-53,-716],[-265,-657],[-266,-299],[-424,-59],[-159,-418],[-54,-179],[-53,-418],[-318,-717],[-319,-239],[-530,60],[-319,-119],[-265,-478],[-53,-657],[-53,-1373],[-213,-656],[-265,-478],[-159,-597],[-53,-716],[424,-1374],[106,-776],[-371,-418],[-584,-59],[-318,-179],[-266,-478],[-106,-776],[-106,-1552],[-106,-657],[-160,-537],[-159,-239],[-424,60],[-107,-120],[-690,-1433],[-265,-119],[-265,358],[-106,239],[-107,119],[-159,0],[-106,-119],[-319,0],[-530,358],[-266,120],[-106,-60],[-212,-179],[-159,-60],[-107,119],[-265,359],[-159,119],[-266,0],[-318,-119],[-159,-120],[-159,-119],[-584,-836],[-53,-179],[0,-358],[159,-776],[0,-299],[-106,-179],[-160,60],[-159,59],[-106,-59],[-53,-239],[0,-478],[0,-59],[-106,-359],[-213,-417],[-318,-239],[-796,-299],[-106,0],[-213,120],[-106,179],[-477,656],[-584,418],[-584,239],[-372,-955],[-2335,-119],[-637,-1254],[-796,1134],[-266,179],[-371,-298],[-106,-60],[-107,119],[-159,359],[-53,119],[-265,60],[-106,0],[-372,-299],[-425,-119],[-636,597],[-956,119],[-584,-179],[-212,-179],[-1221,-836],[-265,60],[-903,1015],[-318,298],[-319,179],[-318,60],[-849,-298],[-319,0],[-265,-60],[-372,-299],[-318,-358],[-212,-418],[0,-298],[106,-299],[53,-298],[-372,-358],[-106,-239],[-106,-239],[-106,-299],[-213,-298],[-159,-119],[-159,0],[-159,-180],[-159,-298],[-107,-358],[-159,-299],[-212,-119],[-531,0],[-318,-120],[-107,-119],[-159,-239],[-106,-418],[-53,-418],[-212,-358],[-372,-179],[-1327,239],[-318,298],[0,60],[-213,657],[-318,239],[-372,-239],[-212,-717],[0,-1014],[-265,-120],[-372,60],[-371,-418],[-54,-119],[0,-120],[0,-119],[107,-299],[53,-179],[0,-119],[-106,-60],[-266,239],[-902,119],[-212,-59],[-160,-239],[-159,-179],[-318,-120],[-213,-298],[-106,0],[-53,0],[-212,238],[-159,-358],[-54,-298],[-53,-239],[-159,-179],[-212,60],[-531,477],[-743,418],[-265,-60],[-372,-537],[-53,-179],[-53,-478],[0,-179],[-53,0],[-213,-418],[-318,-1074],[-159,-358],[-637,-896],[-372,-239],[-371,239],[-213,-298],[-530,-1015],[-266,-418],[-106,0],[-106,-60],[-106,60],[-106,0],[-266,537],[-212,0],[-265,-179],[-213,-179],[-265,179],[-266,418],[-318,0],[-478,597],[-265,119],[-1221,0],[-106,-59],[-265,-299],[-160,-119],[-159,0],[-1539,716],[-1062,0],[-212,0],[-159,-119],[-53,-239],[-107,-299],[-159,-59],[0,179],[-265,836],[-478,537],[-1751,895],[-372,60],[-106,119],[0,239],[-53,179],[0,418],[-106,538],[0,238],[-107,359],[-690,1253],[-530,418],[-637,179],[-1274,120],[-106,-120],[-53,-119],[-53,-119],[-54,-120],[-106,597],[-159,120],[-371,-239],[-266,-60],[-53,119],[0,299],[-53,597],[-159,-418],[-159,60],[-160,239],[-53,0],[-212,119],[0,239],[106,59],[212,180],[107,0],[-160,298],[-212,60],[-265,179],[-107,597],[0,358],[-212,1075],[-53,358],[-584,1313],[-212,120],[-1168,59],[-212,180],[-743,895],[-159,358],[-54,358],[-159,239],[-743,1075],[-159,358],[-372,1075],[-530,1134],[-107,119],[-106,239],[-159,657],[-106,537],[53,597],[-159,538],[-53,238],[-160,239],[-159,358],[-106,0],[0,-179],[-53,-119],[-106,119],[-53,179],[-53,120],[-107,59],[-53,60],[-371,120],[-106,119],[-106,-478],[-107,0],[-212,597],[-425,478],[-265,597],[-265,657],[-266,537],[-318,418],[-372,119],[-159,120],[-106,59],[-106,-119],[-53,-358],[-107,0],[-159,358],[-637,657],[-106,119],[-212,1493],[-478,716],[-584,1373],[-477,537],[-319,359],[-53,238],[-53,239],[159,358],[266,239],[106,120],[106,179],[-106,716],[-213,239],[-265,0],[-53,60],[-53,0],[-106,119],[0,537],[-213,-59],[-106,298],[-159,418],[-159,358],[-213,1015],[0,120],[0,119],[54,299],[106,358],[53,119],[106,418],[106,418],[53,358],[-106,179],[-212,0],[-106,120],[-54,119],[-265,478],[-159,119],[-1327,-179],[-637,-119],[-106,59],[-531,179],[212,239],[213,299],[530,1194],[160,298],[371,418],[319,239],[106,119],[106,239],[0,239],[0,179],[53,239],[106,179],[159,60],[107,179],[106,537],[106,358],[212,60],[531,-179],[637,119],[318,-59],[213,-299],[106,-119],[53,-60],[106,60],[53,119],[266,60],[371,0],[266,119],[-54,358],[-212,359],[-212,119],[-425,60],[159,298],[690,418],[160,179],[53,179],[-53,179],[-160,180],[-318,119],[-106,478],[106,537],[318,298],[319,717],[53,418],[-159,418],[-266,59],[-477,-418],[-213,239],[0,179],[160,597],[0,358],[-107,180],[-159,59],[-106,0],[-53,120],[-53,537],[212,776],[-53,657],[478,418],[212,298],[53,478],[-53,537],[-425,1552],[-53,60],[-53,60],[-53,59],[-53,120],[0,239],[53,59],[106,60],[0,119],[-53,1374],[160,417],[212,120],[159,-239],[212,-478],[1593,1194],[531,717],[212,239],[-53,1433],[159,298],[425,299],[159,417],[0,538],[-106,477],[-213,299],[-212,239],[53,716],[-106,716],[-265,538],[-319,239],[-478,-120],[-1008,657],[-372,-179],[-849,537],[-265,239],[159,298],[212,597],[106,180],[54,-180],[106,-119],[53,0],[106,60],[159,239],[584,537],[159,179],[53,298],[0,478],[53,358],[584,358],[584,-119],[1221,-716],[159,-239],[106,-299],[53,-358],[107,-358],[159,-299],[159,-179],[796,-179],[159,60],[160,239],[265,716],[212,299],[213,-956],[584,-119],[1167,478],[1062,238],[318,180],[-212,179],[-106,298],[-53,358],[-53,1135],[-106,716],[0,597],[212,418],[-106,239],[-106,657],[-160,119],[-265,239],[-106,179],[0,358],[159,179],[531,179],[212,299],[159,358],[106,478],[54,597],[-54,59],[-53,60],[-53,60],[-53,179],[53,59],[160,180],[0,59],[53,299],[53,239],[0,179],[-160,298],[956,1254],[531,537],[530,-179],[637,-298],[107,-60],[1008,-239],[425,-597],[1539,-3283],[159,-180],[106,-119],[372,-119],[159,-179],[478,-1194],[212,-299],[159,0],[106,119],[213,60],[212,-179],[265,-358],[319,-418],[106,-358],[159,-299],[584,-537],[372,-299],[1221,-537],[849,60],[3397,358],[1804,-299],[531,120],[1115,716],[3025,538],[637,-60],[584,-358],[425,-179],[424,59],[372,358],[478,956],[265,298],[318,120],[372,238],[-531,657],[-477,657],[-54,716],[0,717],[160,1432],[-53,418],[-107,179],[0,120],[213,358],[106,119],[265,120],[160,179],[424,1313],[212,359],[1434,477],[690,239],[212,179],[371,0],[266,-60],[902,239],[1805,-358],[159,60],[902,895],[1964,-59],[796,895],[0,179],[54,179],[-54,179],[0,239],[0,60],[160,537],[159,1373],[159,538],[266,238],[1326,538],[160,0],[159,-60],[159,-239],[319,-597],[159,-119],[690,179],[318,-60],[266,-537],[0,