{"type":"Topology","transform":{"scale":[0.000004788095761436428,0.0000036135914934640372],"translate":[-4.789847898478968,54.05698119373477]},"objects":{"IMN":{"type":"MultiPolygon","arcs":[[[0]]]}},"arcs":[[[36842,0],[-1504,3738],[-2256,0],[-2255,-934],[-3008,-935],[-3007,935],[-3760,4205],[-3007,935],[-4511,-1869],[-4512,-3271],[-3759,-2337],[-5263,1402],[0,1869],[752,935],[752,467],[1503,0],[1504,467],[-752,5608],[7519,7476],[1504,5141],[0,7943],[752,3739],[2255,4205],[752,2804],[0,1869],[0,935],[4511,934],[5264,2804],[4511,4205],[6015,4206],[3007,3271],[9023,17290],[5263,7476],[7519,5608],[11278,5140],[7518,1402],[3760,1401],[3759,935],[3759,-1402],[-1503,-3738],[-3760,-10280],[0,-3739],[1504,-2336],[752,-4673],[1504,-1869],[1503,-467],[3760,-468],[1504,-934],[1503,-1402],[752,-2804],[752,-2336],[-2256,-935],[-751,-934],[-3008,-4673],[-1504,-935],[-1503,-2336],[-1504,-2337],[-752,-2336],[-1504,-935],[-5263,-2336],[1504,-7477],[-4511,-4205],[-7519,-3271],[-6015,-4206],[752,-3271],[-12030,-6074],[-3008,-3271],[-752,-1870],[-3007,-934],[-3759,-935],[-2256,-934],[-1504,-1869],[-3007,-7477]]]}