{"type":"Topology","transform":{"scale":[0.000012348246963704474,0.0000220530396750647],"translate":[71.26091260912611,-7.432560089043719]},"objects":{"IOT":{"type":"MultiPolygon","arcs":[[[0]],[[1]],[[2]],[[3]],[[4]],[[5]],[[6]],[[7]],[[8]],[[9]]]}},"arcs":[[[95334,4211],[-291,-3905],[583,460],[2041,1454],[291,230],[292,77],[291,153],[292,383],[291,-230],[0,-230],[0,-306],[-291,-383],[-583,-459],[-2333,-1149],[-874,-306],[-583,1302],[583,2603],[-583,1072],[-583,230],[-2041,612],[-583,77],[-583,230],[-1750,1301],[875,-76],[4082,-1532],[1166,-536],[291,-1072]],[[98250,3599],[291,-383],[-291,230],[-292,382],[-291,307],[291,383],[1166,1378],[-583,1072],[-1749,1072],[-1458,1301],[875,-306],[2915,-2067],[875,-766],[-583,-612],[-875,-613],[-291,-766],[0,-306],[0,-306]],[[8163,35375],[-583,-153],[-291,0],[0,76],[0,77],[874,0]],[[292,47473],[-292,-153],[0,536],[0,153],[583,153],[0,-383],[0,-153],[-291,-153]],[[7289,55895],[-584,-229],[-291,382],[291,383],[292,230],[583,230],[583,0],[-291,-460],[-583,-536]],[[41691,90428],[-292,-77],[-583,307],[-292,76],[875,-76],[292,-77],[0,-153]],[[77842,95481],[0,-76],[583,459],[0,-306],[-292,-77],[-291,0]],[[38775,97396],[-291,0],[874,689],[0,-383],[-291,-230],[-292,-76]],[[40816,99463],[-292,77],[583,153],[-291,-230]],[[57142,99769],[0,-76],[-291,76],[0,77],[0,153],[291,0],[0,-77],[0,-153]]]}