{"type":"Topology","transform":{"scale":[0.00009784995698935478,0.00008312949029122819],"translate":[38.77418774187743,29.062660444931055]},"objects":{"IRQ":{"type":"MultiPolygon","arcs":[[[0]]]}},"arcs":[[[61221,97196],[-111,-345],[0,-122],[74,-224],[74,-81],[36,-20],[111,-21],[73,-61],[37,-81],[37,-183],[37,-61],[110,-20],[184,61],[110,20],[74,-40],[110,-122],[221,-122],[74,-102],[0,-121],[-111,-143],[-73,-325],[73,-203],[74,-203],[37,-264],[-37,-284],[-147,-224],[-368,-426],[-110,-285],[73,-223],[221,-122],[257,-61],[332,20],[147,-20],[110,-102],[110,-121],[111,-61],[110,-41],[147,0],[148,-81],[147,-203],[257,-427],[111,-264],[0,-223],[-221,-427],[-111,-427],[0,-243],[-36,-21],[-111,-61],[-36,-20],[-37,-203],[147,-162],[37,-41],[147,-122],[147,-142],[0,-163],[74,-101],[73,-81],[111,-122],[36,-163],[0,-101],[37,-122],[147,-122],[258,-122],[294,20],[589,224],[257,-21],[184,-223],[111,-305],[37,-264],[36,-528],[74,-203],[184,-244],[-258,-142],[74,-142],[184,-142],[147,-143],[37,-243],[0,-549],[37,-244],[331,-406],[110,-244],[-37,-243],[-110,-183],[-147,-244],[-37,-244],[37,-203],[184,-183],[220,-20],[221,61],[221,142],[184,41],[331,162],[294,21],[221,-82],[368,-142],[405,-345],[110,-81],[294,-41],[295,-264],[478,-650],[258,-609],[110,-163],[184,-61],[405,122],[110,-20],[184,-122],[184,20],[221,102],[220,203],[111,0],[110,-41],[111,-20],[331,122],[662,-41],[184,81],[184,102],[184,61],[184,0],[294,-122],[74,-20],[36,-41],[74,-244],[37,-81],[73,-61],[74,-61],[221,-101],[220,20],[405,81],[221,82],[147,101],[184,102],[221,-21],[184,-122],[73,-162],[-36,-183],[-111,-203],[-147,-142],[-331,-183],[-110,-203],[-184,-142],[-221,-21],[-368,21],[-515,-264],[-221,-41],[-736,20],[-184,-81],[-147,-142],[-73,-183],[-37,-203],[0,-203],[110,-467],[-37,-163],[-331,102],[-37,0],[-36,-21],[73,-243],[111,-224],[36,-61],[37,-40],[-37,-61],[-36,-41],[-74,-61],[-37,-81],[-37,-102],[0,-101],[148,-346],[662,-1015],[552,-488],[257,-264],[74,-365],[-37,-41],[-74,-122],[-110,-142],[-74,-163],[0,-182],[148,-102],[404,0],[148,-122],[-37,-305],[-221,-365],[-147,-345],[221,-244],[-74,-142],[-110,-61],[-148,-21],[-257,-81],[-184,41],[-74,0],[-294,-163],[-147,-142],[-147,-41],[-331,143],[-111,-21],[-110,41],[-221,142],[-147,41],[-74,-21],[-147,-223],[0,-61],[37,-142],[-37,-61],[-73,-41],[-111,0],[-73,-20],[-111,-102],[-73,-142],[0,-162],[36,-163],[111,-325],[-37,-223],[-74,-224],[-73,-284],[-184,-203],[-258,101],[-110,61],[-184,82],[-257,0],[-74,-244],[37,-305],[-74,-284],[-257,-183],[-295,-41],[-147,-40],[-73,-142],[-37,-143],[0,-243],[-37,-143],[-258,-325],[-73,-182],[147,-163],[74,-61],[110,-61],[74,-81],[36,-102],[0,-142],[74,-61],[37,-61],[36,-81],[37,-223],[0,-244],[37,-203],[110,-142],[37,-82],[0,-122],[-37,-142],[-36,-81],[-37,0],[-258,81],[-699,41],[-294,81],[-368,183],[-405,101],[-36,-325],[110,-487],[-37,-345],[-37,-102],[-73,-81],[-37,-81],[-74,-61],[-552,-122],[-110,-163],[331,-995],[111,-244],[220,-142],[184,163],[221,0],[221,-143],[147,-223],[74,-284],[-37,-285],[-111,-589],[-73,-101],[-147,-224],[0,-122],[36,-142],[74,-102],[74,-101],[0,-122],[-111,-142],[-404,-325],[-148,-163],[-257,-223],[-111,-264],[-110,-305],[-147,-325],[-74,-101],[-110,-61],[-221,-102],[221,-284],[221,-122],[257,-20],[331,40],[37,-20],[920,-1625],[147,-163],[147,-122],[147,-142],[74,-203],[37,-244],[73,-203],[111,-203],[110,-203],[184,-142],[478,-346],[37,-81],[37,-101],[0,-427],[37,-81],[184,40],[184,122],[294,285],[184,61],[478,20],[221,41],[-37,-366],[184,-183],[221,-142],[73,-264],[-110,-183],[-478,-284],[-184,-203],[184,-163],[294,-61],[331,41],[184,162],[37,41],[74,0],[36,0],[0,-20],[37,-21],[37,0],[37,-40],[331,-407],[147,-223],[74,-223],[36,-244],[0,-203],[37,-163],[368,-325],[405,-569],[294,-264],[147,-142],[111,-203],[0,-122],[-74,-244],[0,-81],[37,-122],[110,-81],[37,-102],[-73,-162],[-148,-163],[-294,-264],[-221,-162],[-147,-41],[-184,21],[-221,-21],[-184,-122],[-36,-142],[147,-122],[441,-40],[221,-82],[147,-142],[37,-162],[-74,-203],[-147,-163],[-147,-122],[-147,-162],[221,-467],[588,-82],[1214,143],[1104,-346],[994,-467],[294,-284],[956,-549],[37,-20],[479,-386],[662,-406],[441,-468],[3054,-2681],[331,-223],[331,-163],[295,-81],[367,41],[184,61],[479,264],[147,0],[552,-203],[221,-122],[147,-143],[110,-182],[184,-224],[258,-203],[73,-101],[0,-143],[-37,-61],[-73,-81],[-74,-223],[-37,-41],[0,-61],[74,-162],[37,-61],[294,-305],[74,-61],[36,-61],[184,-244],[37,-81],[111,-40],[73,-163],[184,-142],[37,-163],[0,-162],[-74,-122],[-36,-102],[-37,-121],[-37,-183],[0,-82],[74,-60],[183,-41],[111,-81],[73,-143],[111,-101],[147,-20],[184,-82],[37,-20],[147,-223],[257,-529],[148,-182],[368,-163],[73,-223],[74,-203],[331,-650],[73,-102],[184,-122],[111,-81],[37,-102],[73,-203],[37,-101],[147,-183],[405,-305],[147,-223],[0,-244],[-37,-284],[-1545,-4246],[-37,-2072],[-37,-2904],[3348,0],[111,-61],[37,-163],[-37,-5789],[0,-366],[1103,-162],[111,-41],[110,-61],[147,-182],[148,-244],[110,-264],[73,-528],[37,-122],[74,-81],[110,-61],[147,-21],[111,21],[368,61],[147,0],[110,-61],[111,-82],[184,-345],[331,-386],[404,-366],[74,-101],[37,-122],[37,-122],[-37,-142],[-74,-102],[-110,-81],[-74,-101],[0,-143],[0,-81],[147,-284],[184,-224],[74,-122],[0,-20],[221,-609],[0,-163],[110,-223],[37,-81],[73,-61],[148,-122],[147,-102],[294,-81],[74,-41],[0,-61],[257,0],[37,-122],[-110,-142],[-295,-61],[-1103,122],[-773,264],[-368,285],[-368,122],[-552,365],[-441,142],[-479,102],[-441,0],[-405,-102],[-699,-386],[-73,305],[-37,366],[-74,325],[-147,244],[110,-407],[0,-142],[0,-162],[-36,-143],[-37,-121],[73,-102],[0,-284],[-2207,1137],[-589,102],[-2649,0],[-588,-61],[-1619,-711],[-552,-366],[-331,-508],[-883,-2275],[-368,-711],[-74,-182],[-36,-346],[0,-122],[-221,-467],[-773,-1300],[-294,-812],[-147,-224],[-663,-751],[-625,-1097],[-1545,-1788],[-295,-325],[-441,-101],[-442,-102],[-184,-40],[-257,-61],[-478,-102],[-1067,102],[-773,81],[-773,61],[-772,81],[-773,81],[-1067,82],[-1030,101],[-1067,102],[-1030,101],[-1067,102],[-1030,81],[-1067,102],[-1030,101],[-810,81],[-809,61],[-846,82],[-810,81],[-919,81],[-74,41],[-74,20],[-36,20],[-74,21],[-809,670],[-957,792],[-993,813],[-957,812],[-956,813],[-1178,975],[-1177,975],[-1177,954],[-663,569],[-515,406],[-1177,975],[-1141,975],[-1177,975],[-1177,975],[-920,732],[-883,751],[-883,752],[-920,751],[-1067,894],[-772,670],[-221,183],[-957,853],[-956,853],[-994,854],[-846,771],[-883,752],[-846,752],[-883,751],[-662,610],[-920,548],[-883,528],[-920,528],[-883,549],[-883,528],[-920,548],[-883,528],[-883,549],[-919,528],[-883,548],[-883,529],[-920,548],[-883,528],[-920,549],[-883,528],[-883,548],[-920,528],[-1030,630],[-589,325],[-551,223],[-3459,671],[-846,142],[-2024,345],[-2023,346],[-2024,345],[-1986,345],[-37,0],[-37,-20],[-37,0],[-36,0],[0,81],[1250,1056],[258,366],[-221,812],[-147,366],[-221,142],[-1913,-548],[-110,61],[-74,183],[-515,1726],[0,20],[0,21],[810,264],[-700,2498],[-478,1768],[-478,1706],[-331,1279],[-442,1544],[-478,1727],[1141,670],[1140,650],[1104,670],[1140,671],[1141,670],[1104,670],[1140,671],[1141,650],[1140,670],[1104,670],[1140,671],[1141,670],[736,427],[368,223],[1140,670],[1141,671],[1140,670],[1472,873],[2539,671],[294,182],[221,325],[368,793],[1766,3290],[73,305],[37,305],[-110,2112],[-37,1971],[-37,284],[110,731],[442,1483],[73,1178],[111,366],[478,690],[331,508],[184,366],[37,365],[-37,1666],[-37,386],[-110,386],[-809,1645],[-258,589],[-37,203],[0,204],[331,3026],[74,325],[920,1666],[184,264],[331,142],[662,102],[3164,629],[258,143],[294,203],[1361,1401],[2061,2072],[1030,1056],[662,589],[331,224],[0,183],[-73,142],[-74,122],[-74,142],[479,41],[588,182],[883,143],[148,60],[36,82],[111,325],[1287,1747],[37,101],[37,81],[0,82],[74,101],[73,41],[478,203],[111,0],[110,-20],[111,-61],[36,-203],[74,-61],[846,-264],[405,-61],[441,142],[258,183],[405,162],[404,102],[331,20],[148,-41],[1361,-670],[73,-41],[74,0],[110,21],[74,81],[110,41],[184,20],[111,-20],[294,-183],[110,-102],[442,-203],[478,-365],[147,-61],[148,20],[220,81],[147,20],[148,-20],[73,-40],[184,