{"type":"Topology","transform":{"scale":[0.0000163803276049141,0.00003917538441512278],"translate":[34.248942489424905,29.489870494211374]},"objects":{"ISR":{"type":"MultiPolygon","arcs":[[[0]]]}},"arcs":[[[92087,83060],[-1099,-87],[-3297,-732],[-1978,-647],[-1098,-172],[-1319,43],[-1099,-259],[-1099,-431],[-439,-172],[-440,-87],[-220,-86],[0,-215],[220,-173],[659,-129],[0,-129],[-439,0],[0,-216],[220,-215],[219,-647],[440,-345],[-220,-129],[-220,0],[0,43],[0,86],[-219,-86],[-220,-259],[-440,173],[220,-517],[220,-173],[-879,0],[0,-172],[219,0],[440,0],[440,-216],[0,-129],[659,-216],[0,-129],[-659,-86],[-220,-129],[-220,-173],[-220,-172],[220,-43],[220,-43],[0,-43],[439,-44],[0,-172],[-439,-86],[-440,-86],[440,-173],[-879,-172],[219,-43],[220,0],[0,-130],[-439,0],[0,-172],[439,-129],[0,-87],[-220,-86],[-659,-43],[220,-259],[220,-86],[219,-129],[220,-172],[-4835,474],[-1538,129],[-1319,0],[-1538,172],[-440,647],[0,776],[-440,603],[-1978,431],[-1758,43],[-3736,-43],[-1099,130],[-1758,517],[-879,129],[0,43],[-1099,-43],[-879,-215],[-1539,-647],[-1978,-388],[-1758,-345],[-1758,-388],[-1099,-732],[-659,-1337],[-220,-431],[-440,-517],[-220,-86],[-879,-86],[-219,-86],[-220,-302],[-220,-819],[-220,-345],[660,-86],[439,-173],[220,-258],[-220,-345],[-439,-302],[-2418,-776],[-879,-387],[0,-216],[879,-819],[440,-431],[659,-2414],[0,-474],[0,-560],[0,-43],[0,-87],[0,-86],[0,-86],[0,-86],[-220,-776],[1099,-991],[879,-862],[-1758,-345],[-1539,-216],[-439,-345],[-220,-86],[659,-431],[1978,-129],[1099,0],[440,43],[439,129],[1099,388],[440,130],[879,-87],[3297,-517],[4176,-345],[1098,-258],[440,-302],[0,-431],[0,-560],[-220,-130],[-220,-43],[-439,43],[-220,130],[-3736,-302],[-1319,-173],[-1099,-344],[-1978,-776],[-5055,-1293],[-1099,-475],[0,-86],[-1098,-689],[-220,-690],[0,-733],[-440,-819],[-2637,-1638],[-879,-862],[659,-862],[1319,-345],[1538,-86],[1758,86],[1539,173],[3736,172],[7473,0],[3736,474],[6593,1983],[3517,733],[4175,129],[0,-43],[0,-1465],[0,-259],[-439,-560],[-1099,-1035],[-1099,-733],[440,-172],[0,-560],[-879,-561],[-660,-603],[220,-690],[659,-689],[660,-475],[879,-646],[439,-690],[-439,-733],[-2857,-2025],[-220,-776],[0,-776],[-659,-474],[-1759,-561],[-659,-258],[-879,-604],[-220,-560],[220,-603],[-220,-561],[-439,-215],[-1099,-345],[-440,-216],[-439,-301],[-220,-259],[-220,-646],[-440,-647],[-3516,-2586],[-2637,-3147],[-440,-603],[-879,-1035],[0,-603],[220,-259],[879,-517],[220,-388],[-220,-345],[-220,-258],[-439,-302],[-440,-302],[-659,-1336],[-440,-431],[0,-733],[1319,-1551],[0,-819],[-1099,-862],[-2418,-1423],[-879,-991],[0,-302],[-220,-215],[-219,-216],[-220,-215],[-440,-863],[-220,-1551],[-219,-517],[-2857,-2802],[-440,-647],[-220,-1422],[-659,-647],[-879,-474],[-440,-560],[-220,-690],[-219,-345],[-440,-215],[-879,-474],[-659,-302],[-220,-172],[0,-173],[-220,-86],[-439,0],[-660,0],[-439,0],[-440,388],[-1538,1034],[-440,604],[220,1767],[-1539,2629],[-2417,2414],[-2637,2673],[-440,1379],[0,172],[0,130],[0,172],[-220,129],[-2417,2457],[-3517,3750],[-2198,2112],[-659,388],[-3297,1035],[-439,258],[0,302],[0,431],[659,776],[0,345],[-659,301],[-879,474],[-440,431],[-220,1078],[-1318,2026],[-3736,3577],[-3077,2931],[-2418,2242],[-1758,2155],[-2418,2672],[-659,733],[879,302],[3297,819],[1978,862],[220,431],[-440,862],[0,431],[1319,905],[6813,2371],[879,215],[220,0],[1978,647],[0,560],[-1099,517],[-1758,561],[439,431],[1539,689],[5274,3319],[440,216],[3516,2758],[1539,1337],[1318,646],[1759,2242],[219,129],[-219,258],[0,130],[879,172],[5055,5474],[1978,3793],[1978,3362],[439,216],[220,1164],[439,345],[-219,344],[1538,2112],[220,2285],[439,517],[880,172],[879,-86],[1318,-258],[879,-87],[440,44],[2198,819],[220,215],[659,647],[220,344],[-220,302],[-659,129],[219,388],[440,1552],[879,819],[220,517],[-220,431],[220,86],[439,173],[220,86],[-439,173],[439,0],[4835,-130],[220,43],[659,216],[440,43],[440,0],[879,-86],[439,0],[2198,258],[659,0],[440,-86],[220,-43],[879,-172],[439,-259],[440,-302],[659,-258],[879,-43],[3297,301],[2857,431],[1978,87],[220,387],[1319,690],[439,431],[220,647],[220,1250],[439,560],[660,345],[219,388],[440,215],[879,43],[220,-172],[1099,-603],[879,-216],[220,-86],[219,86],[-219,474],[439,216],[879,43],[1099,86],[1099,345],[2418,862],[1098,86],[660,43],[879,86],[879,130],[659,172],[1099,388],[1099,862],[1099,388],[0,-172],[-220,-130],[-220,-431],[-219,-129],[0,-345],[-1099,-259],[-440,-172],[-1318,-215],[2197,-561],[-1978,-1034],[440,-173],[1758,-431],[220,-1207],[1319,-301],[219,-733],[-659,-474],[-659,-388],[0,-388],[2197,-345],[0,-345],[660,-2413],[439,-302],[1319,-862],[-879,-561],[-440,-43],[-879,-646],[-879,-776],[220,-302],[-440,-646],[-3077,-1293],[-1538,-862]]]}