{"type":"Topology","transform":{"scale":[0.00002185243704655565,0.000008206567597305939],"translate":[-78.37458374583746,17.70360115043013]},"objects":{"JAM":{"type":"MultiPolygon","arcs":[[[0]]]}},"arcs":[[[96539,37654],[330,-2058],[329,-2263],[824,-2881],[824,-2263],[1153,-2469],[-494,-823],[-2307,-1646],[-1647,-2264],[-989,-617],[-823,412],[329,617],[165,411],[165,1441],[-824,-617],[-659,-2881],[-824,-617],[-823,617],[-824,823],[-824,617],[-1318,-1234],[-3624,-823],[-2471,1028],[-330,-205],[-494,0],[-329,0],[-495,823],[-164,1234],[-165,1235],[0,1234],[-494,618],[-330,205],[-165,823],[-329,618],[-165,823],[-1483,823],[-329,411],[-659,823],[-988,-205],[-1648,-1029],[-659,-206],[-2471,206],[0,823],[5107,823],[-329,617],[-165,617],[-659,412],[-1318,0],[-989,0],[-988,1440],[-824,1235],[-494,823],[-165,-1235],[-329,-1234],[-494,-1646],[-165,-1029],[-659,206],[-165,-823],[-165,-2881],[-823,-7407],[-659,-2058],[-659,-1235],[-659,0],[-330,412],[-329,617],[-494,618],[-2636,0],[0,823],[988,823],[-494,1028],[-659,2264],[-494,823],[-495,617],[-1317,412],[-1154,-1029],[-1153,-1646],[-659,-3704],[-165,-1234],[330,-3293],[-330,-411],[-659,-823],[-329,-412],[165,-617],[164,-1235],[0,-823],[-494,618],[-494,0],[-494,-412],[-330,-823],[824,-1440],[824,-412],[823,206],[989,823],[494,-4732],[-165,-2058],[-1153,-823],[-988,0],[-824,617],[-824,1029],[-3954,9053],[-823,2470],[-3460,5144],[-988,1028],[-1154,206],[-823,-823],[-989,-1646],[-988,-206],[-1977,1441],[-1977,823],[-6096,-823],[-329,205],[-988,1646],[-1648,1852],[-329,823],[-165,1029],[-494,3086],[-165,1029],[-165,823],[-824,618],[-164,617],[-165,2469],[165,3086],[-330,2675],[-1153,1029],[-3130,0],[-824,823],[-988,6379],[-494,1234],[-330,617],[-494,618],[-330,205],[-329,824],[-165,1440],[-329,2880],[-824,4321],[-1153,1646],[-3295,-205],[-2142,823],[-659,0],[-494,-823],[-330,-618],[-329,206],[-1153,1235],[-659,411],[-1483,1029],[-824,206],[-823,617],[-659,1235],[-659,1851],[-165,2264],[329,1029],[659,1234],[330,1029],[0,1440],[0,3704],[165,1029],[329,1440],[0,1029],[165,411],[659,206],[494,617],[330,1441],[494,1029],[824,-618],[329,3498],[1483,3292],[1647,1235],[1153,-2263],[659,2057],[824,0],[824,-823],[988,-411],[2966,823],[988,0],[494,-412],[330,-411],[494,-206],[494,206],[494,823],[0,823],[0,823],[330,1234],[988,3498],[495,1029],[823,1029],[1813,617],[2141,0],[3789,-2058],[3130,-1851],[4448,-206],[1977,-1235],[3130,-617],[1318,-823],[824,-1440],[1483,1028],[2306,0],[2471,-617],[1648,-1234],[165,-412],[164,-1646],[330,-412],[165,0],[329,206],[165,412],[0,206],[1977,-824],[329,-411],[659,-1646],[330,-412],[1482,-205],[1483,617],[824,411],[659,-411],[988,-1029],[494,-206],[2636,206],[494,823],[824,206],[659,-206],[494,-206],[330,-1028],[-165,-1441],[0,-1646],[494,-1029],[1648,-2674],[1482,-2058],[165,-1235],[494,-3292],[165,-1029],[494,-617],[824,-617],[2471,-412],[659,-411],[659,-1029],[989,-2058],[659,-1234],[823,-617],[1483,205],[824,-1440],[164,0],[165,-617],[330,-412],[329,-411],[3460,0],[329,-206],[330,-1852],[165,-411],[3294,-1646],[1813,-1647],[164,-2469],[1318,-3292],[989,-3703],[1482,-8025]]]}