{"type":"Topology","transform":{"scale":[0.000002340046800702095,9.456127272614047e-7],"translate":[-2.2410224102241045,49.17192715196413]},"objects":{"JEY":{"type":"MultiPolygon","arcs":[[[0]]]}},"arcs":[[[67692,92856],[6153,-8928],[20000,-16072],[0,-10714],[1539,-5357],[3077,-5357],[1538,-3571],[-4615,-5357],[-1539,-7143],[0,-8929],[0,-10714],[-1538,-10714],[-3077,0],[-3077,3571],[-4615,3572],[-12308,0],[-7692,5357],[-9231,16071],[-4615,3572],[-3077,3571],[-3077,0],[-4615,-5357],[-3077,-10714],[-3077,-12500],[-3077,1785],[-6154,8929],[-4615,3571],[0,-1785],[-9231,-5357],[-4615,-1786],[3077,23214],[-3077,25000],[-3077,19642],[0,12500],[4615,3572],[6154,-3572],[7692,-7143],[6154,1786],[4615,1786],[4616,3571],[4615,7143],[3077,-5357],[9231,-3571],[4615,-5358],[3077,5358],[3077,1785],[6154,0]]]}