{"type":"Topology","transform":{"scale":[0.000043416868333024854,0.00004182647723976682],"translate":[34.9509495094951,29.189303740172264]},"objects":{"JOR":{"type":"MultiPolygon","arcs":[[[0]]]}},"arcs":[[[96599,70044],[-165,-81],[-498,-323],[-2736,-2261],[-747,-323],[-2653,-646],[-5141,-1332],[-5224,-1332],[-5141,-1332],[-4394,-1131],[-829,-202],[-4312,-1130],[-1410,-363],[-5638,-1534],[-5721,-1494],[-4810,-1292],[-912,-242],[2985,-2907],[2985,-2866],[83,-41],[2902,-2866],[3068,-2866],[0,-81],[83,-81],[83,-81],[83,-80],[2488,-2665],[2570,-2664],[2488,-2665],[2570,-2624],[1161,-1211],[0,-40],[-83,0],[-83,-81],[-1741,-848],[-2737,-1413],[-2570,-1251],[-497,-404],[-332,-444],[-663,-1454],[-830,-1816],[-746,-1696],[-995,-2220],[-497,-404],[-2737,-525],[-3068,-565],[-3316,-606],[-3317,-646],[-1990,-363],[-2073,-404],[-581,-282],[-580,-525],[-1244,-1938],[-1078,-1655],[-1409,-2180],[-1493,-2261],[-1741,-1332],[-2736,-2019],[-2405,-1816],[-2488,-1898],[-580,-202],[-663,-40],[-2405,404],[-2653,403],[-1327,202],[-2736,444],[-3400,525],[-3151,485],[-3648,565],[-2736,444],[-2488,404],[249,201],[166,2181],[165,605],[498,1009],[0,364],[-498,444],[-331,0],[0,81],[0,40],[0,40],[-166,0],[83,646],[166,525],[331,444],[249,606],[83,1332],[166,605],[1078,2625],[83,484],[83,1453],[165,808],[83,202],[83,202],[83,201],[0,283],[332,929],[912,1332],[415,807],[0,767],[-498,1454],[0,686],[166,404],[249,1251],[165,283],[166,282],[83,243],[83,322],[-83,364],[-331,484],[-83,243],[0,565],[331,969],[166,565],[995,2947],[1327,2422],[166,606],[83,605],[83,242],[165,283],[166,202],[415,323],[166,202],[83,525],[-83,565],[83,525],[331,565],[249,242],[663,525],[249,444],[0,727],[83,726],[1078,1898],[166,686],[-166,646],[-332,606],[-249,444],[-248,646],[-83,645],[249,566],[331,525],[0,524],[-166,162],[415,686],[415,969],[165,525],[0,242],[0,1373],[0,40],[0,-40],[0,40],[0,40],[166,1777],[332,1736],[497,1049],[581,1211],[746,727],[-497,1292],[0,162],[248,282],[-580,1938],[83,202],[166,40],[166,41],[82,121],[0,201],[-82,243],[-83,202],[0,323],[-83,282],[-249,525],[0,1130],[83,404],[414,283],[-248,282],[0,283],[414,605],[-166,122],[0,161],[166,81],[166,80],[0,202],[-83,283],[83,363],[332,1131],[-332,0],[0,161],[83,81],[83,40],[166,81],[-249,283],[-83,444],[83,444],[83,282],[-249,364],[0,726],[-83,202],[0,202],[166,0],[0,-202],[166,0],[-83,242],[-83,162],[-83,161],[-83,122],[-83,80],[-83,243],[249,40],[83,81],[0,80],[-166,121],[0,162],[166,0],[0,121],[-83,0],[-83,40],[332,162],[-166,161],[166,81],[166,81],[0,161],[-166,41],[0,40],[-83,41],[-83,40],[83,161],[83,162],[83,121],[249,81],[0,121],[-249,202],[0,121],[-166,202],[-166,0],[-83,0],[0,161],[332,0],[-83,162],[-83,484],[166,-161],[83,242],[83,81],[0,-81],[0,-41],[83,0],[83,122],[-166,323],[-83,605],[-83,202],[0,202],[166,0],[0,121],[-249,121],[-83,161],[0,202],[83,81],[166,81],[166,161],[414,404],[415,242],[497,-40],[415,161],[746,606],[1244,686],[415,81],[165,81],[83,40],[166,-40],[83,-81],[249,-242],[2404,-485],[249,-121],[415,-363],[83,0],[331,0],[83,-41],[0,-161],[0,-161],[-83,-122],[-82,41],[248,-242],[166,-162],[249,-81],[332,41],[497,-41],[166,-242],[-83,-404],[0,-444],[249,-403],[995,-1413],[166,-283],[0,-81],[82,-40],[249,0],[332,0],[829,121],[166,-40],[249,-81],[166,0],[82,40],[249,202],[166,40],[249,-121],[746,-686],[1493,-888],[1990,-1696],[331,-161],[498,-121],[1244,-121],[414,-202],[829,-81],[3151,-323],[829,-565],[415,202],[497,0],[1493,-364],[249,0],[331,81],[3732,2221],[3482,2018],[2571,1453],[3980,2221],[1824,1009],[2073,1211],[3980,2221],[3897,2220],[2985,1615],[3980,2220],[1990,1050],[4892,2705],[5639,3068],[1078,-3432],[995,-3068],[746,-2543],[1078,-3391],[1078,-3513],[1575,-4965],[-1824,-525],[0,-40],[0,-41],[1161,-3431],[166,-364],[249,-121],[4311,1090],[498,-282],[331,-727],[498,-1615],[-580,-727],[-2820,-2099],[0,-161]]]}