{"type":"Topology","transform":{"scale":[0.00007995759914398708,0.0000970772780183366],"translate":[33.888938889388896,-4.6768019845951585]},"objects":{"KEN":{"type":"MultiPolygon","arcs":[[[0]],[[1]]]}},"arcs":[[[90949,26630],[-90,-208],[-225,-35],[-135,226],[0,-122],[-45,-104],[-45,-87],[-45,-35],[-45,-17],[-45,-35],[-45,-17],[-45,-18],[-90,18],[-90,52],[-45,52],[0,17],[-181,-17],[-225,-52],[-450,-209],[-135,70],[-90,-18],[-90,-87],[-45,-139],[90,-87],[135,-52],[90,-87],[-45,-104],[-135,0],[-135,69],[-45,105],[0,121],[-315,-52],[0,244],[180,313],[180,243],[225,105],[270,69],[270,105],[90,208],[180,139],[316,-17],[360,-104],[270,-122],[225,-331]],[[25394,95755],[45,-174],[180,-244],[0,-191],[-45,-209],[0,-174],[90,-156],[225,-105],[495,-347],[270,-140],[271,-69],[45,0],[1846,17],[405,52],[135,0],[135,-34],[225,-87],[135,-18],[2341,35],[1936,35],[136,-18],[180,-87],[90,-17],[2431,17],[720,-173],[901,-366],[540,-104],[90,-70],[225,-278],[90,-52],[225,17],[91,-17],[90,-105],[45,-87],[90,-243],[45,-52],[45,0],[90,0],[45,-18],[675,-365],[1216,-643],[1215,-644],[1441,-748],[1036,-539],[1125,-609],[1306,-696],[1171,-626],[1260,-661],[361,-191],[270,-192],[315,-434],[180,-174],[180,-87],[360,-87],[270,-209],[181,-17],[360,86],[405,18],[1351,-122],[1305,-122],[721,53],[630,226],[0,52],[0,87],[45,87],[90,52],[90,-35],[225,-156],[90,-105],[45,-69],[45,-70],[181,-35],[135,-17],[90,17],[180,53],[0,-35],[45,-52],[45,-35],[720,-52],[0,69],[45,157],[0,69],[315,-365],[181,-174],[270,-104],[1215,-279],[946,-208],[315,17],[540,87],[180,-35],[180,-52],[226,0],[720,122],[90,-18],[180,-69],[1126,-418],[495,-87],[450,0],[496,244],[90,35],[135,-18],[90,-104],[-135,-191],[1575,-35],[361,-105],[135,-121],[45,-139],[90,-140],[225,-104],[405,17],[180,279],[270,678],[361,331],[810,608],[991,748],[225,244],[225,330],[315,748],[270,540],[225,260],[1081,418],[1080,435],[1216,487],[585,226],[45,52],[0,70],[0,52],[135,-18],[0,-17],[45,-17],[46,17],[1260,348],[991,296],[90,52],[45,156],[90,53],[1621,521],[1305,418],[1036,330],[810,418],[271,-296],[765,-417],[270,-296],[225,-313],[135,-105],[225,-104],[586,-156],[225,-105],[315,-243],[811,-922],[540,-366],[630,-191],[630,-69],[1261,52],[1441,69],[630,157],[315,0],[991,209],[225,-18],[315,-104],[180,-35],[180,35],[541,261],[585,-157],[540,-243],[541,-87],[630,278],[-1036,-1235],[-1035,-1235],[-1081,-1235],[-1035,-1235],[-631,-765],[-675,-766],[-630,-765],[-676,-765],[-990,-835],[-1036,-835],[-1035,-835],[-1036,-835],[-405,-348],[-180,-296],[0,-539],[0,-1339],[45,-1392],[0,-748],[0,-1095],[0,-1114],[0,-1095],[0,-1096],[0,-1287],[0,-1288],[0,-1287],[0,-1287],[0,-1287],[0,-1287],[0,-174],[0,-1113],[0,-1288],[0,-1287],[0,-1287],[0,-1287],[0,-1287],[0,-1287],[0,-1288],[0,-1287],[0,-1287],[0,-835],[0,-696],[0,-695],[45,-1131],[0,-1113],[0,-1114],[45,-1130],[0,-713],[0,-731],[45,-783],[315,-347],[315,-331],[315,-348],[316,-330],[630,-661],[630,-679],[676,-730],[585,-609],[630,-661],[631,-678],[630,-679],[630,-661],[496,-522],[135,-226],[45,-191],[-45,-644],[0,-208],[-946,-800],[-450,-574],[-90,-174],[-270,-140],[-721,-539],[-405,-452],[-270,-122],[-180,192],[-270,-70],[-180,17],[-180,105],[0,226],[-226,-209],[-90,-243],[-90,-244],[-360,35],[-495,87],[-90,0],[-180,-70],[-225,-226],[-361,-122],[-135,-139],[-135,-104],[-180,0],[-180,69],[-90,70],[-90,104],[-45,140],[0,156],[135,278],[-45,140],[0,139],[45,121],[180,227],[-450,-279],[-45,-1200],[-270,-278],[-225,139],[-226,644],[-225,139],[-135,52],[-135,122],[-90,34],[-180,-156],[90,-139],[45,-139],[-45,-140],[225,70],[135,-35],[135,-104],[45,-174],[-45,-70],[-135,-52],[0,-52],[45,-104],[90,-18],[90,-17],[45,-70],[0,-765],[90,-383],[136,-261],[135,-35],[135,18],[135,0],[180,-104],[135,-140],[0,-121],[-135,-261],[-315,-313],[-270,-53],[-46,122],[406,174],[-225,52],[-181,105],[-270,261],[-45,87],[0,52],[0,35],[-135,52],[0,-35],[-90,-17],[-180,-35],[-315,-139],[-270,-279],[-270,-191],[-271,122],[46,-87],[0,-105],[90,-69],[90,-35],[45,-17],[0,-70],[-90,-122],[90,-139],[360,-191],[90,-157],[-180,-226],[-315,-278],[-406,-244],[-585,-191],[-765,-748],[-406,-139],[-405,69],[-360,140],[-405,69],[-405,-35],[-1261,-330],[-540,-296],[-316,-87],[-360,-191],[-630,-418],[-135,-121],[-90,-140],[-270,-434],[-361,-383],[-45,-174],[0,-87],[226,-209],[0,-69],[-45,-157],[0,-87],[-271,-661],[0,-330],[271,-174],[-91,-261],[136,-122],[270,18],[270,156],[0,-104],[-90,-122],[-450,-348],[-271,-296],[-45,-121],[-45,-522],[-90,-174],[-405,-505],[-45,-139],[135,-365],[0,-191],[-45,-157],[-135,-156],[-135,-122],[-180,-105],[-585,-226],[-181,-87],[-315,-295],[-180,-105],[-180,-35],[90,174],[135,401],[0,139],[-225,-35],[-90,-104],[0,-140],[0,-139],[-45,-104],[-45,-244],[0,-69],[45,-52],[45,-53],[-225,-295],[-270,-557],[-315,-435],[-135,-591],[-136,-244],[-180,-121],[-90,-18],[-270,87],[-45,35],[-180,156],[-45,18],[-360,17],[45,87],[45,52],[-135,70],[-135,-174],[45,-157],[180,-104],[225,0],[-135,-139],[45,-122],[180,-52],[450,157],[135,-87],[45,-157],[45,-157],[0,-330],[-1035,-2279],[-315,-261],[-361,-34],[-270,139],[45,365],[-315,-139],[-45,-70],[45,-104],[90,-104],[0,-105],[90,-87],[135,-87],[270,18],[136,-70],[-45,-174],[-271,-243],[-45,-70],[-45,-87],[-90,-122],[-90,-121],[-90,-53],[-135,53],[-90,243],[-90,52],[-90,122],[45,244],[-45,139],[-225,-157],[-315,157],[-135,17],[-135,-104],[135,-87],[135,-52],[315,-70],[-90,-174],[-90,-87],[-405,-87],[-136,0],[-135,18],[-135,-18],[-45,-69],[45,-209],[0,-104],[45,-105],[180,191],[451,35],[405,-104],[270,-191],[-45,-261],[-630,-870],[-406,-852],[-405,-1253],[-135,-295],[-135,139],[-90,-18],[-90,-87],[-135,-121],[0,-53],[0,-121],[-45,-70],[-180,-122],[-45,-52],[-405,-1061],[-90,191],[45,296],[-45,157],[-181,-105],[-90,-139],[-45,-174],[-90,-139],[-90,0],[-90,35],[-90,0],[0,-157],[0,-87],[225,-208],[-135,-157],[-450,-52],[-450,104],[-315,296],[0,-52],[-91,-157],[-360,105],[-270,-227],[-225,-295],[-225,-139],[-90,-18],[-45,0],[0,-17],[-45,-35],[-1081,626],[-1080,626],[-1036,644],[-1080,626],[-1081,626],[-1036,644],[-1080,626],[-1081,644],[-1080,626],[-45,52],[-991,574],[-1081,644],[-1080,626],[-1036,626],[-1080,644],[-1081,626],[-1080,643],[-676,400],[-135,192],[-135,209],[-225,626],[-90,156],[-180,139],[-225,87],[-270,70],[-271,17],[-585,-34],[-45,139],[90,208],[45,157],[-45,87],[-225,17],[-90,87],[0,105],[0,121],[90,105],[45,104],[180,157],[270,191],[315,122],[226,17],[0,192],[45,139],[135,87],[225,17],[-270,1252],[-45,140],[-181,1113],[-225,261],[-1035,469],[-1711,801],[-946,434],[-2701,1235],[-2702,1235],[-2656,1235],[-2701,1235],[-2657,1235],[-2701,1235],[-2702,1235],[-2656,1235],[-2702,1235],[-2116,974],[-585,261],[-2657,1235],[-2701,1235],[-630,296],[-2026,939],[-2702,1235],[-2701,1235],[-946,435],[-450,17],[-180,87],[0,279],[-180,0],[-90,0],[-946,0],[-45,2087],[-45,1409],[180,1478],[315,2122],[225,1636],[0,400],[-405,1061],[-405,1061],[45,208],[720,801],[135,104],[991,1113],[450,278],[135,140],[0,208],[-135,383],[0,191],[45,87],[225,209],[90,104],[45,87],[271,1027],[45,34],[180,314],[405,208],[495,157],[405,174],[316,261],[180,435],[45,243],[45,122],[90,104],[810,331],[225,156],[180,418],[361,382],[315,661],[45,209],[45,452],[45,226],[90,209],[135,191],[270,209],[180,-52],[225,-87],[226,35],[45,0],[45,104],[90,87],[0,226],[90,192],[630,121],[405,331],[270,139],[1036,87],[360,139],[180,418],[-135,417],[-225,418],[0,191],[-45,174],[765,504],[271,835],[270,348],[135,52],[270,35],[90,52],[135,105],[90,121],[405,679],[90,226],[0,2000],[45,122],[226,261],[45,104],[-45,105],[-316,226],[-90,121],[-90,174],[-45,209],[0,209],[0,209],[135,452],[0,191],[-585,1131],[-225,452],[-495,957],[-90,400],[135,261],[225,139],[270,122],[180,174],[0,243],[-90,174],[-360,278],[-45,209],[-90,504],[-135,140],[-90,-18],[-91,-69],[-90,-87],[-180,17],[-135,87],[-495,905],[-225,904],[-225,644],[-45,87],[-90,87],[-90,17],[-361,139],[0,35],[-45,17],[0,35],[-45,35],[-45,17],[-45,-17],[-45,-87],[0,-18],[-90,-17],[-135,-87],[-45,-35],[-180,35],[-135,104],[-180,244],[-405,365],[-135,174],[-361,1566],[-135,208],