{"type":"Topology","transform":{"scale":[0.00011030620611309176,0.000040728891038481],"translate":[69.22689226892271,39.1890583324176]},"objects":{"KGZ":{"type":"MultiPolygon","arcs":[[[0],[1],[2],[3]]]}},"arcs":[[[99575,73673],[65,-374],[33,-787],[32,-415],[98,-373],[98,-290],[98,-332],[0,-497],[-228,-747],[-457,-331],[-2285,41],[-457,-249],[-326,-248],[-163,-249],[-98,-373],[-98,-415],[-98,-912],[-98,-456],[-326,-622],[-392,-83],[-424,0],[-425,-207],[-489,-705],[-588,-456],[-718,-995],[-195,-166],[-196,0],[-588,373],[-196,-124],[-163,-207],[-424,-830],[-196,-290],[-196,-166],[-424,-207],[-359,-249],[-1012,-1492],[-555,-249],[-163,-166],[-816,-1161],[-1207,-995],[-131,-124],[-130,-207],[-66,-290],[-65,-622],[-98,-208],[-326,-331],[-653,-249],[-848,-1327],[-359,-373],[-164,-207],[-163,-373],[-32,-456],[163,-954],[32,-415],[-97,-414],[-164,-290],[-359,-456],[-163,-291],[-228,-704],[-163,-664],[-229,-953],[-130,-415],[-131,-290],[-914,-1617],[-163,-124],[-196,41],[-359,332],[-1175,331],[-326,0],[-294,-207],[-1207,-1327],[-131,-82],[-163,-42],[-490,42],[-685,-415],[-261,41],[-261,291],[-522,414],[-490,249],[-294,-41],[-522,-332],[-1142,124],[-261,208],[-490,497],[-261,124],[-979,-456],[-326,-331],[-262,-456],[-130,-415],[-326,-497],[-164,-291],[-65,-456],[33,-497],[65,-456],[33,-498],[-98,-497],[-131,-332],[-359,-415],[-294,-539],[-261,-746],[-130,-870],[-65,-2488],[-33,-415],[-98,-331],[-490,-788],[-228,-746],[-294,-1741],[-196,-664],[-261,-539],[-783,-1078],[-294,-580],[-163,-83],[-98,290],[-163,1493],[-98,414],[-261,208],[-261,-622],[-261,-788],[-327,-415],[-163,83],[-326,415],[-163,83],[-229,-42],[-816,-787],[-130,-374],[-98,-414],[-131,-415],[-195,-248],[-196,-83],[-196,41],[-588,290],[-195,42],[-196,-42],[-424,-373],[-196,-41],[-163,331],[-66,456],[-163,1078],[0,456],[65,456],[131,332],[98,332],[-33,456],[-98,249],[-261,497],[-98,332],[-65,456],[-33,1368],[-163,1078],[-261,497],[-326,0],[-392,-456],[-1958,-3275],[-98,-124],[-98,-42],[-131,-83],[-32,-207],[-33,-207],[-65,-208],[-196,-82],[-163,165],[-163,249],[-163,125],[-229,-83],[-424,-415],[-261,-83],[-327,166],[-326,290],[-783,1120],[-196,207],[-196,-42],[-33,-83],[-97,-331],[-33,-249],[-33,-83],[-65,-456],[-98,-539],[-65,-497],[65,-374],[424,-787],[98,-332],[66,-829],[-262,-124],[-783,414],[-196,0],[-163,-166],[-457,-953],[-163,-249],[-359,-373],[-294,-498],[-816,-1824],[-946,-1617],[-326,-290],[-294,-83],[-294,83],[-294,249],[-326,124],[-326,-83],[-294,-249],[-294,-414],[-294,-290],[-587,-166],[-261,-415],[-65,-249],[-98,-290],[-33,-331],[-33,-332],[-65,-581],[-130,-414],[-196,-415],[-131,-456],[-65,-1036],[-33,-290],[-65,-208],[-261,-456],[-131,-331],[-65,-456],[-65,-457],[32,-497],[66,-498],[130,-165],[163,-42],[164,-249],[130,-414],[66,-539],[32,-1037],[229,-1326],[-66,-249],[-195,-249],[-164,-290],[-98,-332],[-98,-539],[-97,-870],[-98,-332],[-164,-207],[-1697,-456],[-261,248],[-848,208],[-294,-83],[-1012,-498],[-228,-331],[-65,-373],[0,-332],[-66,-249],[-522,-207],[-914,-705],[-293,-41],[-327,207],[-163,166],[-98,83],[-130,-83],[-425,-498],[-130,0],[-164,125],[-587,248],[-163,42],[-392,-208],[-163,0],[-1664,913],[-164,41],[-130,-124],[-98,-166],[-196,-456],[-98,-125],[-130,0],[-229,332],[-163,83],[-98,-124],[-261,-622],[-163,-42],[-131,0],[-326,166],[-131,0],[-359,-373],[-195,-42],[-164,-124],[-98,-373],[-228,-1327],[-359,-1700],[-98,-41],[-98,290],[-98,415],[0,207],[0,207],[-32,166],[-196,208],[-131,207],[-98,124],[-391,125],[-164,165],[-97,374],[0,497],[-66,622],[-98,539],[-163,249],[-163,-42],[-326,-373],[-327,-124],[-163,-166],[-881,-1327],[-326,-290],[-327,-83],[-196,83],[-163,290],[-130,373],[-66,498],[33,497],[65,332],[131,249],[98,373],[32,497],[0,622],[-98,581],[-130,248],[-196,0],[-914,-414],[-424,41],[-392,373],[-195,830],[97,414],[229,705],[33,373],[-66,373],[-130,373],[-163,291],[-294,414],[-163,-41],[-294,-332],[-261,-83],[-98,-83],[-65,-83],[-131,-290],[-65,-83],[-327,-373],[-98,-207],[-293,-705],[-98,-124],[-131,0],[-489,207],[-392,-42],[-392,-248],[-293,-373],[-196,-705],[-131,-788],[-163,-705],[-294,-290],[-228,124],[-228,332],[-196,166],[-196,-166],[-98,-249],[-65,-83],[-98,42],[-131,0],[-98,-83],[-293,-332],[-229,-83],[-294,125],[-228,290],[-131,497],[0,332],[33,290],[33,373],[-66,332],[-97,166],[-196,166],[-98,166],[0,41],[-196,1161],[-98,539],[-228,332],[-164,41],[-326,-124],[-163,41],[-131,124],[-196,415],[-130,83],[-131,-41],[-293,-249],[-164,-42],[-97,-83],[-33,-124],[-65,-124],[-33,-83],[-98,0],[-196,124],[-98,42],[-130,-125],[-783,-1244],[-164,-83],[-163,125],[0,373],[65,871],[0,414],[-32,456],[-98,249],[-131,-249],[-261,-1119],[-65,-249],[-131,-83],[-163,125],[-293,331],[-196,125],[-196,0],[-196,-125],[-130,-290],[-164,-415],[-65,-124],[-294,249],[-359,83],[-685,-290],[-359,207],[-392,456],[-359,249],[-359,83],[-783,-83],[-163,-166],[-294,-539],[-163,-207],[-163,-125],[-163,-41],[-229,0],[-392,-125],[-163,125],[-228,497],[-65,42],[-66,-42],[-32,-166],[-33,-207],[-65,-166],[-359,-331],[-131,621],[65,2903],[-32,456],[-65,414],[-131,332],[-163,290],[-131,332],[-65,456],[33,953],[98,954],[424,2612],[163,829],[33,249],[0,124],[32,83],[131,-83],[261,-622],[457,-1534],[848,622],[0,332],[-195,788],[0,165],[0,166],[-33,166],[-33,166],[-65,746],[33,622],[163,580],[196,581],[0,166],[65,414],[33,83],[65,-41],[98,-373],[65,-125],[131,0],[163,42],[3557,2653],[327,-83],[1305,-1783],[196,-124],[424,83],[229,-41],[195,-208],[131,-290],[98,-373],[163,-332],[163,-166],[327,-83],[326,-290],[718,-248],[228,-166],[229,-291],[98,-414],[-163,-539],[-131,-249],[-163,-124],[-131,-208],[-98,-373],[-98,-456],[-32,-414],[65,-332],[196,-124],[98,207],[65,539],[65,207],[98,125],[392,0],[196,165],[163,249],[163,332],[131,456],[65,829],[0,746],[33,664],[261,456],[555,414],[130,166],[359,622],[65,124],[33,83],[33,0],[65,-41],[33,-42],[0,-41],[163,166],[65,124],[131,83],[456,-207],[294,166],[294,497],[163,581],[-196,580],[327,705],[522,207],[1077,-332],[261,83],[130,415],[98,539],[131,415],[130,82],[98,-124],[66,-290],[98,-207],[130,-125],[163,0],[261,42],[196,-42],[294,-539],[392,-249],[98,-290],[65,-373],[163,-332],[196,-248],[196,-166],[424,-166],[228,41],[98,291],[0,414],[66,456],[163,332],[163,-290],[130,-581],[66,-497],[0,-995],[32,-373],[196,-166],[131,83],[489,580],[131,290],[98,332],[163,788],[294,580],[326,42],[359,-208],[359,-41],[98,83],[65,0],[65,-42],[98,-83],[164,-41],[130,41],[33,291],[-33,166],[-65,82],[-65,125],[-262,249],[-163,248],[-65,373],[33,332],[783,829],[261,498],[131,705],[32,456],[98,248],[588,664],[163,83],[424,41],[65,42],[164,-42],[65,-166],[32,0],[-65,-248],[-130,-83],[-131,-42],[-130,-41],[-33,-249],[130,-83],[392,41],[131,-82],[554,-664],[229,-166],[228,83],[164,498],[97,622],[33,580],[-65,290],[-33,208],[-391,580],[-98,249],[0,249],[65,414],[0,456],[-196,664],[33,414],[261,249],[326,-539],[294,-746],[261,-249],[326,-124],[653,-871],[359,41],[131,208],[98,290],[32,373],[33,373],[65,373],[163,0],[327,-290],[261,249],[98,1617],[228,705],[326,290],[653,331],[783,995],[849,664],[424,497],[261,747],[-32,497],[-65,41],[-229,83],[-522,-41],[-196,249],[-131,373],[-130,207],[-685,-663],[-392,-581],[-131,-41],[33,414],[-33,705],[-359,208],[-1175,-249],[-391,124],[-359,290],[-261,664],[-392,1244],[-196,124],[-196,41],[-163,166],[0,581],[0,124],[0,124],[-32,125],[-33,41],[-490,125],[-261,165],[-195,208],[-262,870],[-97,166],[-164,-290],[-65,-166],[-98,-663],[-65,-125],[-326,-82],[-523,-332],[-293,-166],[130,580],[65,456],[0,457],[-98,1285],[0,705],[-65,663],[-98,497],[-228,249],[-229,-41],[-195,-291],[-196,-373],[-261,-331],[-164,166],[-130,414],[-229,373],[-718,-249],[-228,249],[-65,1037],[32,1036],[-65,788],[-130,746],[-849,2571],[-65,165],[-98,42],[-65,-83],[0,-539],[-66,-124],[-98,83],[-32,373],[-98,83],[-33,-125],[-65,-249],[-33,-207],[-98,42],[0,331],[164,1368],[0,498],[-33,497],[-131,332],[-195,42],[-196,-166],[-131,-249],[-163,-954],[98,-414],[261,-663],[33,-457],[-66,-497],[-130,-829],[-294,-1327],[-228,-539],[-327,-124],[-391,373],[-425,829],[-130,42],[-65,