{"type":"Topology","transform":{"scale":[0.000052957059135887154,0.00004289029155793619],"translate":[102.31482314823148,10.41570165361641]},"objects":{"KHM":{"type":"MultiPolygon","arcs":[[[0]],[[1]],[[2]],[[3]],[[4]],[[5]]]}},"arcs":[[[28144,1102],[-204,-236],[-272,40],[-272,39],[-272,197],[-136,393],[136,40],[68,79],[204,196],[-136,276],[68,157],[136,79],[272,-39],[272,-236],[136,-473],[0,-512]],[[18966,3701],[136,0],[68,118],[68,118],[68,-39],[0,-79],[0,-158],[-68,-196],[-68,-237],[-136,-197],[-203,158],[-408,709],[-68,393],[68,315],[204,118],[204,40],[135,-79],[68,-157],[-203,-315],[0,-119],[0,-118],[0,-157],[135,-118]],[[18151,7598],[136,-39],[136,0],[68,-39],[68,-158],[68,-118],[136,0],[203,-118],[0,-354],[-271,-79],[-204,-158],[-204,-196],[-136,-355],[-136,158],[-68,275],[-68,276],[0,79],[0,78],[-612,276],[-272,276],[-272,354],[-68,315],[204,315],[408,157],[272,-79],[272,-275],[204,-276],[68,-78],[68,-158],[0,-79]],[[12848,23346],[0,-118],[204,236],[204,40],[136,-158],[272,-590],[0,-237],[-68,-236],[68,-315],[68,-275],[68,-197],[68,-158],[-136,-157],[136,-315],[0,-433],[-136,-433],[-68,-276],[-272,-157],[-340,0],[-136,118],[68,197],[-204,275],[-68,473],[0,866],[-136,984],[0,591],[136,472],[68,-79],[68,-118]],[[13596,23701],[-68,-158],[-204,39],[0,237],[68,551],[-204,354],[-204,433],[-136,433],[272,355],[340,-237],[68,-78],[0,-118],[0,-119],[0,-78],[68,-197],[204,-394],[68,-197],[0,-157],[-68,-197],[-204,-472]],[[40312,79],[0,157],[-340,473],[-204,157],[-271,-157],[-612,826],[-204,158],[-612,0],[-272,-158],[-204,-78],[-136,78],[-136,355],[-68,1023],[-272,197],[-68,79],[-272,315],[-68,118],[-136,-39],[-136,-118],[-135,-40],[-136,197],[-272,-472],[-544,-40],[-952,315],[-272,-39],[-476,-158],[-340,40],[-1835,630],[-272,39],[-272,79],[-544,551],[0,157],[-408,945],[-68,0],[-272,0],[-68,40],[0,78],[0,118],[0,79],[-68,158],[0,354],[-67,118],[-136,-472],[0,-473],[136,-866],[-68,-433],[-136,-394],[-408,-708],[-272,-276],[-204,-157],[-340,-40],[-476,0],[-204,40],[-136,118],[-68,157],[-136,158],[-204,78],[-340,0],[-136,79],[0,-157],[408,-276],[340,-433],[136,-394],[-408,-157],[-612,39],[-747,-197],[-340,0],[-204,118],[-136,355],[-68,315],[0,157],[0,79],[-68,276],[-68,118],[-136,0],[-136,-40],[-68,-78],[-68,-40],[-136,40],[-136,118],[-204,157],[-136,551],[-204,237],[-340,354],[-340,-158],[-68,276],[68,433],[272,236],[136,158],[204,393],[136,473],[68,315],[340,551],[748,276],[1428,78],[67,0],[68,0],[0,40],[0,118],[-271,79],[-68,157],[136,984],[68,197],[135,158],[204,157],[204,197],[204,315],[68,275],[-68,906],[-272,827],[-543,1141],[-340,1182],[272,787],[-408,315],[-136,118],[-612,79],[-204,118],[-136,157],[-272,827],[-408,433],[-544,236],[-544,79],[68,-79],[68,-78],[-271,-473],[-136,0],[-68,158],[-68,78],[-272,79],[0,-157],[136,-276],[-136,-354],[-340,-630],[340,197],[68,-236],[-136,-434],[-476,-1063],[-136,-433],[-68,-511],[-204,-630],[-68,-276],[68,-197],[68,-393],[0,-276],[-68,-354],[-272,-197],[-272,-79],[-272,79],[-68,-118],[-136,-79],[-204,-118],[-136,551],[-408,315],[-475,276],[-408,275],[-748,-551],[-340,-394],[68,-315],[-272,0],[-204,-39],[-204,-118],[-68,-158],[-408,197],[-408,79],[-203,118],[203,394],[-543,551],[-136,79],[-136,196],[68,394],[136,394],[136,79],[-68,708],[-204,1181],[0,670],[68,197],[136,236],[136,315],[0,433],[0,393],[-68,276],[-272,630],[-68,157],[0,197],[-68,197],[-68,158],[-136,39],[-340,0],[-136,39],[68,237],[204,157],[136,158],[-136,236],[0,157],[136,276],[544,590],[544,394],[203,-315],[136,0],[0,354],[-204,591],[-68,354],[-271,-118],[-136,-79],[-68,-118],[-272,276],[-68,236],[0,315],[-68,433],[-136,354],[-272,473],[-136,315],[204,-79],[68,-39],[0,-236],[136,0],[136,275],[204,197],[204,118],[272,79],[271,-158],[340,-551],[272,-118],[-612,1378],[-203,236],[135,236],[0,79],[-135,0],[0,-79],[-136,-236],[136,-197],[-68,-196],[-136,-197],[-136,-40],[-204,118],[-204,433],[-544,276],[-136,512],[0,590],[0,473],[-136,-158],[68,473],[68,157],[-136,0],[-136,79],[-68,236],[0,-787],[-68,-394],[-68,-236],[-136,0],[-204,79],[-272,-79],[-272,-158],[-204,-196],[-340,669],[340,315],[136,-158],[272,-315],[136,0],[-68,197],[-204,315],[-136,276],[0,945],[272,275],[204,-118],[340,-197],[340,40],[0,157],[-204,0],[-204,40],[-136,157],[-68,158],[0,157],[136,0],[0,157],[-204,-118],[-68,-39],[-136,0],[0,157],[-136,315],[-136,0],[0,-472],[-136,157],[0,-511],[-68,0],[0,669],[136,472],[204,355],[272,275],[204,118],[136,40],[204,-40],[204,-196],[204,-119],[272,40],[204,197],[136,275],[-136,0],[-136,-275],[-272,0],[-272,197],[-204,236],[-136,0],[-816,-473],[-68,158],[-136,275],[-136,315],[0,276],[-136,197],[-407,275],[-680,1221],[-68,0],[272,-788],[883,-1181],[272,-748],[-68,-393],[-204,-670],[0,-354],[204,-1024],[-68,-393],[-136,-512],[-67,275],[-136,434],[-68,314],[-68,158],[-340,394],[-136,197],[340,511],[-68,1339],[-272,905],[-544,985],[-748,1378],[-884,2007],[-204,1182],[-272,787],[-135,197],[-272,354],[-952,1811],[-136,945],[408,3819],[136,433],[204,433],[476,512],[136,354],[0,197],[-68,276],[-204,275],[-612,394],[-272,354],[0,158],[-68,393],[-68,197],[-136,158],[-476,354],[-1427,1732],[-544,512],[-1088,433],[-136,118],[-136,158],[-136,354],[-68,512],[0,472],[136,394],[204,236],[204,748],[0,236],[0,276],[-68,157],[-136,158],[-68,236],[-136,473],[-68,905],[-136,512],[-68,276],[-68,275],[0,236],[204,276],[68,79],[-68,78],[-136,197],[-68,79],[68,118],[68,79],[136,79],[136,78],[68,158],[0,118],[-340,236],[-204,315],[-272,748],[-883,1181],[-340,788],[-1020,3189],[0,39],[-68,1653],[136,1418],[-68,1771],[0,40],[0,275],[0,197],[-68,236],[-204,394],[0,236],[340,551],[748,79],[1495,-157],[1156,118],[340,157],[952,630],[339,118],[-679,512],[-408,512],[0,472],[612,552],[1903,1141],[476,473],[68,197],[0,472],[68,236],[68,197],[340,512],[136,433],[340,1260],[339,748],[476,551],[1088,1024],[272,393],[68,276],[0,354],[68,551],[136,355],[408,669],[136,394],[0,472],[0,276],[0,118],[136,394],[272,354],[340,157],[679,237],[340,236],[204,236],[1292,1339],[612,393],[407,158],[1088,197],[884,315],[544,236],[1291,-40],[408,79],[340,197],[544,433],[272,118],[68,-79],[68,-118],[136,-118],[204,0],[136,40],[748,629],[679,434],[340,78],[340,-157],[272,-197],[272,-79],[408,236],[68,197],[68,197],[68,158],[136,118],[204,39],[204,-79],[136,-118],[136,-157],[68,-236],[-68,-552],[68,-197],[136,-78],[611,-40],[1156,-354],[340,-39],[272,0],[136,78],[136,0],[272,-118],[204,-157],[204,-158],[203,-157],[272,-79],[340,40],[136,157],[0,197],[204,197],[1020,39],[476,-512],[680,158],[204,118],[543,315],[680,236],[68,-79],[136,-118],[136,-118],[204,-39],[136,118],[476,590],[68,118],[0,79],[204,0],[-68,-79],[0,-236],[136,-197],[204,-78],[340,78],[271,237],[272,196],[408,-39],[1020,-512],[2175,-354],[136,-79],[136,-39],[68,0],[68,0],[136,79],[136,118],[136,157],[204,40],[340,-79],[272,-158],[340,-78],[340,196],[272,276],[136,354],[204,315],[339,237],[272,0],[476,-237],[340,0],[136,118],[136,394],[204,79],[136,-118],[68,-394],[136,-118],[272,39],[612,551],[204,158],[339,-39],[272,-197],[272,-236],[272,-158],[136,-39],[340,78],[204,0],[136,-78],[272,-237],[204,-118],[272,-39],[748,-197],[407,-118],[68,-276],[0,-315],[-68,-1063],[0,-196],[612,-1339],[340,-433],[408,-276],[1020,394],[612,1181],[407,1142],[544,354],[0,-708],[68,-552],[204,-472],[1088,-2047],[340,-433],[136,-79],[272,-79],[136,-118],[475,-827],[204,-157],[204,-118],[272,-40],[544,0],[544,119],[544,196],[408,355],[340,118],[272,197],[543,433],[136,-118],[136,-158],[136,-157],[136,-197],[272,157],[340,-197],[272,-354],[136,-394],[340,237],[204,0],[136,-158],[340,-157],[272,-40],[407,79],[204,0],[544,-354],[272,-551],[204,-670],[340,-551],[1564,-1732],[475,-276],[68,-39],[476,-118],[476,39],[408,236],[476,-39],[952,-276],[407,0],[272,433],[-68,1063],[272,355],[272,354],[340,276],[272,275],[136,433],[-68,473],[-272,315],[-272,315],[-272,354],[-476,1378],[-340,394],[-611,511],[-272,276],[-136,472],[68,591],[-68,433],[-204,394],[-408,354],[-68,236],[0,276],[0,275],[68,237],[408,-79],[816,-315],[340,0],[67,118],[0,354],[68,119],[136,0],