{"type":"Topology","transform":{"scale":[0.0035139582788141803,0.00016185174983575506],"translate":[-174.54234542345424,-11.461505454983836]},"objects":{"KIR":{"type":"MultiPolygon","arcs":[[[0]],[[1]],[[2]],[[3]],[[4]],[[5]],[[6]],[[7]],[[8]],[[9]],[[10]],[[11]],[[12]],[[13]],[[14]],[[15]],[[16]],[[17]],[[18]],[[19]],[[20]],[[21]],[[22,23]],[[24]],[[25]],[[26]],[[27]],[[28]],[[29]],[[30]],[[31]],[[32]],[[33]],[[34]],[[35]]]}},"arcs":[[[6478,42],[-6,-42],[-3,115],[-2,135],[0,136],[3,83],[3,-93],[4,-178],[1,-156]],[[5303,36139],[3,-31],[5,52],[4,-41],[2,-63],[-3,-31],[-10,-32],[-5,42],[-3,125],[3,0],[2,0],[2,-21]],[[12,41815],[-1,-21],[-3,31],[-2,53],[1,0],[3,-32],[2,-31]],[[4,41878],[-2,20],[-2,42],[1,11],[1,-32],[2,-41]],[[11,41857],[1,-21],[-4,83],[-4,63],[-3,10],[-1,32],[1,20],[4,-52],[6,-135]],[[663,42900],[3,-21],[4,21],[4,31],[-8,-115],[-7,84],[-1,125],[9,31],[-1,-20],[0,-21],[-1,-11],[-5,-31],[3,-73]],[[940,43202],[-3,0],[-3,21],[-1,63],[1,73],[4,10],[4,-41],[1,-73],[-3,-53]],[[5574,45519],[-3,0],[-3,93],[-4,32],[-2,21],[-4,62],[-2,52],[2,32],[14,94],[6,0],[-2,-136],[-2,-42],[-1,-62],[0,-73],[1,-73]],[[984,51392],[-3,-10],[0,83],[1,63],[2,63],[1,-115],[-1,-84]],[[804,53771],[10,-104],[9,-136],[6,-188],[1,-115],[1,-62],[-1,-73],[-4,42],[-2,73],[-3,52],[-4,42],[-2,10],[-9,52],[-1,11],[5,-32],[10,-41],[1,-21],[2,-32],[0,-10],[5,-104],[1,20],[0,11],[1,0],[0,31],[-8,282],[-3,83],[-5,42],[-5,63],[-5,21],[-2,-84],[-1,42],[0,42],[1,41],[2,42]],[[99999,54418],[-3,-52],[-3,41],[-17,293],[3,20],[1,0],[1,-20],[8,-42],[7,-115],[3,-125]],[[99755,55305],[-1,0],[-1,0],[0,10],[-1,21],[-2,42],[-1,52],[2,-21],[2,-31],[1,-32],[1,-41]],[[99643,59102],[-4,-167],[-1,73],[1,251],[-3,83],[-5,157],[-1,73],[2,-42],[8,-292],[3,-136]],[[99490,61356],[-6,-136],[-7,21],[-3,136],[5,166],[7,105],[0,-42],[-3,-42],[-3,-62],[-2,-73],[0,-84],[3,-52],[3,31],[2,73],[1,42],[2,63],[0,167],[-1,167],[-4,104],[2,42],[0,-21],[1,-11],[2,-10],[3,-157],[0,-219],[-2,-208]],[[99887,62128],[2,-188],[-4,73],[-2,94],[-2,115],[-2,104],[-5,146],[-3,83],[-1,105],[2,0],[1,-21],[1,-63],[4,-83],[5,-167],[4,-198]],[[99751,62879],[3,-136],[5,-167],[4,-177],[-1,-157],[-2,42],[-2,31],[-6,53],[0,41],[3,-10],[7,-73],[-1,104],[-2,94],[-7,136],[-5,156],[-2,52],[-4,11],[0,-31],[1,-21],[1,-32],[-4,32],[2,52],[4,31],[6,-31]],[[99408,63108],[2,-104],[-7,42],[-2,125],[1,230],[-1,83],[-10,323],[4,-10],[2,-10],[1,-32],[2,-31],[1,-115],[5,-229],[2,-272]],[[97922,65445],[0,-21],[0,-10],[-1,-10],[0,-11],[-1,0],[-1,0],[-1,11],[0,10],[-1,10],[0,11],[-1,0],[-1,-11],[-1,11],[0,10],[0,21],[0,32],[0,10],[0,10],[0,21],[1,21],[1,11],[1,10],[2,0],[1,0],[1,-31],[1,-11],[0,-10],[1,-21],[0,-10],[0,-21],[0,-11],[-1,-21]],[[99329,65842],[-3,-94],[-3,42],[-1,41],[1,32],[3,21],[-1,-42],[0,-11],[1,-41],[4,104],[0,10],[-1,115],[-5,219],[-4,574],[4,-136],[0,-250],[0,-63],[4,-166],[2,-261],[0,-42],[-1,-52]],[[99320,66833],[-3,-21],[-4,42],[-14,219],[-3,83],[4,0],[2,-62],[9,-136],[2,-21],[3,-21],[3,-41],[1,-42]],[[99085,71903],[-5,-261],[-3,53],[1,83],[6,115],[1,125],[-1,42],[-3,42],[-5,52],[6,10],[2,-10],[2,-52],[0,-53],[0,-52],[-1,-94]],[[99140,73583],[17,-188],[7,-115],[2,-114],[-15,240],[-11,104],[-8,-10],[1,41],[1,32],[2,31],[2,21],[2,-42]],[[98899,75951],[1,11],[1,0],[0,10]],[[98901,75972],[0,-31],[0,-11],[0,-20],[-1,31],[-1,10]],[[98899,75951],[-1,0],[-1,0],[-1,21],[-1,31],[2,0],[0,-20],[1,-11],[1,-21]],[[98901,75972],[2,63],[4,94],[3,135],[7,125],[2,157],[2,63],[2,73],[1,83],[-3,73],[-5,84],[-5,62],[-5,31],[0,-20],[0,-63],[-1,0],[0,73],[-1,52],[-2,52],[-1,32],[4,0],[3,-94],[14,-199],[3,-62],[1,-42],[0,-94],[-5,-188],[-4,-62],[-10,-303],[-6,-125]],[[98952,79227],[-2,-31],[-4,0],[-6,31],[-6,0],[-9,-10],[-6,-42],[-5,-73],[-4,-31],[-1,0],[-2,10],[13,136],[7,41],[20,32],[2,21],[-5,31],[3,42],[3,-21],[2,-63],[0,-73]],[[98899,80270],[-1,0],[-1,21],[-1,11],[-1,10],[-2,146],[-1,303],[-4,104],[5,-42],[3,-187],[3,-366]],[[98912,81418],[-7,-42],[-2,11],[-1,10],[-1,21],[9,31],[3,136],[0,188],[-3,198],[1,0],[0,10],[0,11],[0,10],[3,-208],[0,-209],[-2,-167]],[[98909,82107],[1,-42],[-13,323],[-4,167],[-3,52],[-5,94],[-1,52],[0,63],[2,-94],[9,-125],[2,-63],[1,-94],[11,-333]],[[4871,83296],[12,-188],[17,-104],[4,0],[-1,-63],[-1,-62],[-1,-42],[-5,-42],[-1,-52],[-1,-136],[-1,-292],[6,-156],[10,-105],[12,-146],[4,-73],[4,-62],[4,-42],[5,-21],[3,-62],[1,-126],[-1,-93],[-4,31],[-3,-31],[-2,-32],[-3,-21],[-3,0],[-4,21],[-2,42],[-2,42],[-3,41],[-3,84],[-2,21],[-6,10],[-28,188],[-12,115],[-9,156],[-7,146],[-6,84],[-2,-42],[-3,0],[-5,42],[-6,104],[1,177],[2,21],[9,105],[4,10],[2,-21],[1,-21],[-1,-10],[-3,-42],[-4,-83],[-1,-105],[4,-114],[2,-11],[4,11],[4,0],[1,-63],[2,-42],[3,-10],[6,0],[6,-63],[2,0],[-3,73],[-3,52],[-3,21],[-2,42],[-2,73],[3,-21],[3,0],[2,42],[0,115],[3,-52],[1,-63],[0,-63],[2,-62],[4,-32],[2,53],[-1,83],[-5,136],[-1,62],[1,52],[2,53],[3,-42],[2,10],[-1,115],[3,-42],[0,-52],[0,-62],[1,-53],[3,-41],[1,21],[1,41],[3,32],[1,41],[1,52],[1,42],[-1,52],[-2,21],[-5,32],[-8,83],[-11,156],[-1,21],[-2,32],[-3,62],[-3,32],[-1,-73],[-2,-42],[-3,10],[-2,52],[-1,94],[4,52],[6,0],[14,-83]],[[98986,83484],[1,-42],[0,-10],[1,-53],[0,-125],[2,-125],[2,-52],[0,-21],[1,-10],[1,-21],[0,-11],[0,-21],[-1,-20],[0,-11],[-1,-10],[-1,-11],[-1,-10],[-2,0],[-3,21],[-5,21],[-2,20],[-1,21],[0,73],[0,21],[0,21],[1,0],[1,-10],[0,-21],[0,-32],[0,-31],[2,-21],[5,-31],[1,0],[2,0],[1,0],[1,0],[0,21],[0,21],[0,31],[-2,31],[-1,21],[0,11],[0,10],[0,21],[-1,52],[0,63],[0,31],[0,42],[-1,41],[-1,32],[0,10],[-1,11],[-1,10],[-2,10],[-2,-10],[0,-42],[1,-104],[0,-52],[0,-42],[-1,-42],[-2,-10],[0,10],[1,21],[0,32],[0,41],[0,32],[-1,62],[0,31],[1,63],[0,42],[1,31],[1,21],[2,0],[1,0],[1,-21],[2,-31]],[[98871,89733],[-2,-63],[-10,53],[-9,-126],[-8,-146],[-4,-31],[-2,21],[-2,31],[-1,32],[-1,41],[6,-52],[5,42],[4,73],[4,94],[4,41],[11,21],[5,42],[0,-42],[0,-31]],[[98875,89973],[-4,0],[16,167],[6,83],[1,-31],[1,-21],[0,-31],[-7,-31],[-13,-136]],[[4325,95075],[3,-94],[3,-63],[0,-62],[1,-73],[4,-21],[3,10],[3,-21],[2,-52],[3,-125],[4,-104],[1,-53],[-1,-62],[-3,-63],[-6,-62],[-6,-32],[-8,11],[-6,83],[-2,125],[5,0],[14,-83],[3,31],[0,73],[0,84],[-2,62],[-2,42],[-7,73],[-4,31],[-2,63],[-1,136],[-2,41],[-3,11],[-4,-21],[-2,-52],[-2,-63],[7,-302],[-12,135],[1,251],[9,187],[9,-41]],[[4029,99895],[-3,-11],[-4,32],[-2,41],[1,32],[3,10],[3,-10],[3,-53],[-1,-41]]]}