{"type":"Topology","transform":{"scale":[0.0000032400648009719787,0.0000031576710713913513],"translate":[-62.862028620286196,17.10077906508201]},"objects":{"KNA":{"type":"MultiPolygon","arcs":[[[0]],[[1]]]}},"arcs":[[[96666,1070],[-5556,-1070],[-14444,1070],[-4445,11764],[3334,13369],[5555,6417],[6667,-535],[5555,-1604],[4445,-4278],[2222,-6952],[0,-2674],[0,-7486],[0,-2674],[-2222,-3743],[-1111,-1604]],[[51111,73796],[5555,-13369],[3333,-5882],[5556,-2139],[4444,-2674],[3334,-4813],[0,-5347],[-6667,-2674],[-4444,2674],[-3334,11764],[-5555,3744],[-4445,4812],[-2222,535],[-10000,-535],[-4444,535],[-10000,4278],[-13333,8022],[-8889,10160],[2222,10160],[2222,1070],[0,534],[1111,535],[1112,0],[4444,1604],[1111,1070],[1111,2139],[30000,-18182],[7778,-8021]]]}