{"type":"Topology","transform":{"scale":[0.00001900838016570235,0.000015636381882932622],"translate":[46.532265322653245,28.53413575945777]},"objects":{"KWT":{"type":"MultiPolygon","arcs":[[[0]],[[1]],[[2]],[[3]]]}},"arcs":[[[97348,57559],[378,-540],[568,-1836],[-189,-648],[-757,324],[-569,108],[-378,324],[-1516,1404],[-947,432],[-1515,216],[-1136,-108],[189,1728],[569,972],[946,108],[2084,-648],[757,-324],[379,-432],[568,-540],[569,-540]],[[87120,92656],[8144,-12311],[947,-2268],[-379,-2916],[-1136,-1944],[-1515,-2159],[-1894,-1836],[-2083,-1080],[-379,108],[-1894,216],[-1136,1620],[-1894,4643],[-2273,4212],[-189,324],[-379,432],[-947,648],[-568,648],[1136,756],[568,324],[1137,864],[568,108],[189,431],[379,2160],[-947,432],[-379,0],[-568,0],[568,972],[758,-108],[1325,-864],[569,-108],[757,108],[379,432],[-379,972],[947,432],[947,540],[190,540],[-947,648],[-569,0],[-757,-324],[-379,324],[-379,432],[0,648],[-189,648],[189,432],[-947,0],[-189,108],[-189,216],[189,432],[757,540],[758,324],[758,108],[757,-324],[568,-540]],[[78787,91900],[-379,-108],[-378,324],[-190,432],[-189,324],[757,540],[1137,1511],[568,432],[2083,216],[758,0],[-190,-648],[-1325,-863],[-379,-432],[-568,-648],[-190,-324],[-1515,-756]],[[99999,432],[-9280,-108],[-9470,-108],[-9280,-108],[-9470,-108],[-2651,0],[-568,1620],[-947,1188],[-1137,864],[-1136,1080],[-947,1511],[-568,1836],[-568,1944],[-190,3456],[-189,1620],[-3030,8531],[-2462,4643],[-569,1188],[-189,0],[-2841,432],[-5303,648],[-5303,756],[-5113,756],[-5303,756],[-5872,756],[-5871,756],[-5871,756],[-5871,864],[1515,1728],[7955,9503],[3219,5831],[3409,3996],[758,1188],[1515,4319],[3977,6912],[1137,2484],[0,647],[189,1836],[379,972],[1894,3780],[4545,12095],[1705,2700],[2841,1943],[8333,3780],[3030,324],[13636,0],[3031,-540],[11363,-6047],[379,-1080],[568,-972],[568,-1296],[190,-1296],[0,-2376],[189,-1512],[568,-2159],[1515,-3024],[1515,-2376],[1516,0],[757,-2808],[1326,-2807],[2273,-3456],[947,-2484],[-190,-1296],[-1136,-216],[-2273,972],[-1136,756],[-190,540],[-1136,216],[-1326,324],[-947,108],[-3030,-540],[-1515,-1404],[-1326,-1404],[-3220,-1944],[-2272,-2159],[-1137,-1944],[-1136,-1620],[-2462,-1188],[-189,-972],[-379,-972],[1136,-108],[1894,432],[1515,216],[1137,540],[1325,432],[568,-432],[-1515,-1080],[0,-756],[-189,-864],[1326,-972],[757,0],[1137,432],[1136,324],[189,1620],[947,324],[947,-324],[947,756],[568,972],[947,432],[379,-324],[758,-1188],[189,-216],[758,-756],[568,-216],[1326,-540],[2083,432],[-379,-2807],[-189,-1188],[189,-1836],[568,-2916],[569,-1296],[568,-1188],[378,-1296],[1326,-8747],[947,-2160],[2462,-4211],[947,-756],[1894,-756],[190,-972],[-190,-1188],[0,-1296],[379,-1296],[1515,-2159],[189,-756],[569,-864],[1325,-540],[2084,-540],[-568,-972],[-190,-1188],[0,-1080],[379,-1188],[-758,648],[-378,324],[0,-540],[0,-324],[378,-216],[379,-324],[-379,-540],[-189,-108],[-189,0],[-190,216],[-379,0],[-189,-1296],[568,-324],[758,432],[568,756],[189,-648],[190,-3131],[189,-756],[379,-864],[947,-1188],[568,-648]]]}