{"type":"Topology","transform":{"scale":[0.00007567351346270213,0.00008579746905743053],"translate":[100.09720097200972,13.91612233408324]},"objects":{"LAO":{"type":"MultiPolygon","arcs":[[[0]]]}},"arcs":[[[26736,98858],[48,-158],[95,-118],[143,-374],[47,-39],[95,-79],[48,-39],[0,-79],[-48,-138],[0,-59],[191,-177],[237,-138],[191,-138],[95,-236],[238,-197],[809,-334],[951,-768],[428,-197],[95,-98],[95,-118],[143,-295],[95,-138],[238,-177],[333,-138],[238,-157],[-143,-138],[-47,-39],[0,-40],[-48,-39],[0,-40],[143,-452],[523,-217],[571,-157],[428,-276],[428,-846],[143,-472],[-95,-689],[48,-276],[47,-256],[95,-177],[95,-118],[48,-19],[48,19],[713,20],[143,20],[380,216],[334,315],[142,374],[48,945],[238,177],[238,-158],[95,-531],[0,-472],[47,-237],[143,-137],[238,19],[951,335],[48,59],[95,-20],[95,-157],[48,-138],[47,-118],[-47,-807],[47,-276],[143,-255],[0,-40],[0,-39],[0,-20],[0,-39],[-238,-217],[-523,-511],[-286,-217],[-570,-807],[190,79],[238,138],[285,98],[190,-20],[-47,-137],[-428,-591],[-48,-236],[0,-531],[-47,-197],[-191,-138],[-428,-98],[-238,-138],[-142,-217],[95,-39],[285,20],[286,-20],[190,-59],[143,-98],[142,-118],[95,-138],[-47,-118],[-95,-236],[0,-99],[95,-118],[47,-20],[143,-19],[143,-59],[143,-197],[0,-20],[95,-433],[95,-216],[95,-99],[48,-78],[95,-40],[190,20],[333,-118],[190,-197],[333,-531],[381,-748],[238,-335],[380,-393],[191,-158],[95,-39],[143,-59],[237,-20],[143,-39],[95,-40],[191,-118],[142,-39],[143,0],[95,20],[143,39],[143,20],[190,-59],[761,-335],[381,-98],[142,-20],[48,0],[333,79],[48,19],[285,118],[95,79],[0,59],[95,39],[191,-59],[142,-137],[238,-394],[143,-138],[95,-59],[95,-59],[143,-19],[143,-20],[808,-138],[238,-118],[524,-472],[285,-197],[48,-59],[47,-20],[143,-20],[143,0],[142,59],[143,60],[95,59],[0,98],[-143,216],[-47,119],[95,137],[95,59],[95,0],[143,59],[285,138],[48,79],[-48,118],[-47,236],[95,177],[95,236],[143,217],[95,138],[190,39],[238,-20],[143,0],[95,59],[238,138],[95,59],[952,256],[285,98],[143,40],[142,-20],[476,79],[619,590],[475,20],[95,-39],[191,-118],[95,-40],[143,-19],[285,-20],[143,-20],[380,-98],[96,-59],[95,-99],[142,-236],[48,-59],[48,0],[333,79],[95,0],[142,-20],[143,-59],[95,-59],[95,-79],[143,-177],[238,-354],[190,-177],[95,-59],[191,-59],[95,-59],[95,-99],[95,-197],[95,-78],[286,-79],[285,0],[286,-20],[190,-157],[95,-374],[238,-177],[666,-276],[761,-216],[190,-158],[0,-39],[-95,-276],[-856,-984],[-285,-196],[-333,-79],[-333,59],[-333,216],[-286,-472],[-761,-433],[-95,-216],[428,-217],[523,-118],[1903,39],[190,-78],[286,-355],[238,-118],[475,-177],[191,-118],[47,-98],[48,-138],[47,-118],[-47,-118],[-48,-158],[-142,-19],[-96,0],[-95,-59],[-47,-158],[-48,-236],[0,-236],[95,-158],[428,-196],[571,98],[571,177],[571,20],[1142,-532],[47,-98],[-95,-118],[0,-256],[191,-236],[523,-276],[95,-177],[-48,-39],[-190,-40],[-47,-19],[0,-79],[47,-98],[48,-217],[0,-138],[47,-157],[-47,-158],[-48,-39],[-143,-79],[-190,-39],[-380,39],[-238,-19],[-95,-59],[0,-99],[-143,-177],[-286,-177],[-713,-354],[-238,-276],[-95,-216],[47,-59],[429,-20],[237,-79],[96,-59],[0,-98],[0,-197],[-143,-374],[-286,-157],[-333,-118],[-285,-256],[-286,-59],[-142,-20],[-191,-39],[-190,-118],[-190,-158],[-95,-157],[-428,-925],[-96,-138],[-142,0],[-238,118],[-95,20],[-143,-40],[-190,-118],[-95,-39],[-333,-20],[-191,40],[-761,373],[-333,119],[-143,59],[-142,157],[-143,157],[-143,99],[-285,20],[-238,-59],[-619,-315],[-237,334],[-476,118],[-143,138],[-380,-98],[-571,-118],[-286,0],[-47,-59],[-96,-79],[-95,-177],[-142,-59],[-238,-40],[-286,59],[-618,276],[-143,39],[-143,-39],[-47,-177],[0,-158],[285,-610],[143,-157],[428,-217],[143,-98],[95,-197],[0,-197],[48,-197],[142,-157],[-47,-138],[-95,-39],[-143,-40],[-143,-59],[-95,-118],[-48,-275],[-47,-118],[-95,-158],[0,-19],[-48,59],[-190,-20],[-333,-98],[-286,-138],[-285,-59],[-143,-99],[-285,-334],[-190,-138],[-476,-177],[-191,-99],[-95,-216],[143,-39],[238,0],[190,-20],[191,-276],[47,-78],[95,-59],[333,-158],[428,-236],[286,98],[285,20],[238,-59],[1475,-551],[523,-315],[143,-98],[48,-237],[0,-216],[142,-98],[381,98],[238,-59],[190,-118],[190,-158],[191,-137],[285,-79],[190,-79],[238,-79],[190,-157],[381,-492],[190,-98],[238,-40],[381,20],[285,-39],[191,-119],[190,-137],[428,-571],[190,-138],[428,-197],[191,-118],[333,-315],[238,-98],[95,-39],[285,-20],[143,-39],[47,-59],[143,-197],[95,-79],[191,-39],[523,-79],[523,-118],[191,-20],[761,40],[333,-79],[142,-295],[143,-119],[190,-39],[286,0],[238,39],[190,-19],[666,-335],[333,-98],[143,20],[190,19],[143,20],[143,-39],[380,-532],[286,-157],[95,-99],[0,-138],[0,-39],[-95,-197],[-143,-19],[-143,39],[-190,-20],[-190,-196],[-143,-355],[-190,-649],[-96,-473],[143,-334],[333,-256],[381,-256],[238,-197],[0,-137],[-96,-158],[0,-236],[143,-157],[666,-335],[48,-79],[142,-177],[48,-79],[143,-39],[142,20],[381,39],[48,39],[47,-19],[95,-118],[0,-138],[-47,-276],[0,-137],[143,-158],[190,-138],[238,-78],[238,-40],[95,-59],[0,-39],[47,-20],[143,79],[48,79],[47,255],[95,119],[238,78],[286,-19],[237,-79],[238,-138],[48,-118],[95,-315],[48,-59],[-48,-59],[-48,-59],[0,-20],[48,-39],[190,-39],[48,-40],[190,-393],[143,-99],[190,-98],[143,-99],[47,-118],[48,-275],[48,-99],[95,-98],[333,-138],[143,-315],[47,-59],[-143,-885],[143,-394],[523,-394],[333,-551],[286,-334],[143,-197],[142,-433],[143,-197],[143,-98],[713,-256],[428,-256],[334,-275],[856,-945],[285,-236],[1142,-1181],[2188,-1594],[286,-138],[190,-20],[143,99],[238,157],[47,98],[0,99],[95,79],[143,0],[190,-59],[0,-99],[0,-118],[48,-138],[48,-78],[190,-178],[47,-59],[0,-118],[-142,-177],[0,-118],[95,-177],[380,-571],[619,-492],[143,-197],[0,-78],[-96,-118],[0,-59],[238,-374],[48,-119],[48,-98],[95,-79],[238,-98],[237,-79],[238,-39],[333,-79],[333,295],[143,-196],[0,-256],[0,-3110],[95,-295],[95,-236],[333,-295],[238,-119],[286,-98],[142,0],[191,-79],[95,-137],[-95,-630],[47,-138],[190,-453],[191,-315],[285,-177],[381,40],[0,-118],[47,-59],[96,0],[142,59],[95,78],[48,0],[0,99],[0,78],[95,99],[333,197],[143,118],[47,197],[286,413],[333,-20],[238,-295],[0,-472],[-48,-394],[0,-20],[-47,-39],[-48,-59],[0,-59],[48,-40],[95,20],[95,40],[47,19],[143,-315],[143,-157],[238,-158],[333,-157],[47,-59],[95,-118],[48,-256],[0,-79],[143,-78],[190,-20],[428,0],[524,-40],[190,-59],[47,0],[238,-98],[286,-157],[95,-158],[143,-630],[47,-137],[48,-40],[95,-98],[143,-138],[237,-98],[143,-40],[190,-19],[238,-59],[333,-197],[476,-532],[286,-236],[380,-98],[381,39],[761,158],[238,19],[47,-59],[0,-138],[0,-19],[-47,-197],[95,-138],[95,-98],[0,-99],[-143,-157],[-190,-157],[-381,-552],[-190,-196],[-190,-79],[-523,-79],[-238,-79],[-904,-492],[-95,-39],[-143,20],[-143,59],[-95,19],[-190,-19],[-143,-138],[-333,-630],[0,-236],[143,-177],[713,-354],[143,-138],[48,-158],[95,-492],[47,-177],[143,-157],[190,-158],[524,-216],[142,-118],[714,-1083],[143,-98],[95,59],[95,98],[143,79],[95,0],[238,-59],[95,20],[47,39],[96,0],[47,-138],[48,-98],[47,-39],[95,0],[96,39],[190,-79],[47,-236],[-47,-275],[95,-197],[238,-138],[571,79],[238,-59],[47,-79],[0,-39],[0,-453],[95,-217],[191,-137],[571,-394],[190,-177],[95,-158],[0,-177],[-95,-551],[-48,-78],[-95,-20],[-47,59],[-96,20],[-95,-99],[-47,-98],[-48,-394],[-95,-216],[-95,-177],[-95,-60],[-191,-118],[-47,-98],[0,-118],[95,-197],[0,-138],[-143,-118],[-190,-19],[-381,59],[-190,-20],[-238,-59],[-380,-99],[-238,-19],[-143,-99],[0,-157],[95,-197],[-47,-157],[95,-158],[95,-138],[143,-98],[190,-79],[809,-531],[95,-98],[0,-119],[-190,-236],[-571,-452],[-96,-158],[48,-177],[143,-177],[47,-177],[-142,-158],[95,-98],[95,-98],[95,-119],[0,-157],[-190,-138],[-428,-551],[-191,-79],[-95,-78],[-95,-256],[-48,-79],[-95,-98],[-47,-99],[0,-98],[0,-98],[0,-99],[-48,-79],[-143,-137],[-190,19],[-285,118],[-238,40],[-143,39],[-238,197],[-380,216],[-238,20],[-190,-157],[-238,-276],[-48,-59],[-143,-79],[-95,-59],[0,-78],[-47,-217],[-143,-236],[-95,-59],[-191,20],[-190,19],[-143,-157],[-47,-197],[-95,-177],[-381,-276],[-428,-236],[-285,-79],[-143,59],[-95,138],[-238,158],[-143,59],[-47,-20],[0,-59],[-381,-394],[-285,-354],[-48,-20],