{"type":"Topology","transform":{"scale":[0.000015048300964514409,0.00001631181954526236],"translate":[35.09855098550986,33.05614568820364]},"objects":{"LBN":{"type":"MultiPolygon","arcs":[[[0]]]}},"arcs":[[[48086,21532],[-1197,-932],[-1196,-2070],[-1196,-932],[-718,-414],[-956,-310],[-957,-208],[-718,-103],[-1196,-207],[-2632,-2070],[-1196,-829],[-1196,-207],[-957,-103],[-479,-518],[240,-1138],[-240,-207],[-239,207],[-957,517],[-1196,1449],[-239,414],[-957,-103],[-478,-518],[-240,-931],[-717,-828],[-479,-1346],[-239,-3002],[-239,-1553],[-479,-1035],[-1435,-1656],[-239,-932],[-2153,-207],[-3111,-1035],[-3588,-725],[-957,104],[-718,621],[-478,724],[-479,621],[-956,414],[-240,104],[-478,207],[-718,0],[-2392,-621],[-479,0],[-957,207],[-478,0],[-479,-104],[-717,-517],[-239,-104],[-5264,311],[0,103],[0,311],[-239,0],[0,207],[-239,207],[478,621],[718,725],[479,517],[1674,518],[479,621],[239,725],[478,517],[-239,414],[239,0],[240,-103],[239,-311],[2153,3313],[239,1863],[-1435,1553],[1435,828],[957,1139],[1196,2588],[240,828],[0,1656],[239,828],[1196,1450],[478,724],[-239,828],[3349,1967],[1914,1450],[718,1863],[0,725],[2631,5382],[-478,415],[957,621],[957,2588],[957,517],[0,725],[2631,4969],[240,1242],[239,2484],[0,415],[-239,724],[-479,621],[-239,518],[478,517],[718,104],[718,-104],[957,-207],[239,-310],[478,0],[718,310],[957,-103],[478,0],[1197,310],[239,415],[718,1138],[239,518],[0,310],[0,104],[-479,0],[718,517],[718,1450],[478,621],[479,103],[957,0],[478,311],[0,518],[-478,310],[-240,104],[-239,310],[0,1449],[957,2692],[479,1967],[-240,621],[-957,1346],[-239,931],[0,2071],[239,414],[957,517],[240,414],[0,1864],[239,1967],[717,1552],[1675,1036],[1196,-725],[957,1346],[957,1966],[957,1243],[3828,1552],[957,1139],[-1197,1553],[0,311],[1436,-207],[5263,1035],[3349,2588],[1196,621],[718,517],[239,829],[240,2898],[-240,1346],[-478,1035],[-718,725],[957,0],[479,-104],[478,-207],[1196,-725],[1436,-310],[1435,0],[1914,207],[1674,-104],[2871,-207],[239,104],[718,310],[479,104],[239,-104],[957,-414],[239,-103],[4067,103],[718,311],[478,414],[239,621],[240,1242],[0,414],[1435,725],[957,-518],[1675,-2173],[1196,-829],[1674,-414],[1675,0],[1675,414],[-240,-1966],[-478,-311],[-718,414],[-957,311],[-1196,-518],[0,-725],[0,-931],[-239,-932],[-1196,-828],[-1914,-725],[-1196,-931],[717,-932],[240,-207],[239,-104],[239,0],[239,104],[1196,207],[1914,103],[1914,-103],[957,-207],[479,-1035],[478,-828],[957,-518],[1196,-414],[957,-932],[479,-207],[478,104],[957,-621],[478,-518],[0,-621],[-239,-1035],[-239,-414],[-239,-311],[-240,-311],[0,-517],[0,-518],[479,-414],[1435,-1553],[718,-621],[478,-103],[479,0],[478,-104],[240,-414],[-240,-828],[-478,-725],[-479,-724],[240,-1139],[478,-932],[1675,-1242],[239,-621],[-1914,-1553],[-1435,-2070],[-2871,-1863],[-1435,-1346],[-479,-828],[0,-725],[-478,-517],[-957,-415],[-957,-103],[-1436,414],[-717,104],[-1436,-622],[-2153,-2070],[-2631,-1863],[-1196,-932],[-718,-1139],[-1436,-2174],[0,-207],[479,-621],[478,-414],[1914,-1138],[2632,-311],[1196,-518],[0,-1345],[-718,-725],[-1435,-207],[-2392,518],[-3350,1242],[-1196,207],[-957,-311],[-957,-621],[-1196,-517],[-1435,0],[-479,310],[-717,828],[-479,207],[-2392,-1138],[-1196,-415],[-1197,-207],[-1196,-414],[-478,-621],[-957,-1345],[-2153,-1450],[-957,-1035],[-479,-725],[-1196,-828],[-478,-517],[0,-518],[0,-1139],[0,-621],[-479,-207],[-717,-207],[-240,-207],[-239,-1346],[718,-414],[1435,-207],[1675,-724],[957,-207],[1196,-414],[1196,-622],[479,-724],[-240,-1139],[-957,-932],[-1435,-724],[-1196,-414],[-1675,0],[-1435,-414],[-718,-828],[718,-1243],[-957,-1863],[-2153,-1346],[-1196,-621],[-1675,-724],[-1435,-725]]]}