{"type":"Topology","transform":{"scale":[0.000040896817932269125,0.00004218108201248999],"translate":[-11.475114751147515,4.346954945657984]},"objects":{"LBR":{"type":"MultiPolygon","arcs":[[[0]]]}},"arcs":[[[73063,76140],[1056,-520],[440,-841],[528,-1641],[264,-2322],[176,-440],[88,-281],[441,-600],[176,-280],[176,-761],[88,-200],[352,-320],[88,-200],[0,-161],[-88,-280],[88,-160],[88,-160],[352,-360],[88,-241],[88,-200],[88,-600],[352,-2242],[0,-600],[-176,-201],[-528,-360],[-176,-240],[0,-400],[0,-401],[0,-360],[-264,-640],[88,-201],[176,-120],[176,-120],[0,-320],[-88,-360],[-176,-721],[-264,-680],[-352,-521],[-2201,-2362],[-528,-520],[-1761,-1361],[-352,-361],[-440,-240],[0,-40],[-88,-320],[-88,-120],[-88,-40],[-264,-80],[-176,-40],[-616,-721],[440,-40],[264,-40],[616,0],[264,-80],[264,-200],[704,-961],[441,-160],[352,240],[176,441],[88,440],[88,200],[176,-80],[264,-360],[792,-401],[352,-360],[-88,-120],[-176,-160],[-88,-400],[0,-201],[264,-440],[88,-200],[-176,-200],[-176,-120],[-88,-160],[264,-281],[264,241],[264,120],[352,0],[265,-120],[264,280],[264,-120],[264,-241],[264,-240],[88,40],[88,80],[88,80],[176,-80],[176,-200],[0,-200],[0,-160],[0,-80],[264,-80],[1849,-441],[352,-80],[264,-160],[176,-120],[176,-80],[352,0],[352,80],[528,320],[353,80],[1144,161],[616,40],[440,-120],[352,-241],[1585,-360],[176,-40],[88,40],[88,40],[176,-40],[88,-80],[0,-280],[88,-120],[1144,-841],[353,-440],[88,-321],[-353,-920],[-88,-481],[-88,-560],[88,-481],[264,-320],[0,120],[177,120],[352,80],[176,-40],[264,-200],[88,-200],[88,-560],[88,-80],[176,-40],[88,-40],[88,-161],[-88,-120],[-264,-120],[0,-120],[0,-680],[0,-161],[352,-400],[968,-480],[264,-280],[440,-601],[353,160],[264,481],[264,320],[176,-120],[264,-320],[352,-281],[440,-40],[0,-80],[528,-280],[88,0],[528,-240],[89,-160],[-177,-241],[177,-160],[352,-400],[176,-80],[264,120],[264,280],[176,40],[0,-400],[352,-40],[176,-320],[88,-321],[264,-160],[176,200],[88,361],[88,720],[793,-320],[88,-841],[-176,-1000],[0,-881],[440,-1842],[352,-600],[528,-1041],[264,-360],[-440,80],[-176,-280],[88,-481],[352,-400],[-528,-40],[-176,40],[264,-240],[88,-40],[-176,-200],[-264,-241],[-176,-320],[0,-921],[-88,-240],[-352,200],[0,-400],[88,-400],[176,-441],[264,-320],[352,-200],[264,80],[176,-40],[88,-440],[88,-481],[0,-240],[-176,-280],[-264,-400],[-88,-160],[-88,-361],[-88,-160],[-264,-120],[-88,120],[0,160],[-88,160],[0,120],[176,121],[0,80],[-264,80],[-88,-80],[-617,-321],[-176,-240],[-88,-200],[-264,-801],[176,-1121],[0,-400],[-176,-400],[-616,-1161],[-352,120],[-440,40],[-352,-200],[-352,-440],[-88,-401],[264,-1361],[-88,-520],[176,-320],[264,-321],[88,-440],[0,-360],[-88,0],[-176,120],[-352,40],[-705,-561],[0,-240],[176,-720],[-88,-281],[-88,-480],[0,-160],[0,-40],[88,-280],[176,-161],[176,-160],[177,-160],[88,-200],[88,-1241],[-88,-5084],[0,-200],[88,-240],[0,-241],[0,-600],[176,-480],[0,-201],[-88,-240],[-176,-440],[-88,-240],[176,-280],[792,-561],[-1321,-120],[-352,40],[-528,240],[-352,80],[-1672,0],[-177,80],[-88,160],[-88,161],[-176,80],[-352,0],[-968,400],[-264,160],[-352,240],[-88,281],[-176,320],[-176,240],[-793,240],[-528,440],[-264,81],[-440,80],[-264,120],[-176,160],[-264,160],[-440,160],[-1057,280],[-792,120],[-1584,561],[-2905,360],[-881,280],[-1056,1121],[-352,200],[-528,80],[-2553,881],[-2641,1882],[-1408,760],[-3433,1201],[-793,360],[-1672,1442],[-704,360],[-705,360],[-264,40],[-528,200],[-704,120],[-616,201],[-616,240],[-352,320],[88,40],[0,40],[0,80],[-1057,280],[-880,481],[-1408,1201],[-353,240],[-880,360],[-704,561],[-440,160],[-440,200],[-352,440],[352,0],[-352,401],[-441,280],[-528,200],[-528,240],[-2817,2602],[-176,321],[-264,880],[-264,401],[-264,240],[-352,280],[-440,200],[-352,120],[-88,0],[-705,160],[-88,0],[-88,200],[352,361],[0,240],[-352,560],[-2465,1361],[-3521,3323],[-3433,2642],[-792,961],[-264,160],[-352,240],[-176,160],[-88,241],[88,320],[0,280],[-264,360],[-352,281],[-440,240],[-353,80],[-264,120],[-1760,1321],[-969,1081],[-1320,800],[-440,161],[-968,200],[-352,240],[-265,280],[0,320],[265,-120],[176,0],[176,80],[88,241],[-440,80],[-353,280],[-352,320],[-352,280],[-792,481],[-440,160],[-440,0],[0,-160],[1232,-641],[616,-440],[176,-561],[-440,481],[-616,360],[-792,320],[-4930,1201],[-3169,1521],[-528,441],[176,400],[176,-200],[88,-120],[176,-80],[264,-80],[-352,640],[-88,601],[176,520],[616,521],[-352,0],[-264,-41],[-176,-120],[-264,-160],[-528,1121],[-792,841],[-969,600],[-3873,2042],[-4401,1521],[-2905,1241],[-528,601],[0,960],[88,521],[88,240],[0,280],[-352,641],[-88,80],[-440,160],[-529,280],[-440,320],[-176,241],[-616,840],[792,360],[176,121],[-88,600],[88,400],[705,361],[176,400],[176,440],[88,361],[-88,480],[88,160],[528,40],[176,80],[88,120],[88,200],[-88,321],[-352,520],[-88,240],[88,120],[440,361],[880,1321],[440,80],[1937,880],[264,161],[1585,2001],[440,521],[3609,2762],[968,560],[968,200],[352,120],[265,241],[264,280],[3257,3843],[880,761],[1144,600],[176,80],[617,80],[-89,5725],[89,280],[88,200],[176,200],[616,320],[264,241],[616,1000],[352,441],[528,280],[529,80],[1936,0],[528,80],[440,120],[529,280],[616,561],[0,440],[-176,481],[-176,640],[88,561],[440,880],[704,2923],[0,1200],[264,0],[264,41],[528,200],[176,-401],[441,241],[792,760],[440,120],[440,0],[1320,-360],[441,-200],[176,-320],[-264,-1121],[88,-321],[352,-120],[528,80],[968,561],[968,720],[353,241],[440,120],[352,40],[528,0],[88,40],[352,80],[88,-80],[176,-80],[88,-160],[176,40],[528,240],[529,160],[88,160],[-88,200],[0,160],[176,240],[176,161],[88,200],[0,280],[440,-40],[264,-320],[88,-401],[176,-1120],[88,-401],[264,-440],[352,-360],[88,80],[0,320],[88,520],[264,321],[529,0],[440,-241],[352,-280],[88,-520],[-176,-280],[-352,-201],[-176,-320],[-88,-440],[264,-40],[352,80],[440,0],[176,-40],[176,40],[176,80],[176,160],[176,200],[176,-160],[352,-400],[1233,-521],[352,-280],[176,-200],[176,-40],[-352,-200],[-88,-40],[-176,-80],[-88,-120],[-264,-241],[176,-200],[176,-280],[88,-240],[88,-240],[176,-121],[0,-80],[0,-120],[-176,-120],[-176,-360],[-176,-681],[0,-640],[352,-240],[616,-120],[264,-120],[88,-281],[0,-280],[440,-1721],[-88,-240],[-264,-441],[0,-280],[264,360],[264,200],[264,-40],[265,-320],[176,-240],[0,-240],[0,-240],[-176,-241],[-89,-40],[-264,-1041],[-88,-1000],[264,-1001],[529,-1001],[616,-760],[264,-401],[616,-760],[-264,-641],[-264,-841],[0,-800],[528,-561],[-264,-200],[-176,-320],[-176,-360],[-88,-601],[-176,-280],[-440,-480],[88,-361],[-176,-480],[-617,-801],[-440,-360],[-264,-240],[-88,-320],[0,-321],[-88,-280],[-176,-240],[-264,-200],[88,-80],[264,80],[704,680],[264,401],[441,-801],[264,-240],[440,520],[88,40],[176,80],[0,240],[88,81],[264,80],[440,0],[264,-40],[176,-81],[264,-120],[176,-200],[176,-480],[88,-160],[441,-40],[792,200],[352,-40],[352,-481],[352,-1481],[616,-560],[176,0],[529,0],[176,-80],[0,-401],[176,-160],[440,-240],[88,-320],[-176,-801],[264,240],[176,40],[176,41],[352,80],[264,80],[352,240],[352,280],[265,160],[440,0],[176,80],[616,160],[88,40],[88,361],[88,40],[264,-120],[88,560],[352,-200],[440,-721],[352,40],[1057,401],[264,160],[176,480],[-88,441],[-264,440],[0,400],[88,240],[264,321],[440,520],[176,160],[440,120],[176,160],[88,241],[88,480],[88,200],[88,120],[705,401],[440,440],[264,400],[88,481],[-88,560],[0,120],[-176,0],[-88,80],[0,120],[0,160],[176,241],[88,120],[0,840],[176,481],[616,760],[264,441],[2905,-120],[-176,-881],[176,-681],[440,-520],[792,-561],[705,-440]]]}