{"type":"Topology","transform":{"scale":[0.00015869117380760698,0.0001368436703879979],"translate":[9.286292862928633,19.49687021104556]},"objects":{"LBY":{"type":"MultiPolygon","arcs":[[[0]]]}},"arcs":[[[99976,88856],[-408,-308],[-159,-259],[-249,-617],[-1021,-827],[-68,-234],[0,-272],[68,-617],[0,-592],[136,-790],[45,-148],[227,-444],[91,-370],[272,-593],[68,-296],[-23,-246],[-90,-260],[-91,-283],[-68,-408],[-182,-506],[-22,-148],[-68,-246],[-114,-247],[-363,-555],[-204,-198],[-159,-222],[-68,-99],[-113,-247],[-250,-481],[-113,-259],[0,-284],[68,-148],[181,-321],[545,-1382],[23,-160],[-23,-148],[-91,-370],[45,-309],[318,-555],[91,-296],[0,-173],[-68,-531],[22,-283],[69,-259],[521,-1284],[114,-395],[45,-419],[0,-901],[0,-1222],[0,-2912],[0,-2887],[0,-568],[0,-2579],[0,-283],[0,-1111],[0,-2468],[0,-642],[0,-1382],[0,-1431],[0,-2135],[0,-2134],[0,-2135],[0,-2123],[0,-2134],[0,-2135],[0,-2135],[0,-2134],[0,-2135],[0,-2123],[0,-2134],[0,-2135],[0,-2135],[0,-2134],[0,-2135],[0,-2123],[0,-913],[0,-913],[0,-913],[0,-901],[0,-913],[0,-913],[0,-913],[0,-913],[0,-901],[0,-913],[0,-913],[0,-913],[0,-691],[-23,-691],[0,-704],[0,-691],[0,-814],[0,-50],[0,-12],[0,-12],[0,-13],[-22,0],[0,-12],[-23,0],[-23,0],[-635,0],[-930,0],[-749,0],[-794,0],[-839,0],[-726,0],[-522,0],[-1021,0],[0,-913],[0,-913],[0,-901],[0,-913],[-771,444],[-794,444],[-771,445],[-772,444],[-794,444],[-771,444],[-771,445],[-794,456],[-771,444],[-772,445],[-771,444],[-794,444],[-771,444],[-772,444],[-794,445],[-771,456],[-771,444],[-794,445],[-772,444],[-771,444],[-794,444],[-771,445],[-772,444],[-794,444],[-771,457],[-771,444],[-772,444],[-794,444],[-771,444],[-771,445],[-794,444],[-772,444],[-771,457],[-794,444],[-771,444],[-772,444],[-794,445],[-771,444],[-635,370],[-136,74],[-771,444],[-794,457],[-772,444],[-771,444],[-794,444],[-771,445],[-772,444],[-794,444],[-771,444],[-771,445],[-794,456],[-772,444],[-771,445],[-794,444],[-771,444],[-772,444],[-771,444],[-794,445],[-771,456],[-772,444],[-794,445],[-771,444],[-771,444],[-794,444],[-772,444],[-567,334],[-136,-25],[-272,-136],[-363,-197],[-363,-185],[-363,-198],[-363,-185],[-363,-197],[-363,-185],[-363,-198],[-363,-185],[-363,-197],[-363,-185],[-363,-198],[-385,-185],[-363,-197],[-363,-185],[-363,-198],[-363,-185],[-91,-62],[-23,0],[-1066,-629],[-1089,-629],[-1066,-642],[-1089,-629],[-386,-235],[-113,-12],[-91,49],[-272,284],[-794,753],[-794,753],[-794,752],[-771,753],[-363,333],[-726,444],[-658,161],[-545,148],[-567,148],[-544,136],[-567,148],[-545,148],[-567,136],[-545,148],[-567,148],[-544,135],[-567,148],[-545,149],[-567,135],[-544,148],[-567,148],[-545,136],[-567,148],[-476,1037],[-454,962],[-703,1530],[0,25],[-454,975],[-431,950],[-182,222],[-204,123],[-249,87],[-1997,703],[-1520,531],[-1202,419],[-136,25],[-136,-12],[-681,-272],[-748,-296],[-250,-25],[-113,50],[-817,703],[-114,136],[-90,259],[-114,679],[-113,197],[-930,580],[-91,197],[0,1012],[-45,1037],[-23,962],[-91,457],[-227,469],[-975,1419],[-772,1123],[-952,1419],[-885,1283],[-159,407],[159,346],[91,123],[113,284],[227,222],[45,99],[23,123],[23,148],[2223,1111],[113,148],[250,938],[0,148],[-68,209],[0,247],[159,790],[-23,99],[-91,86],[-295,161],[-68,74],[-45,135],[-136,765],[-522,1950],[0,123],[23,124],[113,284],[91,431],[91,161],[249,308],[68,136],[-68,148],[-91,173],[-22,148],[158,111],[182,99],[91,148],[431,1456],[22,62],[0,296],[-907,2505],[-91,419],[318,2567],[159,1221],[-23,1395],[-136,1110],[-499,1752],[-499,1753],[-749,1419],[-794,1221],[-340,395],[-363,444],[-159,235],[1475,827],[1406,740],[182,49],[453,37],[182,87],[771,1024],[658,1073],[590,654],[385,815],[91,296],[0,234],[-159,519],[-22,259],[45,284],[-23,135],[-204,408],[-181,777],[-477,1246],[0,124],[68,481],[91,173],[409,444],[431,740],[317,259],[703,0],[341,124],[113,86],[91,99],[68,111],[113,247],[273,246],[68,247],[68,580],[136,148],[113,-12],[114,-62],[113,-49],[136,37],[204,173],[227,135],[204,210],[250,580],[181,173],[1951,925],[1634,778],[454,284],[68,74],[136,123],[113,222],[-23,309],[-158,259],[-409,407],[-136,284],[0,407],[91,765],[-45,765],[113,494],[0,407],[23,111],[181,703],[-23,321],[137,-25],[226,-86],[91,-62],[68,-185],[114,-74],[204,-99],[748,-111],[227,-86],[-113,136],[-408,123],[-114,136],[295,-161],[681,-222],[1474,-913],[272,-271],[227,-74],[409,-259],[499,-235],[295,-74],[2404,-259],[590,49],[1565,457],[273,111],[204,160],[91,62],[158,25],[431,24],[590,-111],[68,-37],[68,-49],[1248,-654],[295,-74],[1066,49],[272,-37],[545,-160],[476,-210],[1157,-185],[68,-25],[114,-111],[22,-24],[114,-37],[227,-223],[340,-222],[567,-469],[272,-296],[137,-49],[1020,-173],[91,-49],[91,-87],[295,-148],[113,-49],[1157,-49],[1293,-222],[295,-99],[136,-25],[91,-49],[227,-309],[227,-135],[91,-87],[45,-259],[68,-148],[136,-271],[250,-358],[45,-111],[0,-161],[-68,-259],[-23,-296],[0,-173],[23,-530],[68,-260],[749,-1937],[158,-271],[681,-950],[408,-432],[477,-371],[1769,-826],[1997,-346],[2314,-24],[1361,-297],[1361,-468],[1089,-235],[204,0],[68,-25],[45,-37],[227,-123],[182,-173],[68,-37],[45,-24],[930,-272],[499,-247],[522,-172],[454,-87],[91,-74],[181,-259],[113,-111],[114,-49],[567,-136],[998,-370],[204,-124],[182,-173],[567,-653],[1520,-1148],[363,-395],[181,-173],[409,-222],[272,-49],[113,-62],[931,-604],[249,-112],[567,-86],[567,-12],[590,61],[318,99],[295,87],[522,246],[703,469],[113,62],[295,49],[114,74],[839,654],[1043,1259],[273,481],[159,210],[226,185],[114,111],[408,852],[295,802],[23,320],[-23,938],[-113,185],[-159,482],[-136,209],[-273,284],[-113,148],[-431,1197],[-23,296],[0,321],[-22,123],[-114,272],[-45,136],[-23,308],[23,333],[91,605],[90,284],[-22,74],[-23,74],[-23,86],[46,62],[68,111],[567,1197],[159,222],[1202,1197],[91,148],[295,358],[136,74],[249,111],[114,86],[90,99],[908,716],[1474,617],[863,580],[748,370],[295,62],[1180,-74],[295,24],[521,136],[250,148],[975,864],[91,37],[295,24],[295,74],[159,-135],[295,-111],[295,-74],[272,-25],[1361,148],[45,25],[69,111],[22,24],[136,25],[68,0],[68,-25],[68,-49],[0,-37],[0,-49],[23,-74],[204,-210],[250,-49],[590,12],[249,-86],[613,-469],[136,-62],[91,-49],[113,-25],[295,-25],[1475,-432],[340,-222],[113,-37],[68,-12],[227,-86],[68,-13],[227,13],[136,-38],[272,-135],[273,-50],[136,-49],[68,-74],[23,-99],[-46,-74],[-91,-135],[-22,-75],[45,-444],[68,-111],[91,-86],[136,-74],[-68,-148],[-68,-457],[-114,50],[0,61],[0,62],[-45,62],[-45,61],[-114,-604],[23,-148],[91,-74],[385,-149],[136,-24],[114,-62],[113,-136],[91,-160],[91,-222],[91,-50],[90,-24],[91,-50],[45,-86],[46,-148],[68,-62],[0,124],[-91,321],[136,-37],[272,-13],[46,-25],[181,-148],[46,-24],[794,-62],[862,12],[1089,-246],[998,-408],[-159,-148],[-23,-49],[46,-37],[159,-62],[408,-308],[136,-37],[1202,12],[1679,-123],[567,172],[136,99],[68,37],[250,-49],[68,12],[45,25],[46,12],[45,-25],[23,-24],[91,-50],[90,-24],[114,-62],[204,-37],[249,-99],[749,-148],[227,-148],[91,-234],[-46,-296],[-22,-161],[45,-123],[227,-235],[317,-493],[46,-124],[91,-209],[113,-210],[-23,-25],[0,-25]]]}