{"type":"Topology","transform":{"scale":[0.000001980039600593971,0.0000039681962661869226],"translate":[-61.080010800108,13.71518163896721]},"objects":{"LCA":{"type":"MultiPolygon","arcs":[[[0]]]}},"arcs":[[[98181,74467],[1818,-7659],[0,-6383],[-7273,-19574],[1819,-11064],[-5455,-12340],[-1818,-1702],[-1818,-426],[-5455,-851],[-3636,-851],[-1818,-2128],[-3637,-9787],[-3636,-1276],[-1818,-426],[-1818,0],[-9091,5957],[-38182,7234],[-9090,4681],[-1819,1702],[-1818,1277],[-1818,2127],[1818,3830],[1818,2553],[-1818,5107],[0,1702],[-1818,1276],[0,1277],[-1818,2553],[1818,2979],[5455,4681],[0,2127],[3636,3405],[10909,8510],[5454,5532],[12728,8936],[1818,1277],[5454,1276],[1818,1277],[1819,1276],[1818,4681],[1818,1702],[12727,8511],[7273,2553],[9091,-1702],[-1819,-4255],[3637,-2128],[5454,-1702],[3637,-2128],[1818,-2978],[1818,-10639]]]}