{"type":"Topology","transform":{"scale":[0.0000014040280804210866,0.0000020938567532221286],"translate":[9.47709477094773,47.05276267826133]},"objects":{"LIE":{"type":"MultiPolygon","arcs":[[[0]]]}},"arcs":[[[74358,1613],[-15384,-1613],[-43590,3226],[-15384,2419],[0,4032],[7692,4839],[10257,5645],[7692,6452],[0,9677],[-7692,8064],[-7693,6452],[-5128,8064],[2564,16129],[12821,16129],[10256,8871],[7692,-4032],[10256,-4839],[-2564,-7258],[2564,-4032],[5129,-4032],[7692,-6452],[0,-3226],[-7692,-7258],[0,-4032],[20512,-6451],[17949,-10484],[7692,-12097],[-5128,-12096],[-20513,-12097]]]}