{"type":"Topology","transform":{"scale":[0.000022356447126707134,0.0000390571828242151],"translate":[79.6561965619656,5.924086115728429]},"objects":{"LKA":{"type":"MultiPolygon","arcs":[[[0]],[[1]],[[2]],[[3]],[[4]]]}},"arcs":[[[96939,40121],[-644,-303],[-644,259],[-161,130],[-161,43],[0,130],[0,130],[0,43],[161,1643],[-161,562],[-483,216],[-161,216],[-1610,1254],[0,303],[-161,173],[-161,259],[-161,259],[0,260],[161,259],[0,216],[-161,303],[483,-303],[644,-735],[322,-345],[161,-130],[322,-649],[1127,-994],[483,-432],[805,-2249],[0,-518]],[[10145,80112],[1449,-822],[-644,87],[-1288,346],[-805,86],[1127,-735],[966,-605],[322,-389],[-966,86],[-805,303],[-483,302],[-322,173],[-484,130],[-1771,951],[-966,216],[-805,216],[-805,130],[-322,43],[-967,44],[-483,129],[-161,260],[0,216],[644,130],[2094,0],[805,-130],[966,-130],[1933,-432],[1771,-605]],[[2576,91179],[-1127,-43],[-966,216],[-483,303],[0,1038],[161,259],[322,0],[161,-216],[322,-303],[644,-130],[966,-43],[323,-86],[483,-606],[-322,-216],[-484,-173]],[[11111,96151],[161,-43],[805,43],[161,-86],[0,-389],[161,-173],[483,-173],[805,-173],[484,-173],[0,-43],[161,-216],[-322,-173],[-484,0],[-644,129],[-483,130],[-322,43],[-805,-259],[-483,-43],[-805,302],[-644,562],[-1128,1254],[484,432],[161,562],[322,433],[966,129],[483,-86],[0,-216],[-161,-303],[0,-346],[0,-346],[0,-259],[0,-43],[0,-43],[161,-217],[322,-129],[161,-87]],[[36393,93644],[12238,-5664],[161,-43],[322,-303],[483,-389],[966,-475],[483,-476],[-483,-173],[-322,87],[0,43],[-483,302],[-322,87],[-805,86],[-322,-43],[161,-216],[161,-87],[2254,-1210],[966,-303],[-483,346],[-161,260],[0,43],[161,173],[644,86],[161,-86],[483,-822],[484,-475],[1771,-1903],[-483,44],[-805,216],[-644,0],[-323,-346],[323,-130],[805,-43],[644,-259],[161,-562],[322,0],[0,129],[161,87],[161,43],[322,86],[161,-518],[0,-87],[644,-821],[805,-735],[966,-303],[0,-43],[161,-43],[0,-173],[-322,-173],[-322,-87],[-161,87],[-483,432],[-483,173],[-1288,173],[-644,173],[322,-259],[161,-130],[1610,-865],[0,-475],[483,-217],[-483,-259],[-322,-303],[644,-302],[805,43],[645,303],[322,475],[322,433],[1610,-1125],[1449,-1383],[644,-346],[805,-130],[645,-302],[966,-1340],[322,-130],[161,-173],[1127,-259],[483,-692],[644,-1340],[161,259],[161,86],[161,-43],[483,-129],[-161,-217],[1289,-778],[483,-389],[0,-476],[-322,-172],[-483,-130],[-484,-260],[323,44],[322,43],[161,43],[161,43],[966,-1210],[161,-605],[-1127,-130],[161,432],[-322,303],[-483,86],[-323,-475],[161,-346],[323,-216],[161,-260],[-322,-389],[-323,87],[-483,216],[-805,302],[-805,87],[-644,-173],[-644,-432],[161,-260],[805,87],[966,432],[644,-389],[483,-476],[645,-389],[1127,-173],[1932,44],[805,259],[-483,605],[1127,303],[483,86],[484,-43],[483,-173],[644,-302],[322,-346],[322,-1038],[644,-1297],[0,-346],[0,-346],[-483,217],[-644,691],[-483,130],[0,-173],[161,-821],[0,-87],[322,-303],[322,-86],[161,-86],[644,0],[483,-130],[322,-951],[322,-692],[0,-130],[161,-389],[161,-259],[966,-1816],[322,-1167],[-805,-649],[-483,1081],[0,130],[-805,1081],[-322,0],[0,-822],[0,-259],[0,-44],[0,-129],[0,-173],[161,-87],[483,-86],[0,-43],[322,-562],[805,-303],[805,0],[323,562],[161,0],[322,-303],[161,-86],[322,-908],[322,-346],[483,-302],[322,-303],[644,-735],[161,130],[322,129],[161,87],[161,-216],[-161,-130],[0,-87],[161,-86],[0,-43],[0,-130],[322,130],[483,129],[161,87],[161,-130],[0,-173],[0,-216],[-161,-216],[0,-173],[0,-130],[322,-346],[483,-259],[484,-130],[322,-346],[-322,0],[0,-43],[-161,-43],[-161,-43],[-162,-303],[-161,-259],[484,-865],[322,-216],[644,-389],[966,86],[322,0],[322,-519],[322,-345],[161,-87],[1932,-1167],[645,-562],[0,-476],[-967,-173],[-483,173],[-966,778],[-644,303],[-805,130],[-483,0],[-483,-303],[-322,-562],[483,-130],[483,-43],[483,87],[322,259],[483,-86],[483,-130],[161,-130],[161,-86],[0,-260],[483,-346],[644,-302],[483,-303],[484,-475],[-323,-130],[0,-130],[162,-216],[161,-216],[322,173],[-161,346],[483,-87],[966,-432],[322,-216],[805,-1168],[0,-86],[-322,-649],[0,-43],[0,-43],[322,-216],[0,-130],[-161,-173],[-322,-130],[-161,-172],[161,-217],[161,-173],[161,-129],[161,-130],[322,-173],[-483,-216],[0,-87],[0,-86],[483,-43],[322,259],[322,0],[322,-1037],[0,-390],[322,0],[0,390],[161,345],[161,303],[161,216],[0,173],[0,43],[0,173],[0,44],[322,-44],[323,-216],[161,-216],[161,-519],[644,-648],[1127,-2162],[-161,-6009],[0,-433],[483,-908],[161,-518],[-322,-1038],[-2093,-4064],[-161,-389],[0,-562],[-161,-476],[-645,-691],[-161,-346],[-161,-433],[-966,-778],[-322,-346],[322,-605],[-483,-778],[-4187,-3762],[-1449,-821],[-2576,-1038],[-967,-172],[-1127,-346],[-8212,-3718],[-1611,-476],[-5475,-1124],[0,389],[-322,173],[-161,-43],[-322,-44],[-161,-172],[0,-433],[-322,-173],[-322,-43],[-483,-130],[-966,-346],[-966,-259],[-4670,-562],[-2255,-432],[-2576,-260],[-1127,-259],[-644,-519],[-1127,130],[-806,-173],[-483,-87],[-1610,-735],[-1771,-735],[-805,-518],[-1772,43],[-805,-43],[-644,-130],[-644,-216],[-966,-433],[-322,-43],[-322,-43],[-806,173],[-805,216],[-483,87],[-322,43],[-2576,-173],[-644,86],[-484,217],[-161,259],[-161,173],[-161,130],[-805,-260],[-644,-43],[-1288,130],[-161,0],[-322,43],[-161,130],[-161,129],[-322,43],[-161,-43],[-161,-86],[-161,-43],[-322,0],[0,43],[-162,0],[-161,259],[-161,43],[-161,0],[-322,87],[-1771,389],[-805,86],[-644,44],[-966,475],[-161,43],[-484,130],[-322,-216],[-805,389],[-3703,2205],[-322,130],[0,43],[0,86],[-161,87],[0,216],[0,130],[-162,86],[-483,303],[-2093,2507],[0,217],[0,216],[0,216],[0,130],[-483,432],[-322,1210],[-805,822],[-483,1210],[-322,433],[0,43],[-161,86],[-323,87],[0,130],[0,173],[162,43],[322,-43],[-322,1383],[0,87],[-967,1383],[-3864,5577],[-483,1946],[-161,173],[0,1859],[161,43],[322,605],[161,303],[0,302],[-2094,4324],[322,648],[-161,-389],[322,-259],[161,-173],[161,-216],[484,-865],[161,-216],[322,0],[0,259],[161,87],[161,0],[0,778],[-161,346],[-161,302],[-161,87],[-645,43],[-322,130],[0,43],[-161,173],[161,173],[161,216],[0,173],[-2093,9122],[-322,346],[161,130],[161,0],[322,-130],[0,432],[322,519],[0,260],[161,259],[-322,389],[-322,346],[-161,216],[0,260],[0,907],[-966,2897],[-161,303],[-483,648],[-483,1340],[-805,1038],[-1128,2897],[0,821],[161,-86],[161,0],[0,-87],[161,476],[-161,1513],[-322,432],[805,260],[645,518],[483,606],[322,475],[161,303],[1288,1210],[0,-43],[-644,-864],[-805,-865],[161,-216],[0,-43],[322,-173],[483,-130],[483,0],[-483,-692],[-322,-519],[-322,-86],[-161,0],[-161,-87],[0,-259],[0,-605],[0,-173],[-805,-1384],[0,-259],[0,-519],[805,-519],[322,-129],[-966,-1081],[1449,-562],[2093,-130],[966,432],[-161,476],[-322,346],[-161,130],[-161,129],[-322,260],[-483,173],[-161,302],[1449,1600],[0,302],[-161,217],[-161,173],[-161,216],[-161,302],[161,519],[0,216],[0,44],[-161,216],[-161,43],[0,43],[-161,87],[161,302],[161,216],[644,433],[0,302],[161,519],[483,1081],[323,2508],[322,259],[322,173],[161,173],[161,346],[0,1081],[161,518],[644,346],[805,260],[483,346],[161,129],[483,822],[0,43],[161,216],[322,519],[483,2507],[-1127,1557],[161,302],[0,1816],[-161,606],[0,302],[-322,216],[-161,260],[483,129],[483,87],[483,43],[2577,1340],[1288,389],[644,260],[322,648],[483,606],[322,908],[1450,2118],[0,130],[161,302],[322,606],[0,1470],[0,259],[0,130],[-483,43],[-1289,389],[-483,259],[-322,476],[0,86],[-322,606],[0,302],[644,346],[966,260],[1128,216],[805,86],[483,87],[966,778],[0,43],[161,43],[483,130],[322,87],[483,43],[-322,432],[-322,216],[-322,173],[-644,389],[-805,346],[-3382,1124],[-644,476],[1449,-43],[1450,-303],[2576,-908],[2577,-346],[805,-259],[966,-519],[322,-259],[-644,-173],[161,-173],[161,-173],[-322,-173],[966,-346],[2254,303],[4026,907],[1127,-86],[2416,-346],[2737,-735],[2094,-216],[-3060,1167],[-966,303],[-966,86],[-161,44],[-161,43],[-805,346],[-322,86],[-161,43],[-484,0],[-483,-43],[-322,-43],[-161,-43],[0,-130],[-161,-43],[-644,259],[-161,43],[-1610,-43],[-322,87],[-3221,1556],[-1288,476],[-483,129],[-2416,562],[-805,303],[-483,0],[0,-648],[322,-173],[483,-217],[322,-259],[-322,-303],[-322,-43],[-322,87],[-322,129],[-805,260],[-1610,821],[-966,