{"type":"Topology","transform":{"scale":[0.00002433648672730082,0.0000208879097075461],"translate":[27.002070020700216,-30.658940436280254]},"objects":{"LSO":{"type":"MultiPolygon","arcs":[[[0]]]}},"arcs":[[[0,47534],[444,1132],[148,808],[296,485],[443,0],[296,-566],[296,324],[296,808],[296,162],[296,0],[148,-243],[147,-323],[296,-81],[296,81],[1332,1455],[147,162],[1184,485],[1183,80],[444,162],[740,404],[1183,243],[888,404],[1331,808],[148,162],[0,162],[296,404],[296,485],[0,566],[296,162],[887,0],[296,161],[148,890],[444,727],[1775,1859],[148,243],[148,323],[148,566],[-148,404],[-296,243],[-148,323],[148,324],[296,323],[443,81],[444,242],[296,566],[148,404],[148,1132],[0,404],[740,405],[1627,565],[444,162],[295,323],[0,566],[-295,1132],[0,404],[295,405],[444,323],[444,162],[296,161],[2367,2910],[887,1779],[0,323],[-148,809],[296,404],[148,-404],[296,81],[296,242],[296,81],[-296,404],[-592,566],[-148,485],[592,162],[592,242],[443,566],[888,1132],[148,81],[148,-81],[148,0],[148,162],[0,404],[0,81],[148,161],[0,243],[0,404],[0,647],[443,404],[592,242],[444,405],[-296,808],[4734,-323],[1035,485],[444,727],[148,728],[444,647],[591,323],[740,-81],[444,-485],[444,-485],[443,-243],[1036,0],[444,81],[0,324],[0,404],[148,323],[1627,2102],[1775,2021],[148,323],[1183,1698],[444,647],[444,646],[444,-161],[2219,242],[443,0],[888,-323],[887,-162],[1036,162],[740,323],[887,728],[1036,1940],[887,889],[740,324],[5769,404],[740,162],[2366,1697],[592,81],[888,-647],[444,-646],[443,-809],[296,-889],[296,-2021],[444,-647],[1775,-81],[592,-485],[1183,-2344],[296,-243],[1331,-242],[740,-243],[592,-404],[591,-485],[444,-647],[1627,-2991],[2367,-2425],[592,81],[887,-323],[888,-405],[444,-485],[0,-970],[148,-566],[591,-404],[888,-242],[1479,-647],[3403,-3638],[1331,-485],[1627,0],[1331,-566],[148,-2748],[444,-566],[592,-485],[592,-647],[295,-808],[444,-1698],[1184,-1617],[443,-970],[0,-323],[0,-728],[0,-323],[148,-323],[592,-566],[148,-243],[-148,-727],[-740,-1132],[-147,-728],[147,-727],[-295,-485],[-296,-405],[-444,-404],[-1183,-485],[-1184,-404],[-1183,-485],[-740,-889],[-296,-1051],[-148,-970],[0,-243],[296,-1132],[592,-727],[-592,-485],[-148,-728],[0,-808],[-444,-566],[-3106,-1051],[-1183,-970],[-740,-1132],[-444,-1374],[-740,-1455],[0,-81],[-147,-1132],[-148,-1212],[-148,-1132],[591,-889],[592,-405],[148,-323],[0,-485],[0,-647],[444,-889],[148,-485],[-296,-404],[-444,-243],[-1035,-323],[-592,-243],[-3255,-2021],[-1627,-1050],[-4733,-3153],[-2663,-1132],[-2663,-566],[-3698,-1455],[-1479,0],[-1923,808],[-740,81],[-592,-161],[-1775,-1051],[-1035,-404],[-1923,323],[-1036,-162],[-887,-727],[-296,-647],[-740,-1374],[-592,-647],[-443,-323],[-444,-728],[-296,-243],[-444,-242],[-1183,-162],[-740,-323],[-887,-485],[-592,-728],[-148,-889],[444,-647],[591,-323],[592,-404],[0,-1051],[-296,-1051],[-443,-647],[-3551,-2829],[-296,-566],[148,-323],[444,-890],[148,-404],[-148,-404],[-592,-2264],[-148,-242],[-295,-485],[-444,-243],[-296,-242],[-296,-243],[-296,-404],[-296,-970],[0,-808],[148,-728],[0,-970],[-1035,404],[-4734,485],[-887,243],[-888,404],[-296,323],[-444,324],[-295,323],[-444,162],[-444,-81],[-740,-404],[-443,-81],[-1628,242],[-1479,485],[-1183,809],[-2219,2506],[-2515,1940],[-296,404],[-148,404],[0,485],[-148,405],[-887,1374],[-1184,1051],[0,485],[-148,566],[-1627,727],[-592,485],[-443,728],[-296,1213],[-296,323],[-592,0],[-887,-404],[-296,0],[-444,0],[-888,242],[-443,81],[148,728],[-1036,2586],[0,1375],[888,2263],[591,647],[0,485],[-295,323],[-740,162],[-888,0],[-443,-162],[-444,162],[-444,808],[-296,647],[-592,2345],[-591,970],[-1923,1616],[-740,970],[-1183,2749],[-3403,8165],[-296,727],[-1183,1860],[-592,485],[-591,323],[-592,485],[-296,162]]]}