{"type":"Topology","transform":{"scale":[0.000058753175057625986,0.000025565315519179363],"translate":[20.925209252092515,53.88643488947662]},"objects":{"LTU":{"type":"MultiPolygon","arcs":[[[0]],[[1]]]}},"arcs":[[[1103,54227],[-1103,396],[1287,2906],[674,2312],[735,3170],[184,3303],[61,660],[-61,198],[61,331],[-122,792],[61,2444],[-184,1123],[552,-925],[245,-1717],[61,-3435],[-61,-462],[-123,-661],[-61,-462],[0,-1519],[-184,-594],[-245,-661],[-123,-594],[307,-529],[0,-264],[-245,-396],[-307,-793],[-245,-859],[-122,-792],[-246,-793],[-796,-1453],[0,-726]],[[96506,69616],[123,-924],[61,-991],[0,-1057],[-184,-859],[-306,-660],[-429,-661],[-368,-726],[-61,-925],[307,-792],[0,-463],[-613,-792],[-184,-463],[-184,-1453],[-122,-396],[-429,-991],[-184,-726],[122,-397],[246,-264],[1041,-462],[245,0],[1042,330],[2819,-661],[428,-396],[123,-660],[-184,-595],[-429,-396],[-429,-198],[-674,-198],[-245,-199],[-490,-660],[-245,-462],[-123,-463],[-122,-1056],[-184,-1123],[-245,-595],[-429,-66],[-1777,1057],[-245,-66],[-123,-198],[-122,-198],[-123,-199],[-122,-66],[-184,0],[-1838,661],[-797,-198],[-551,-1057],[0,-462],[0,-991],[-62,-462],[-61,-331],[-613,-1783],[-306,-661],[-306,-528],[-245,-396],[-613,-463],[-2083,-528],[-307,0],[-613,198],[-306,0],[-613,-396],[-245,-198],[-61,-331],[0,-330],[-123,-396],[-367,-528],[-368,-463],[-368,-462],[-183,-727],[61,-330],[122,-793],[0,-330],[-61,-330],[-61,-66],[-123,0],[-183,-132],[-368,-396],[-184,-397],[-61,-528],[61,-1982],[0,-396],[-61,-396],[-123,-397],[-61,-396],[0,-462],[123,-793],[367,-1387],[123,-726],[-62,-793],[-245,-594],[-367,-463],[-1042,-858],[-245,-463],[-184,-792],[-61,-991],[0,-859],[-61,-726],[-307,-859],[-796,-1255],[-307,-859],[0,-990],[245,-463],[368,-198],[735,66],[981,727],[245,66],[245,-198],[122,-331],[62,-330],[184,-726],[61,-132],[61,0],[184,66],[61,0],[184,-265],[123,-264],[183,-396],[62,-396],[122,-132],[61,-66],[62,-67],[61,-264],[-61,-132],[-184,-396],[-61,-198],[0,-1784],[-123,-594],[-429,-396],[-184,-66],[-612,132],[-184,-132],[-307,-463],[-183,-198],[-368,0],[-1471,330],[-490,331],[-367,528],[-123,660],[123,265],[490,264],[122,264],[-122,330],[-368,331],[0,396],[368,264],[367,-66],[184,132],[-1225,2246],[-62,198],[-122,132],[-245,66],[-429,-264],[-674,-1321],[-368,-396],[-1409,-132],[-1103,528],[-306,-66],[-184,-462],[-368,-1850],[-306,-859],[-674,-1056],[-735,-595],[-797,-198],[-1287,727],[-796,132],[-797,-132],[-122,-66],[-491,-397],[-61,-264],[0,-264],[61,-264],[-61,-198],[-306,-265],[-123,-264],[-122,0],[-62,-132],[123,-594],[184,-859],[245,-661],[122,-726],[0,-1057],[-245,-660],[-306,-265],[-1103,-198],[-306,0],[-246,331],[-245,792],[-61,66],[-61,0],[-61,0],[-368,-462],[-1103,-264],[-858,-661],[-1961,-2378],[-612,-462],[-613,0],[-552,264],[-551,-66],[-306,66],[-184,396],[-307,1123],[-490,793],[-551,264],[-552,-132],[-1041,-793],[-491,-198],[-1102,0],[-307,66],[-490,463],[-245,132],[-245,-66],[-1348,-991],[-123,-66],[-122,66],[-307,264],[-122,66],[-245,-198],[-307,-264],[-1041,-198],[-858,-529],[-245,0],[-307,132],[-1532,1255],[-612,199],[61,264],[61,198],[-61,198],[-123,198],[-183,198],[-123,265],[-61,330],[0,462],[61,132],[123,198],[183,199],[246,594],[0,925],[-246,1783],[-122,859],[-184,858],[-245,793],[-306,594],[-123,66],[-368,132],[-183,199],[-123,330],[-368,792],[-122,331],[-306,330],[-368,396],[-1348,727],[-674,528],[-1042,1189],[-306,198],[-368,-132],[-367,-198],[-429,0],[-307,594],[0,397],[123,462],[61,330],[-122,198],[-552,133],[-245,198],[-61,198],[-123,330],[-61,330],[-184,199],[-184,66],[-367,-133],[-184,67],[-1042,726],[-368,66],[-428,-264],[0,-66],[-429,-1057],[-307,-396],[-1041,2444],[-429,1387],[-123,1519],[123,3038],[367,1849],[62,727],[0,396],[-123,925],[0,396],[61,264],[368,727],[61,132],[-61,198],[-61,198],[61,199],[61,66],[123,0],[184,264],[306,198],[123,198],[245,529],[551,528],[245,330],[184,727],[61,660],[-61,727],[-245,1585],[-123,528],[-245,331],[-980,594],[-184,330],[184,529],[-184,66],[-184,264],[-122,264],[-123,198],[-122,66],[-981,0],[-245,198],[-245,463],[-184,858],[-306,1784],[-184,792],[-184,199],[-61,198],[-429,264],[-1777,-661],[-2819,463],[-367,0],[-1838,-595],[-184,-330],[-245,-330],[-307,-330],[-367,-67],[-491,199],[-367,462],[-123,660],[0,595],[-61,462],[-184,198],[-490,-66],[-429,-462],[-122,-66],[-184,66],[-429,396],[-613,198],[-306,265],[-552,660],[-1225,330],[-307,331],[-245,528],[-1225,1255],[-674,396],[-1716,132],[-613,661],[-1103,2378],[-490,660],[-429,-66],[-1409,-1519],[61,198],[-122,859],[0,330],[122,132],[123,-66],[122,0],[123,396],[-61,331],[-123,462],[-122,396],[-123,198],[-123,199],[-61,396],[0,858],[-184,67],[-980,-1255],[-61,264],[0,132],[674,1981],[122,265],[307,462],[0,925],[-245,1585],[-184,1189],[0,330],[-123,132],[-122,198],[-184,330],[-61,397],[0,462],[61,264],[0,331],[-61,396],[-613,2246],[-184,660],[0,727],[-123,396],[-735,1585],[-122,264],[-184,132],[-123,265],[-61,924],[-123,793],[-306,3302],[0,1718],[61,396],[123,594],[61,331],[0,3368],[-61,1387],[613,198],[980,0],[735,264],[245,727],[123,1057],[306,1255],[429,858],[552,859],[674,727],[490,330],[796,66],[246,66],[2389,2378],[613,396],[1532,66],[4779,2906],[307,198],[1899,1123],[735,-66],[307,-198],[674,-594],[306,-199],[5086,199],[1041,-331],[62,0],[490,-330],[735,-991],[307,-198],[245,66],[2389,1255],[613,595],[490,462],[613,132],[551,-396],[429,-1123],[613,-1982],[797,-726],[858,264],[857,1189],[-183,396],[306,265],[1961,594],[429,-132],[1103,-595],[1776,-990],[613,-66],[1042,792],[551,198],[1165,-66],[490,132],[122,-66],[123,-330],[61,-264],[-61,-264],[61,-132],[490,-66],[1164,330],[613,0],[184,-132],[1900,-727],[1593,-1651],[551,-396],[552,-132],[429,132],[2083,1387],[551,132],[552,-330],[1041,-991],[552,-198],[613,330],[980,726],[306,463],[1410,2378],[674,660],[612,330],[1532,925],[184,0],[368,-198],[122,0],[123,396],[0,396],[61,463],[245,264],[368,-132],[306,-661],[429,-1651],[429,-2378],[184,-726],[184,-396],[551,-793],[184,-396],[306,-1255],[491,-1189],[612,-595],[4106,-924],[1777,-397],[1164,265],[858,-529],[306,-66],[980,132],[245,-132],[123,-330],[306,-1321],[123,-396],[245,-265],[980,-924],[491,-727],[1286,-1849],[1532,-1321],[981,-793],[1041,-1585],[1655,-1849],[429,-925],[428,-1189],[858,-2048],[1103,-1056],[2329,-1519],[980,-331],[980,-132]]]}