{"type":"Topology","transform":{"scale":[0.000007884157682365328,0.000007328498636277308],"translate":[5.715057150571511,49.442099515145344]},"objects":{"LUX":{"type":"MultiPolygon","arcs":[[[0]]]}},"arcs":[[[51141,92626],[-913,-2074],[-457,-1843],[-913,-3917],[913,0],[457,0],[-457,-461],[-1370,-1613],[1370,-461],[913,-1152],[457,-2765],[0,-1613],[457,-1152],[2283,-2304],[1826,-3686],[913,-1383],[1370,1843],[2283,-2304],[4110,-6912],[1826,-1613],[4567,-1152],[1826,-922],[457,-691],[456,-922],[913,-1382],[0,-461],[914,-230],[2283,921],[913,0],[2283,-921],[3653,-2535],[1827,-921],[2283,-461],[6392,0],[3653,-692],[457,0],[913,-691],[0,231],[-457,-231],[0,-1152],[0,-230],[-913,-2996],[0,-921],[457,-461],[0,-691],[-1370,-692],[0,-1152],[457,-1152],[456,-921],[913,-922],[-913,230],[-913,-230],[-457,-461],[914,-921],[456,-231],[-9589,-4147],[-1826,-1844],[456,-460],[457,-461],[913,-461],[0,-922],[-456,-691],[-914,-922],[-913,-1843],[-3653,-2995],[-1826,-2074],[-457,-1382],[0,-4378],[-457,-1383],[-913,-4378],[457,-4147],[0,-922],[-2283,231],[-3653,1152],[-5936,3226],[-457,230],[-3196,922],[-3653,230],[-7306,-691],[913,-1152],[-3653,-231],[-913,-230],[-913,-922],[457,-691],[-457,-922],[-1370,-230],[-1370,-1383],[-1826,-460],[-10959,-461],[-2283,-461],[-1827,3687],[-2283,1843],[-7762,1382],[-3196,922],[-2284,1613],[-4109,3687],[3196,921],[2740,2074],[1370,2304],[-2283,691],[1370,922],[913,1382],[1826,3226],[914,922],[1369,691],[457,1152],[-457,2074],[-913,461],[-2740,230],[-913,461],[-456,922],[456,460],[457,461],[0,922],[0,691],[456,691],[914,461],[-457,691],[0,461],[-457,691],[-913,0],[-913,-230],[-913,230],[-457,231],[-1826,461],[-914,460],[0,231],[0,1843],[-456,691],[-2740,4148],[-913,921],[-1827,692],[-1369,0],[-1370,461],[-914,1612],[-913,1844],[-456,1613],[913,1152],[1370,691],[-1370,922],[456,460],[0,231],[457,461],[0,691],[3196,-231],[-1369,1383],[-2740,1382],[-1370,461],[457,1383],[4566,5299],[456,922],[0,691],[914,691],[913,922],[913,461],[1827,230],[913,691],[1370,1844],[-457,691],[-913,922],[0,1843],[913,691],[2740,691],[913,692],[0,1152],[0,1382],[0,1383],[913,921],[1827,1152],[456,692],[457,921],[457,2304],[456,922],[1827,1383],[5022,1382],[1827,1382],[913,2074],[457,1843],[913,1153],[2740,230],[2283,1152],[456,-691],[457,-1152],[913,-1152],[1370,-231],[457,-230],[1369,-231],[2740,461],[1370,461],[457,461],[1369,230],[1370,-1152],[457,-1152],[0,-1382],[457,-1152],[1826,-461]]]}