{"type":"Topology","transform":{"scale":[0.00007250545010175155,0.00002409623860361221],"translate":[20.968409684096855,55.66619533193298]},"objects":{"LVA":{"type":"MultiPolygon","arcs":[[[0]]]}},"arcs":[[[88033,77224],[2433,70],[-50,-1541],[0,-981],[-149,-841],[-49,-701],[347,-631],[1440,-1121],[745,-1332],[198,-350],[1391,-1401],[248,-421],[199,-561],[49,-981],[-49,-2312],[-100,-1261],[-149,-911],[-397,-631],[-1291,-1051],[-248,-631],[198,-701],[348,-350],[298,-421],[99,-1051],[-49,-420],[-249,-911],[-99,-491],[0,-420],[-50,-841],[-49,-421],[-894,-3293],[-298,-1402],[199,-140],[248,-70],[1142,1051],[596,281],[596,-281],[298,-420],[546,-1051],[298,-421],[99,-560],[-298,-982],[-298,-981],[-149,-630],[248,-771],[1341,-1542],[149,-771],[0,-1822],[50,-911],[198,-630],[248,-491],[1093,-911],[248,-280],[99,-491],[-99,-350],[-348,-561],[-99,-490],[50,-421],[99,-350],[745,-1542],[99,-350],[50,-421],[-50,-1471],[50,-911],[99,-841],[546,-2873],[50,-421],[-50,-630],[-99,-281],[-99,-280],[-100,-420],[-149,-981],[-49,-982],[-149,-981],[-248,-770],[-547,630],[-595,-420],[-249,-281],[-347,-490],[-596,-421],[-596,-210],[-149,-210],[-198,-350],[-149,-421],[-149,-560],[-149,-491],[-944,-1261],[-447,-771],[-49,-981],[-447,-1332],[-1341,-1541],[-397,-1822],[-99,-1963],[-99,-911],[-149,-630],[-398,-70],[-1737,210],[-447,280],[-447,421],[-298,700],[-298,-560],[-646,-1121],[-297,-141],[-348,351],[-844,1191],[-348,280],[-546,211],[-1787,-421],[-298,-350],[-795,-1612],[-794,-2523],[-298,-490],[-1092,-981],[-298,-70],[-745,490],[-397,70],[-298,-280],[-298,-911],[-794,140],[-795,351],[-1887,1611],[-893,1122],[-696,2172],[-347,1261],[-348,981],[-1340,1962],[-844,1682],[-795,841],[-1241,1402],[-1043,1962],[-397,771],[-794,981],[-199,280],[-99,421],[-249,1401],[-99,350],[-198,141],[-795,-141],[-248,71],[-695,560],[-944,-280],[-1440,420],[-3326,981],[-497,631],[-397,1261],[-248,1332],[-149,420],[-447,841],[-149,421],[-149,771],[-348,2522],[-347,1752],[-248,701],[-298,140],[-199,-280],[-50,-491],[0,-420],[-99,-421],[-99,0],[-298,211],[-149,0],[-1241,-981],[-497,-351],[-546,-701],[-1142,-2522],[-248,-491],[-795,-771],[-496,-350],[-447,210],[-844,1051],[-447,351],[-447,-141],[-1688,-1471],[-348,-140],[-447,140],[-446,420],[-1291,1752],[-1540,771],[-148,140],[-497,0],[-943,-350],[-398,70],[-49,140],[49,280],[-49,281],[-100,350],[-99,70],[-397,-140],[-943,70],[-447,-210],[-844,-841],[-497,70],[-1440,1051],[-894,631],[-347,140],[-1589,-631],[-248,-280],[149,-420],[-695,-1262],[-696,-280],[-645,771],[-497,2102],[-347,1191],[-447,421],[-497,-140],[-397,-491],[-496,-631],[-1937,-1331],[-198,-70],[-249,210],[-595,1051],[-398,351],[-49,0],[-844,350],[-4121,-210],[-249,210],[-546,631],[-248,210],[-596,70],[-1539,-1191],[-248,-211],[-3873,-3083],[-1242,-70],[-496,-420],[-1937,-2523],[-198,-70],[-646,-70],[-397,-351],[-546,-771],[-447,-911],[-347,-911],[-249,-1331],[-99,-1121],[-199,-771],[-595,-280],[-795,0],[-496,-211],[-50,211],[-99,1541],[-199,1332],[-645,2593],[-149,911],[-50,911],[50,210],[99,841],[50,490],[0,421],[0,420],[-149,1612],[-50,841],[50,771],[99,630],[199,561],[49,350],[100,351],[0,490],[0,771],[99,421],[-99,700],[-50,771],[99,421],[248,-421],[50,-420],[99,-1121],[100,-491],[-199,-561],[99,-140],[100,-70],[0,-631],[0,-280],[-199,-560],[348,-701],[99,-140],[99,70],[100,280],[49,280],[-149,911],[-49,701],[49,701],[50,490],[-50,281],[-99,700],[-50,421],[-99,280],[-50,210],[-248,351],[-149,140],[-99,0],[-99,140],[-100,280],[-49,491],[0,140],[99,210],[149,1682],[496,2383],[149,1401],[100,3504],[-50,841],[-99,771],[-50,701],[199,700],[1142,1262],[99,350],[943,911],[249,491],[496,1261],[149,280],[149,141],[397,560],[447,701],[298,771],[248,1191],[199,1472],[0,1681],[-50,491],[-149,1121],[50,421],[99,560],[50,351],[-50,2733],[50,841],[99,770],[149,701],[248,561],[199,280],[199,280],[546,2243],[943,2172],[1539,4835],[398,771],[595,491],[2533,280],[595,280],[2731,2383],[3972,3574],[596,280],[298,0],[149,140],[199,141],[149,140],[198,-70],[149,-141],[0,-70],[-49,-70],[-100,-350],[-99,-1542],[-50,-1682],[50,-840],[99,-631],[795,-1822],[3078,-4345],[993,-2032],[1093,-1542],[695,-701],[496,-210],[149,-140],[50,-280],[0,-421],[99,-420],[298,-981],[50,-210],[149,-701],[99,-841],[99,-1402],[149,-770],[199,-351],[99,-420],[397,-3784],[149,-701],[199,-210],[248,-141],[646,-1261],[1142,-771],[1191,-420],[149,-211],[695,-1611],[100,-210],[99,-71],[645,-350],[845,-140],[2383,911],[844,701],[347,280],[547,701],[248,630],[149,561],[198,420],[547,211],[546,560],[1340,1472],[100,631],[248,420],[348,350],[198,141],[50,490],[99,280],[348,351],[893,1752],[298,1191],[149,1612],[-49,1962],[-348,5186],[0,1541],[-99,911],[-149,421],[-50,490],[50,1051],[149,1542],[-149,2453],[-100,560],[-595,1612],[-199,771],[0,771],[-149,1962],[0,981],[0,491],[99,560],[149,421],[596,-421],[397,70],[348,281],[149,420],[199,981],[198,350],[546,421],[695,1121],[298,70],[944,-140],[844,140],[248,281],[248,1121],[199,420],[447,-140],[347,-350],[348,-141],[149,211],[298,420],[298,351],[1092,280],[348,350],[844,1402],[149,280],[298,350],[347,141],[646,0],[347,-351],[199,-841],[149,-1051],[149,-911],[198,-280],[199,0],[447,420],[298,561],[-100,631],[-397,1121],[50,771],[149,280],[248,-70],[248,-350],[100,-281],[149,-771],[99,-210],[149,-140],[49,0],[100,140],[149,0],[546,-490],[844,-1612],[546,-561],[497,-210],[99,-140],[149,-280],[0,-281],[0,-280],[99,-350],[298,-631],[298,-280],[348,-70],[298,70],[744,420],[149,70],[249,0],[198,-631],[149,-840],[149,-841],[348,-491],[2879,-420],[199,-141],[99,-210],[50,-420],[-50,-210],[-99,-281],[-50,-350],[50,-841],[149,-561],[1490,-2032],[446,-841],[1341,-3434],[447,-911],[596,-700],[149,-70],[1092,-771],[248,-421],[447,-1051],[248,-490],[249,70],[198,280],[149,210],[149,-70],[248,-280],[149,-70],[149,70],[50,280],[50,280],[99,281],[397,560],[447,421],[447,280],[1092,-70],[248,70],[249,421],[198,560],[149,631],[199,561],[248,140],[149,-211],[199,-280],[198,-70],[249,70],[248,0],[447,-210],[347,-421],[497,-1261],[298,-561],[298,-280],[1092,-70],[2135,-1261],[447,420]]]}