{"type":"Topology","transform":{"scale":[6.840136802048386e-7,0.0000011482440259604399],"translate":[113.51813518135185,22.105722093014336]},"objects":{"MAC":{"type":"MultiPolygon","arcs":[[[0]],[[1]]]}},"arcs":[[[57894,50000],[15789,-1471],[10527,0],[0,-4412],[-5263,-2941],[-5264,-1471],[-5263,0],[-5263,-8823],[10526,-1471],[5264,-1470],[10526,1470],[0,-1470],[-5263,-2941],[5263,-1471],[10526,0],[0,-2941],[0,-1471],[0,-2941],[-5263,-1470],[-10526,2941],[5263,-4412],[-5263,-1470],[-5263,1470],[-5264,1471],[-5263,-4412],[0,-4412],[0,-4411],[-10526,2941],[-10526,-2941],[0,-1471],[-5263,0],[-5263,1471],[-5263,4411],[10526,1471],[-5263,23529],[-15790,7353],[0,2941],[5264,7353],[5263,1471],[5263,0],[15789,2941],[5263,-2941]],[[15789,83823],[10527,4411],[-5264,2942],[0,-1471],[-5263,-1471],[-5263,4412],[5263,1471],[10527,0],[0,2941],[5263,2941],[5263,-2941],[0,-1471],[10526,-1470],[5263,-1471],[0,-4412],[5263,-2941],[-10526,0],[-5263,-1470],[5263,-1471],[0,-1470],[10526,2941],[-5263,-4412],[0,-1471],[-5263,1471],[0,-1471],[0,-1470],[0,-1471],[0,-1470],[-5263,-1471],[-5263,-4412],[-5263,0],[-5263,0],[-5264,-4411],[-5263,0],[-5263,-4412],[-10526,8823],[5263,1471],[0,4412],[5263,2941],[5263,7353]]]}