{"type":"Topology","transform":{"scale":[0.00000136802736041053,8.949549025869304e-7],"translate":[-63.146431464314645,18.03287371805726]},"objects":{"MAF":{"type":"MultiPolygon","arcs":[[[0]]]}},"arcs":[[[28947,32075],[0,5660],[-5263,-1886],[-13158,-5661],[-2631,0],[-5263,5661],[-2632,5660],[2632,3774],[21052,1886],[13158,3774],[7894,11321],[5264,16980],[5263,7548],[13157,7547],[15790,5660],[10526,0],[0,-24528],[5263,-33962],[0,-32075],[-5263,-9434],[-50000,28302],[-15789,3773]]]}