{"type":"Topology","transform":{"scale":[0.00015980719612794191,0.000145067123926862],"translate":[-17.011970119701203,21.420159721441962]},"objects":{"MAR":{"type":"MultiPolygon","arcs":[[[0]]]}},"arcs":[[[72673,99987],[45,-163],[90,-139],[91,-117],[135,-116],[-23,-105],[23,-163],[90,-361],[22,-291],[23,-81],[45,-70],[45,-47],[45,-11],[90,23],[45,-12],[0,-34],[0,-105],[0,-47],[90,-372],[68,-140],[135,-105],[270,-174],[226,-187],[518,-686],[90,-58],[158,-35],[112,-24],[135,-81],[203,-175],[180,-221],[113,-116],[270,-82],[338,-291],[248,-128],[901,-244],[834,-175],[743,-198],[180,-11],[135,35],[361,209],[856,128],[518,221],[541,93],[270,117],[68,-82],[-23,-23],[-90,-23],[-23,-24],[23,-46],[45,-47],[90,-116],[90,-35],[135,-12],[181,-11],[112,11],[203,12],[158,70],[45,116],[67,186],[113,129],[180,58],[158,-12],[113,-81],[270,-222],[135,-81],[473,-58],[158,-93],[90,0],[67,11],[68,0],[68,-23],[135,-58],[45,-23],[338,-24],[248,58],[788,245],[135,81],[271,268],[67,35],[68,0],[45,-23],[67,-24],[90,12],[203,175],[225,547],[181,221],[-23,70],[23,58],[67,23],[68,-46],[22,-47],[-22,-128],[22,-81],[-67,-210],[90,-256],[22,-35],[0,-12],[-135,-104],[23,-187],[135,-128],[180,59],[90,-117],[-45,-58],[-22,-105],[-23,-116],[23,-221],[45,-93],[45,-82],[90,-105],[158,-104],[225,-70],[450,-35],[-270,198],[-473,500],[-90,140],[22,58],[91,-58],[292,-303],[45,-70],[316,-279],[248,-140],[338,-104],[653,-82],[270,23],[158,35],[90,59],[135,139],[135,82],[113,35],[608,-210],[135,-23],[136,-47],[180,-81],[157,-58],[23,-268],[45,-186],[113,-140],[202,-58],[226,-152],[202,-174],[203,-117],[271,-35],[90,-46],[22,-82],[0,-93],[45,-104],[90,-94],[316,-186],[225,-174],[653,-385],[113,-104],[-23,-47],[-90,-58],[-135,-314],[-338,-466],[-45,-116],[744,-699],[225,-70],[67,-34],[-653,-734],[225,-267],[158,-303],[451,-1269],[22,-105],[23,-81],[-23,-140],[-293,-1106],[-22,-326],[67,-337],[68,-210],[-23,-69],[-45,-105],[-67,-70],[-68,-58],[-45,-70],[-45,-105],[45,-116],[90,-58],[225,-70],[113,-70],[68,-82],[270,-628],[45,-221],[-90,-198],[-90,-128],[-113,-384],[-90,-175],[-67,-175],[0,-675],[45,-221],[338,-291],[112,-198],[68,-209],[135,-175],[158,-140],[180,-116],[112,-105],[45,-139],[0,-163],[-22,-152],[-23,-69],[-22,-59],[-45,-58],[-45,-46],[-248,-187],[834,-1315],[202,-163],[406,-140],[1757,-1245],[90,-163],[-360,-373],[-203,-151],[-248,-93],[-248,-35],[-112,-46],[-91,-129],[-67,-116],[-90,-244],[-90,-641],[-23,-81],[0,-58],[0,-58],[-45,-70],[-45,-35],[-90,-82],[-23,-35],[23,-116],[90,0],[248,82],[112,0],[136,-35],[90,-82],[45,-140],[-135,-244],[-248,-58],[-473,23],[-45,0],[-158,0],[-225,12],[-316,23],[-383,12],[-428,23],[-473,12],[-518,23],[-540,23],[-541,23],[-563,35],[-541,24],[-518,23],[-496,12],[-450,23],[-383,23],[-856,35],[-1127,-291],[-1171,-93],[-361,-198],[429,-1071],[270,-675],[-1104,-151],[-1352,-384],[-1824,-303],[-226,-23],[-270,58],[-428,-210],[-90,-1781],[-451,-35],[-360,-232],[-68,-93],[-22,-128],[22,-524],[0,-152],[-135,-209],[-45,-140],[23,-116],[67,-58],[113,-12],[113,47],[180,162],[90,47],[112,-23],[91,-93],[180,-256],[112,-105],[226,-105],[67,-58],[45,-128],[45,-128],[0,-128],[338,-524],[-338,-524],[-315,-291],[45,-431],[45,-442],[-1194,-570],[-1036,-245],[-969,-46],[-743,-198],[-608,-338],[-699,-861],[-878,-675],[-924,-384],[-653,-338],[-518,-384],[-699,-582],[-653,-431],[-608,-628],[-451,-815],[-563,-873],[-653,-815],[-609,-198],[-540,198],[-203,629],[-788,-105],[-744,-140],[-788,0],[-924,0],[-878,-93],[-924,-244],[-856,-93],[-541,-489],[-1081,430],[-698,59],[-496,-59],[-698,-279],[-564,-582],[-720,35],[-113,-47],[-158,-11],[-135,0],[-270,46],[-293,24],[-203,-93],[-383,-385],[-112,-69],[-293,-152],[-383,-349],[-654,-431],[-585,-523],[-203,-140],[-698,-303],[-428,-279],[-428,-384],[-91,-58],[-225,-105],[-90,-70],[-225,-372],[-68,-70],[-293,-152],[-270,-221],[-811,-419],[-113,-105],[-67,-128],[-23,-186],[0,-314],[0,-419],[0,-408],[0,-407],[0,-419],[0,-407],[0,-419],[0,-408],[0,-419],[0,-407],[0,-419],[0,-408],[0,-419],[0,-407],[0,-419],[0,-408],[0,-419],[-450,0],[-406,0],[0,-11],[23,-315],[203,-570],[45,-489],[-90,-302],[-68,-385],[22,-360],[136,-396],[135,-419],[0,-268],[-248,-209],[-586,-117],[-721,-93],[-518,0],[-766,70],[-495,-23],[-406,0],[-383,-59],[-473,-267],[-495,-408],[-654,-558],[-383,-338],[-518,-81],[-518,0],[-518,279],[-315,140],[-226,-12],[-338,-198],[-428,-128],[-383,0],[-653,279],[-766,408],[-450,209],[-654,58],[-630,140],[-474,-70],[-563,0],[-788,-267],[-653,-210],[-699,-209],[-811,-187],[203,-617],[270,-337],[0,-419],[-135,-349],[-383,-338],[-428,-442],[-270,-349],[-248,-478],[-203,-267],[-338,-454],[-292,-571],[-91,-349],[-112,-396],[-226,-128],[-788,-105],[-518,-139],[-428,-140],[-158,-233],[-22,-35],[-136,-488],[0,-350],[-135,-267],[-180,-687],[-248,-629],[-180,-826],[-203,-687],[-247,-1106],[-248,-1036],[-316,-966],[-247,-617],[-181,-349],[-450,-407],[-361,-280],[-450,-349],[-496,-337],[-698,-408],[-563,-349],[-226,-163],[-270,-186],[-428,-477],[-383,-699],[-248,-547],[-428,-896],[-315,-489],[-203,-268],[-495,-268],[-564,-209],[-630,-279],[-496,-280],[-676,-267],[-450,-280],[-316,-407],[-248,-489],[-315,-699],[-248,-744],[-112,-489],[-383,-1653],[-136,-966],[-112,-617],[-203,-769],[-113,-1163],[0,-967],[-135,-547],[-67,-419],[-293,-477],[-248,-349],[-450,-477],[-383,-280],[-113,-279],[-383,-338],[-360,-558],[-316,-338],[45,-279],[68,-489],[-180,-477],[-181,-559],[-518,-687],[-563,-337],[-811,-70],[-1126,0],[-879,70],[-1059,0],[-946,128],[-856,151],[-1081,58],[-744,0],[-946,-128],[-2433,0],[-946,-81],[-1374,-268],[-383,-70],[0,175],[248,1012],[45,303],[-23,268],[0,151],[113,186],[22,82],[0,81],[0,82],[-22,35],[-68,81],[-22,35],[22,93],[23,210],[135,279],[45,291],[45,163],[653,1373],[226,245],[45,58],[0,47],[67,163],[45,35],[113,69],[23,47],[112,233],[68,104],[135,59],[45,35],[45,35],[68,0],[45,-24],[67,-35],[68,-81],[676,279],[135,105],[113,151],[90,175],[225,791],[22,128],[68,70],[293,326],[90,105],[68,442],[22,582],[45,152],[68,244],[45,116],[135,175],[0,70],[-23,58],[-22,47],[0,81],[22,47],[45,128],[23,35],[23,23],[135,23],[157,35],[203,186],[203,245],[67,139],[46,140],[22,140],[0,174],[-45,152],[-135,35],[-248,-70],[45,128],[113,209],[45,82],[293,279],[45,47],[450,1106],[68,93],[67,35],[90,81],[271,489],[90,454],[68,128],[90,140],[225,407],[315,361],[23,35],[90,81],[45,47],[45,70],[23,139],[22,82],[90,151],[113,128],[67,128],[45,175],[0,302],[-22,129],[-68,162],[23,35],[22,59],[-90,-59],[0,-81],[23,-93],[-23,-105],[-45,-47],[-157,-116],[-68,-23],[-68,0],[-67,11],[-45,-11],[-113,-93],[-67,-82],[-46,-81],[-90,-233],[-90,-151],[0,-47],[-22,-81],[-68,-140],[0,-58],[-67,-82],[-271,-268],[-112,70],[45,117],[135,163],[45,104],[225,431],[383,547],[45,105],[90,128],[90,105],[473,396],[203,81],[248,163],[90,81],[203,24],[180,104],[113,152],[112,151],[248,303],[180,267],[248,175],[90,93],[45,128],[45,82],[586,477],[338,372],[428,664],[158,186],[202,175],[113,81],[135,70],[135,35],[271,47],[112,81],[226,163],[0,163],[0,35],[90,163],[135,186],[158,116],[157,94],[113,93],[90,139],[68,443],[135,407],[67,326],[68,198],[23,93],[0,116],[-23,105],[-23,93],[46,117],[-46,46],[46,93],[22,105],[23,117],[0,116],[0,105],[-68,151],[-23,93],[23,605],[-45,175],[180,803],[45,105],[180,698],[293,396],[90,82],[45,58],[181,454],[45,302],[22,47],[45,128],[45,209],[248,641],[473,663],[158,303],[45,93],[23,140],[90,302],[45,93],[-23,117],[68,384],[-23,105],[-45,209],[23,70],[45,70],[67,209],[23,70],[360,454],[45,47],[316,70],[338,174],[518,512],[90,117],[45,116],[90,105],[135,58],[699,70],[112,58],[653,338],[1127,803],[766,489],[383,419],[360,756],[135,361],[113,559],[180,407],[203,862],[113,267],[518,757],[0,35],[-45,58],[0,47],[90,46],[338,780],[202,710],[0,140],[45,128],[113,256],[23,128],[0,35],[45,116],[67,70],[181,93],[202,163],[226,70],[112,116],[270,431],[136,501],[67,139],[113,93],[113,70],[585,221],[1127,198],[923,-23],[1104,361],[1712,279],[68,58],[135,140],[45,12],[113,35],[1396,593],[1848,803],[202,152],[158,186],[248,407],[90,105],[112,93],[91,117],[45,139],