{"type":"Topology","transform":{"scale":[6.840136802054071e-7,4.5592042207254426e-7],"translate":[7.367473674736743,43.717822570243015]},"objects":{"MCO":{"type":"MultiPolygon","arcs":[[[0]]]}},"arcs":[[[99999,55555],[-5263,-7407],[-21053,-18519],[-21052,-29629],[-31579,3704],[-21052,7407],[0,25926],[5263,25925],[26316,25926],[26315,11111],[26316,-18518],[15789,-25926]]]}