{"type":"Topology","transform":{"scale":[0.000035136702730541134,0.00003024272133081248],"translate":[26.616866168661687,45.46212289003182]},"objects":{"MDA":{"type":"MultiPolygon","arcs":[[[0]]]}},"arcs":[[[45082,0],[-820,726],[-205,335],[0,1117],[0,111],[-103,56],[-102,168],[-512,725],[-615,391],[-1639,726],[409,391],[513,335],[410,279],[409,112],[923,0],[409,167],[-205,447],[103,502],[-307,3295],[-205,335],[-513,781],[-409,1005],[-103,950],[103,167],[409,223],[103,168],[-103,167],[-205,391],[-102,224],[0,279],[102,279],[103,223],[-103,279],[-204,224],[-103,223],[0,335],[-717,1675],[-103,447],[103,335],[307,1172],[0,168],[-205,111],[0,168],[103,167],[205,112],[205,447],[102,223],[512,1117],[103,782],[307,781],[0,279],[-205,224],[-205,223],[-512,670],[-102,279],[409,112],[308,112],[102,167],[-102,558],[102,224],[205,111],[410,112],[205,112],[410,279],[307,670],[103,112],[0,390],[-205,670],[102,224],[308,111],[204,168],[103,1005],[205,112],[205,111],[102,0],[103,168],[-205,502],[410,112],[204,279],[0,279],[0,1005],[-102,280],[0,55],[-205,-55],[-102,111],[-308,559],[-102,279],[102,1228],[103,279],[205,112],[-205,558],[102,447],[308,447],[204,335],[0,446],[-102,335],[0,168],[-307,893],[-1537,2568],[0,615],[-1230,1563],[-410,949],[0,224],[103,390],[0,280],[-307,335],[0,390],[0,335],[-513,280],[205,502],[0,56],[0,502],[-615,1229],[-409,558],[-820,893],[-103,56],[-204,503],[-513,-224],[-717,224],[-615,335],[-717,111],[0,503],[-307,223],[-820,447],[-922,782],[-205,111],[-307,112],[-103,56],[103,279],[0,223],[-1230,503],[-307,391],[307,56],[103,167],[-103,223],[-102,224],[0,56],[-410,893],[-717,726],[-308,391],[103,446],[-615,782],[-307,279],[-718,112],[-205,111],[-204,168],[-308,112],[-717,167],[-307,56],[-308,502],[-717,1285],[-307,223],[-103,56],[-410,223],[308,1005],[-513,335],[103,391],[102,335],[103,279],[205,168],[-205,279],[-308,279],[-409,223],[-410,112],[-103,-56],[-717,56],[-102,56],[-103,56],[-205,111],[-205,0],[-307,224],[-205,502],[-205,894],[-102,0],[-308,55],[-102,56],[0,112],[0,335],[-103,112],[-102,167],[-102,447],[0,167],[-103,112],[-820,279],[-819,614],[-1845,1899],[-614,893],[-308,726],[615,111],[0,224],[-102,223],[0,335],[-103,279],[0,56],[-102,112],[-513,335],[-102,111],[-102,280],[-410,502],[-308,503],[-410,223],[1025,447],[-205,279],[-307,112],[-410,111],[-307,168],[102,223],[-102,1005],[0,168],[-513,446],[-614,279],[-308,335],[512,503],[0,167],[0,56],[-204,56],[-615,391],[410,223],[205,279],[-103,335],[-307,280],[-410,-168],[-205,447],[-410,446],[-717,-279],[-103,112],[0,112],[-102,111],[0,168],[615,167],[0,279],[-717,335],[-718,447],[-512,670],[-205,782],[103,223],[307,279],[0,168],[-205,167],[-205,168],[-307,111],[-308,-223],[-512,112],[-820,391],[0,223],[615,0],[308,279],[0,279],[-1025,280],[-205,335],[-102,390],[-410,224],[-205,-168],[-308,-391],[-307,-111],[-102,558],[-205,279],[-1230,949],[-307,-167],[-615,670],[-512,167],[-1127,-167],[-615,56],[-307,502],[-308,-335],[-307,56],[-615,447],[-615,-56],[-1434,-503],[0,280],[205,558],[307,391],[1025,446],[102,391],[103,335],[615,-167],[409,-391],[308,-391],[307,-335],[512,-223],[615,56],[308,223],[102,447],[0,614],[-205,614],[-102,447],[0,279],[307,335],[102,0],[513,-168],[205,0],[205,224],[102,223],[102,223],[308,56],[922,-335],[922,-614],[1025,-447],[1024,168],[308,223],[205,-56],[204,-111],[308,55],[307,-55],[205,55],[-102,168],[-103,223],[0,112],[0,223],[-102,279],[102,224],[308,111],[307,-111],[615,-279],[2971,-894],[922,0],[1127,391],[103,168],[1536,1507],[1025,391],[615,-112],[819,-558],[410,-112],[410,168],[1742,1116],[615,726],[1229,0],[308,56],[717,391],[614,-56],[103,-893],[615,-224],[3483,56],[1025,-391],[1742,-1005],[512,-390],[512,-670],[308,-391],[307,-112],[615,-782],[1127,-335],[1024,-111],[1537,-168],[512,-223],[513,-391],[205,-614],[-615,-1284],[410,-224],[615,-55],[512,111],[819,559],[513,55],[205,-502],[102,-670],[308,-391],[409,-112],[718,112],[614,279],[410,335],[512,224],[1332,111],[513,-56],[205,-223],[102,-670],[-205,-670],[-307,-279],[-410,-223],[-410,-391],[-205,-503],[0,-447],[308,-279],[614,112],[513,391],[307,502],[307,391],[718,56],[409,-223],[308,-447],[-103,-503],[-410,-446],[718,-1284],[409,-280],[513,-335],[307,56],[103,279],[0,559],[205,558],[0,168],[512,1172],[717,224],[922,0],[2562,-838],[1946,-56],[1025,-112],[820,-446],[204,-279],[103,-224],[0,-223],[102,-223],[410,-838],[103,-893],[0,-168],[205,-223],[512,-335],[205,-279],[512,-782],[922,-782],[615,-335],[410,-279],[922,-279],[1024,168],[1230,1284],[922,335],[512,0],[308,-112],[410,-279],[307,-391],[205,-558],[307,-1117],[205,-502],[410,-224],[1127,-279],[307,-167],[-102,-447],[-512,-447],[-513,-446],[-307,-391],[-307,-559],[0,-391],[307,-167],[1025,-279],[307,-279],[102,-391],[-307,-391],[-820,-838],[-205,-1060],[0,-1173],[-204,-1228],[-820,-1005],[-717,-782],[-308,-837],[308,-1340],[205,-335],[102,-112],[410,-1005],[205,-335],[615,-335],[204,223],[308,335],[512,168],[410,-168],[512,-670],[820,-502],[205,-335],[102,-391],[308,-335],[307,-224],[512,-55],[410,-168],[410,-391],[102,-558],[0,-447],[103,-502],[102,-112],[308,-391],[410,-279],[409,-167],[410,0],[513,111],[512,391],[102,447],[205,502],[308,503],[512,56],[615,-56],[512,-112],[512,-335],[308,-614],[307,-726],[0,-782],[-307,-558],[-718,-335],[-102,-670],[307,-1731],[-205,-837],[-409,-391],[-615,-168],[-717,-56],[-103,-55],[0,-112],[0,-112],[103,-111],[819,-1285],[205,-223],[308,223],[307,391],[307,391],[513,56],[409,-223],[308,-335],[205,-447],[0,-503],[-205,-446],[-308,-335],[-307,-335],[-205,-1229],[-102,-446],[-103,-112],[0,-391],[308,-391],[102,0],[717,0],[308,-111],[409,-391],[205,-168],[513,-111],[922,-56],[410,-168],[512,-335],[615,-893],[512,-279],[922,-112],[820,56],[819,-112],[820,-502],[205,-223],[205,-615],[102,-167],[308,-56],[205,168],[307,111],[307,-167],[0,-224],[0,-726],[103,-279],[102,-223],[308,-503],[102,-223],[103,-614],[-308,-2066],[-102,-391],[-103,-279],[-102,-335],[0,-447],[102,-335],[308,-670],[102,-335],[-307,-670],[-717,-111],[-410,-56],[102,-726],[308,-391],[1331,-446],[0,-56],[205,-335],[103,-56],[102,56],[410,167],[103,0],[307,-167],[102,-168],[410,-614],[-205,-279],[1230,-838],[512,-446],[308,223],[409,56],[513,-112],[307,-167],[-615,-1005],[-819,-615],[-1230,-167],[-3381,167],[-410,-111],[-512,-224],[-1127,-725],[-512,-56],[-615,502],[0,224],[0,614],[0,279],[-205,279],[-512,782],[-1537,1116],[-410,559],[0,-949],[-308,-503],[-512,-167],[-819,0],[-205,-224],[102,-781],[-205,-559],[-307,-335],[-512,-111],[-513,55],[-410,168],[-409,447],[-410,725],[-410,280],[-410,111],[-820,168],[-409,111],[-205,280],[-103,223],[103,279],[205,223],[102,224],[102,279],[-102,168],[-102,223],[-718,112],[0,-56],[-614,-224],[-513,-502],[-1229,-1508],[-308,0],[-512,614],[-717,1117],[-410,112],[-512,-670],[-103,-391],[205,-670],[0,-335],[-205,-391],[-205,-56],[-204,56],[-308,-112],[-1024,-893],[-615,-335],[-512,335],[0,335],[204,335],[205,279],[205,335],[103,391],[-103,2792],[-102,726],[-512,446],[-615,0],[-2459,-1116],[-512,-168],[-1025,-335],[-2152,-1117],[-614,-725],[-103,-950],[205,-1228],[512,-1563],[0,-503],[-205,-558],[-205,-503],[103,-446],[410,-503],[0,-56],[1024,-670],[718,-558],[102,-726],[-307,-781],[-615,-894],[-1025,-893],[-205,-559],[103,-781],[512,-1452],[-102,-670],[-718,-279],[-4917,-1005],[-513,-279],[-307,-503],[0,-558],[307,-1117],[205,-558],[-102,-670],[-205,-447],[-308,-279],[-614,-223],[-820,-168],[-205,-167],[0,-168],[103,-335],[0,-335],[-103,-279],[-717,-391],[-1947,-112],[-410,-670],[103,-223],[102,-391],[-205,-223],[-819,-223],[-513,-280],[-307,-279],[-615,-781],[-205,-391],[205,-224],[513,-223],[307,-335],[205,-447],[0,-446],[205,-447],[307,-447],[-717,-335],[-205,-111],[-102,-279],[0,-56],[0,-56],[204,-1117],[-102,-391],[-615,-223],[-1844,56],[-2152,447],[-2049,111],[-1434,-949],[-308,-391],[-204,-391],[0,-223]]]}