{"type":"Topology","transform":{"scale":[0.00007279345586183799,0.00013653972343994947],"translate":[43.22383223832239,-25.5982743584418]},"objects":{"MDG":{"type":"MultiPolygon","arcs":[[[0]],[[1]],[[2]]]}},"arcs":[[[90949,62441],[-248,-161],[-99,198],[50,198],[346,358],[50,99],[0,99],[49,198],[49,136],[99,87],[297,185],[940,742],[49,111],[0,112],[50,111],[148,99],[148,74],[544,149],[-49,-174],[-495,-531],[-395,-557],[-643,-754],[-495,-347],[-395,-432]],[[70078,90427],[99,-148],[99,-174],[50,-74],[148,-49],[-49,-124],[-198,-136],[-50,-99],[99,-49],[198,-75],[148,-74],[0,-86],[-49,-62],[-148,-25],[-149,-25],[-148,0],[-50,13],[-49,37],[-49,37],[0,25],[-99,-13],[-198,-49],[-495,49],[-148,37],[-198,75],[-99,0],[0,-99],[-49,0],[-50,12],[0,12],[-49,13],[-149,86],[-99,161],[-49,309],[49,149],[50,123],[0,87],[-198,37],[148,99],[198,-25],[198,-49],[198,37],[99,-50],[148,-24],[99,-13],[149,25],[0,62],[-50,49],[-99,62],[-49,62],[0,148],[99,87],[148,37],[247,0],[248,-37],[98,-87],[0,-123],[-148,-124],[148,-37]],[[84173,98923],[-49,-185],[99,-223],[198,-260],[49,-111],[-99,-12],[-494,309],[-149,12],[-99,-62],[-99,-86],[-99,-50],[-148,25],[-198,87],[-99,99],[0,98],[-148,-37],[-99,-61],[-99,-62],[-49,-87],[197,-49],[-49,-87],[-247,-210],[198,0],[296,-25],[248,-49],[148,-62],[-50,-50],[-197,-86],[-50,-37],[0,-62],[50,-74],[99,-25],[98,62],[149,123],[99,37],[99,-49],[148,-111],[0,-37],[-99,-50],[0,-49],[149,-13],[296,-12],[99,12],[99,37],[99,136],[-198,198],[50,99],[247,74],[198,-49],[395,-322],[0,-86],[50,-87],[0,-99],[148,-123],[149,-74],[98,-99],[0,-161],[99,99],[99,62],[149,24],[197,13],[248,-13],[49,-49],[99,-50],[198,-123],[99,-87],[0,-86],[-99,-38],[-198,25],[-148,37],[-149,13],[-148,-75],[297,-148],[198,-111],[148,-13],[297,174],[346,-446],[99,-160],[49,-198],[-49,-87],[-149,12],[-99,75],[-49,99],[0,197],[-49,-197],[197,-421],[-99,-161],[-98,-74],[-50,-74],[0,-87],[50,-86],[98,-124],[99,13],[99,49],[149,12],[197,-74],[297,-124],[248,-148],[98,-136],[50,-87],[99,-160],[49,-74],[-49,-99],[-149,-161],[-98,-99],[148,37],[99,12],[148,-12],[99,-37],[50,86],[98,62],[99,62],[50,210],[99,62],[148,13],[198,-38],[-50,-74],[-49,-24],[198,-25],[198,-50],[148,-62],[346,-173],[50,-49],[-50,-186],[0,-61],[198,-198],[99,-75],[198,-24],[198,0],[197,0],[99,-62],[0,-149],[-99,-37],[-148,-24],[-49,-50],[197,-136],[198,-49],[198,-37],[148,-62],[50,-149],[49,-99],[346,-197],[50,-75],[49,-395],[-148,-594],[49,-111],[50,-149],[0,-111],[49,-99],[396,-284],[49,-124],[-49,-309],[49,-112],[198,-61],[149,24],[148,50],[148,-13],[99,-111],[0,-124],[-99,-247],[50,-198],[198,-420],[148,-210],[50,-38],[148,-61],[49,-37],[50,-62],[-50,-136],[0,-62],[50,-149],[49,-49],[50,-25],[49,-25],[50,0],[49,-12],[99,0],[0,-37],[0,-37],[49,-37],[50,-87],[-148,-247],[98,-124],[99,-74],[297,-346],[148,-248],[149,-1459],[247,-544],[50,-210],[0,-260],[-149,-210],[0,-124],[-49,-260],[49,-148],[99,-87],[346,-173],[198,-210],[50,-210],[-198,-569],[-149,-223],[0,-111],[0,-136],[198,-346],[99,-816],[346,-396],[50,-260],[-99,-247],[-297,-87],[99,-86],[346,-99],[198,-62],[99,-99],[99,-124],[148,-470],[989,-1125],[248,-198],[643,-420],[148,-124],[148,-247],[149,-75],[148,-62],[198,-61],[148,-186],[149,-235],[49,-470],[0,-37],[-99,-124],[-99,-111],[0,-49],[0,-50],[50,-74],[-50,-49],[-99,-186],[-49,-62],[49,-74],[0,-62],[50,-49],[-99,-62],[-149,-87],[-49,-49],[-99,-260],[-247,-358],[-50,-137],[-49,-197],[-1236,-1200],[-99,-210],[148,-37],[-99,-99],[-989,-668],[-346,-408],[-149,-99],[-197,-25],[-248,13],[-198,0],[-197,-87],[-297,371],[-198,111],[-346,-24],[-692,309],[-248,148],[-99,223],[-49,371],[-50,62],[-148,24],[-198,87],[-198,99],[-99,74],[-98,99],[-50,124],[-49,123],[0,112],[49,123],[99,99],[49,87],[-148,111],[-99,49],[-99,25],[-49,0],[-149,13],[-49,12],[-396,272],[-49,87],[99,235],[0,123],[-99,371],[0,50],[49,37],[50,49],[-99,62],[-99,12],[-247,13],[-346,-87],[-495,-37],[-890,0],[-445,-74],[-297,-148],[-791,-569],[0,-186],[296,-420],[0,-112],[0,-99],[-148,-197],[-49,0],[99,-87],[197,-87],[149,-98],[99,-235],[197,-248],[99,-371],[99,-222],[248,-198],[0,-87],[-50,-123],[-99,-124],[-395,-384],[-149,-210],[0,-247],[99,-235],[198,-210],[346,-173],[890,-174],[396,-123],[297,-235],[99,-210],[-297,-693],[-50,-284],[99,-248],[248,-111],[148,-50],[0,-111],[-50,-284],[-49,-99],[0,-62],[0,-247],[-99,-99],[-692,-643],[-396,-248],[-643,-247],[50,-334],[99,-161],[197,-161],[297,-136],[297,-74],[297,-25],[395,13],[-445,-124],[-396,-74],[-840,-62],[-346,-99],[-643,-37],[-297,-25],[-247,-86],[-149,-112],[-939,-952],[-643,-915],[-693,-853],[-99,-520],[50,-111],[395,-346],[643,-1806],[99,-470],[-148,-507],[-495,-865],[-692,-1113],[0,-124],[0,-124],[99,-111],[49,-50],[149,-86],[49,-62],[50,-87],[-99,-37],[-149,-24],[-99,-50],[-445,-408],[-346,-1447],[-99,-99],[-247,-161],[-99,-99],[-346,-494],[-791,-854],[-693,-1360],[-1088,-1249],[-494,-383],[-1237,-2301],[-1780,-2238],[-445,-1150],[-50,-173],[50,-272],[-445,-668],[-99,99],[-198,111],[-148,74],[-149,-74],[50,-86],[346,-235],[99,-112],[-50,-99],[-1137,-1187],[-791,-1063],[-347,-545],[-742,-1150],[-1384,-2609],[-149,-111],[-148,-124],[-148,-111],[49,-99],[198,86],[99,-25],[49,-98],[-49,-112],[-99,-111],[-198,-210],[-99,-136],[0,-248],[-148,-247],[-495,-581],[-49,-112],[-50,-222],[-197,-619],[-198,-272],[-198,-173],[-1731,-2795],[-1780,-2028],[-1731,-2016],[-198,-482],[-445,-495],[-594,-1941],[-247,-445],[-50,-693],[-494,-804],[-495,-717],[-346,-1076],[-1632,-2449],[-148,99],[-99,87],[-50,12],[-148,-99],[-148,-161],[99,-37],[197,-12],[248,-62],[49,-198],[-692,-1546],[-742,-989],[-247,-210],[-99,-50],[-198,-74],[-99,-25],[-148,-24],[-50,0],[-49,-37],[0,-25],[49,-25],[0,-37],[0,-25],[-99,-185],[-198,-235],[-49,-50],[-791,-1063],[-99,-50],[-198,25],[-297,62],[-49,-37],[198,-408],[-347,-1175],[-1186,-1422],[-347,-272],[0,-112],[0,-222],[-99,-112],[-692,-272],[-198,-222],[99,-470],[-148,-186],[-149,87],[-99,99],[-49,111],[0,111],[-99,-111],[0,-99],[0,-111],[0,-136],[-49,-136],[-99,-62],[-396,-74],[-247,-75],[-396,-173],[-643,-395],[-148,-38],[-50,38],[-98,160],[-198,13],[0,-13],[-50,-12],[-791,-284],[-297,-136],[-148,-50],[-396,-74],[-148,-50],[-198,-136],[-148,-61],[-99,12],[-149,25],[-148,0],[-148,-87],[-99,-37],[-940,-136],[-247,12],[-445,62],[-1385,87],[-1583,-13],[-2077,-247],[-2720,-581],[-1731,-433],[-1929,-520],[-1335,-630],[-297,-99],[-296,-62],[-297,-12],[-692,-310],[-940,-98],[-3907,-87],[-198,-25],[-198,-49],[-197,-25],[-248,25],[-148,74],[-99,284],[-148,124],[-396,148],[-1484,273],[-395,148],[-198,99],[-149,222],[-247,99],[-1038,371],[-891,211],[-544,74],[-1483,111],[-1434,37],[-2028,198],[-247,74],[-198,285],[-445,235],[-99,161],[247,-50],[247,-99],[445,-247],[248,-99],[247,0],[99,86],[-50,161],[-197,-25],[-198,50],[-346,173],[-248,74],[-198,50],[-247,24],[-247,0],[-495,99],[-791,446],[-494,111],[-446,0],[-148,25],[-1088,358],[-198,161],[-49,569],[-149,247],[-989,668],[-148,235],[148,655],[-148,248],[-148,123],[-594,310],[-49,24],[-99,37],[-50,62],[-49,62],[-50,149],[-49,61],[-445,198],[-940,309],[-445,223],[-445,519],[-247,1101],[197,1262],[-247,704],[50,75],[99,136],[49,62],[-49,86],[-149,223],[-99,284],[-99,136],[-197,136],[197,149],[0,519],[50,223],[297,148],[939,198],[248,161],[-50,123],[-198,186],[50,136],[198,99],[49,49],[99,124],[0,62],[-50,74],[-148,99],[-346,148],[-247,186],[-594,272],[-99,25],[-99,12],[-99,12],[-99,50],[-49,37],[-49,161],[-149,259],[-49,656],[-149,544],[-197,309],[-396,198],[-940,346],[-148,99],[-198,235],[-198,87],[-247,99],[-495,259],[-296,223],[-149,161],[-49,99],[-99,297],[-148,197],[-99,384],[-149,210],[-49,260],[-99,62],[-198,123],[-49,62],[-99,173],[0,173],[49,334],[-148,680],[-198,347],[-297,334],[-49,74],[49,74],[0,74],[-99,173],[-148,174],[0,148],[297,124],[395,12],[297,-136],[99,111],[-49,124],[-50,136],[0,136],[-494,0],[-149,297],[-49,655],[49,87],[149,148],[0,74],[0,174],[49,74],[49,24],[50,25],[49,50],[50,0],[49,12],[50,12],[49,25],[-99,198],[0,99],[99,87],[50,86],[148,74],[148,-99],[0,-123],[-49,-272],[247,197],[50,347],[0,371],[49,