{"type":"Topology","transform":{"scale":[0.000010656213123196944,0.00007796239217440592],"translate":[72.68652686526866,-0.6883824731322221]},"objects":{"MDV":{"type":"MultiPolygon","arcs":[[[0]],[[1]],[[2]],[[3]],[[4]],[[5]],[[6]],[[7]],[[8]],[[9]],[[10]],[[11]],[[12]],[[13]],[[14]],[[15]],[[16]],[[17]],[[18]],[[19]],[[20]],[[21]],[[22]],[[23]],[[24]],[[25]],[[26]],[[27]],[[28]],[[29]],[[30]],[[31]],[[32]],[[33]],[[34]],[[35]],[[36]],[[37]],[[38]],[[39]],[[40]],[[41]],[[42]],[[43]],[[44]],[[45]],[[46]],[[47]],[[48]],[[49]],[[50]],[[51]],[[52]],[[53]],[[54]],[[55]],[[56]],[[57]],[[58]],[[59]],[[60]],[[61]],[[62]],[[63]],[[64]],[[65]],[[66]],[[67]],[[68]],[[69]],[[70]],[[71]],[[72]],[[73]],[[74]],[[75]],[[76]],[[77]],[[78]],[[79]],[[80]],[[81]],[[82]],[[83]],[[84]],[[85]],[[86]],[[87]],[[88]],[[89]],[[90]],[[91]],[[92]],[[93]],[[94]],[[95]],[[96]],[[97]],[[98]],[[99]],[[100]],[[101]],[[102]],[[103]],[[104]],[[105]],[[106]],[[107]],[[108]],[[109]],[[110]],[[111]],[[112]],[[113]],[[114]],[[115]],[[116]],[[117]],[[118]],[[119]],[[120]],[[121]],[[122]],[[123]],[[124]],[[125]],[[126]],[[127]],[[128]],[[129]],[[130]],[[131]],[[132]],[[133]],[[134]],[[135]],[[136]],[[137]],[[138]],[[139]],[[140]],[[141]],[[142]],[[143]],[[144]],[[145]],[[146]],[[147]],[[148]],[[149]],[[150]],[[151]],[[152]],[[153]],[[154]],[[155]],[[156]],[[157]],[[158]],[[159]],[[160]],[[161]],[[162]],[[163]],[[164]],[[165]],[[166]],[[167]],[[168]],[[169]]]}},"arcs":[[[44594,87],[1014,-87],[-676,0],[0,22],[-338,65]],[[47972,87],[-675,-22],[0,87],[338,21],[1013,44],[-338,-44],[-338,-43],[0,-43]],[[41216,412],[0,-130],[-338,21],[0,22],[0,43],[338,44]],[[52027,801],[-1352,-216],[0,130],[338,130],[338,43],[676,-87]],[[40540,606],[-676,0],[-1689,477],[-338,238],[1352,87],[0,-108],[-338,0],[-338,-44],[0,-43],[0,-65],[676,-108],[675,-130],[338,-152],[338,-152]],[[52702,1278],[-338,-238],[-675,86],[0,109],[0,108],[1013,65],[0,-22],[0,-43],[0,-22],[0,-43]],[[71283,5003],[0,-86],[-676,86],[-337,65],[0,65],[0,65],[675,-130],[338,-65]],[[39189,11566],[-338,43],[-338,22],[0,21],[0,44],[0,65],[338,-44],[338,-21],[0,-44],[0,-86]],[[49662,11869],[-338,-65],[-338,43],[0,65],[676,-43]],[[33108,12151],[-338,21],[0,22],[0,22],[0,21],[0,65],[0,-21],[338,-130]],[[64864,12497],[-675,-86],[0,86],[337,22],[338,-22]],[[28040,12670],[-338,44],[338,21],[0,-21],[338,0],[0,-22],[-338,-22]],[[77702,13797],[-676,-87],[0,65],[0,22],[338,0],[338,0]],[[25675,13883],[-337,44],[0,21],[0,22],[337,43],[0,-21],[0,-109]],[[23986,15205],[0,-130],[-338,65],[0,21],[338,44]],[[75675,15334],[0,-108],[-338,22],[0,22],[0,43],[338,43],[0,-22]],[[65540,16981],[0,43],[0,22],[338,21],[0,-43],[0,-22],[-338,-21]],[[64526,18562],[-337,-22],[0,43],[0,22],[337,22],[0,-44],[0,-21]],[[62499,19623],[-337,43],[337,22],[0,22],[0,-44],[0,-21],[0,-22]],[[64526,31774],[-337,-87],[-338,22],[0,43],[-338,43],[338,0],[675,-21]],[[66891,31860],[-338,0],[0,44],[0,21],[338,43],[0,22],[338,-43],[0,-65],[0,-22],[-338,0]],[[72972,32250],[-675,-65],[-338,0],[0,43],[0,44],[1013,-22]],[[76351,32272],[-338,21],[338,44],[337,21],[338,44],[1014,65],[-676,-65],[-1013,-130]],[[79391,32705],[0,-22],[0,44],[0,43],[338,22],[0,21],[-338,-108]],[[53040,33095],[-676,-44],[0,65],[0,22],[338,-22],[338,-21]],[[80067,33116],[0,-21],[1013,433],[338,87],[-338,-260],[-338,-130],[-675,-109]],[[81080,34048],[-338,21],[0,44],[338,65],[0,-130]],[[59797,34308],[-338,-44],[-338,22],[0,22],[0,21],[0,44],[338,-22],[338,-22],[0,-21]],[[80405,34827],[0,-65],[-338,0],[338,44],[0,21]],[[65878,34914],[0,-65],[-338,22],[338,43]],[[81080,35412],[0,44],[0,21],[338,22],[0,43],[-338,-130]],[[82769,35889],[1690,0],[-338,-22],[-338,-22],[-1014,-108],[-675,-43],[0,65],[0,43],[675,87]],[[33108,36603],[338,22],[0,-22],[-338,0]],[[39189,36820],[-338,-22],[0,22],[0,22],[0,21],[338,22],[0,-43],[0,-22]],[[40878,36950],[-676,0],[0,22],[0,21],[0,44],[338,-22],[338,-65]],[[24324,37968],[-338,22],[676,21],[-338,-43]],[[22635,38683],[0,-152],[-338,43],[0,44],[0,21],[338,44]],[[61486,38878],[338,65],[0,-44],[-338,-21]],[[63513,39419],[-1014,563],[0,109],[676,-152],[676,-152],[0,-21],[0,-174],[-338,-173]],[[59121,40827],[-338,0],[0,22],[0,43],[0,22],[338,65],[0,-152]],[[42567,41542],[338,43],[0,-43],[-338,0]],[[20608,43209],[0,-65],[-338,22],[-338,0],[0,43],[0,22],[338,-22],[338,0]],[[17567,43253],[-675,43],[0,22],[338,21],[337,44],[0,-130]],[[32094,43946],[-338,0],[-337,43],[1013,43],[-338,-86]],[[62499,44379],[-337,43],[0,22],[337,22],[0,-44],[0,-21],[0,-22]],[[66891,44552],[-675,-130],[0,87],[337,43],[338,0]],[[81080,45917],[0,-44],[-338,65],[338,0],[0,-21]],[[63175,46003],[-338,22],[0,22],[338,0],[0,21],[0,-21],[338,-22],[0,-22],[-338,0]],[[30743,46632],[-338,-22],[0,22],[0,21],[-338,65],[676,-86]],[[82432,46718],[-338,-108],[0,43],[0,22],[338,65],[0,-22]],[[84459,46826],[-1014,-151],[338,86],[338,44],[338,21]],[[20608,48299],[-676,0],[0,22],[0,22],[338,43],[0,-22],[338,-21],[0,-44]],[[86823,48624],[-337,-21],[337,86],[0,-65]],[[27702,48667],[-337,-43],[-338,22],[0,21],[338,22],[0,43],[0,-21],[0,-22],[337,-22]],[[33783,49859],[-675,0],[0,21],[338,22],[0,43],[0,-21],[337,-22],[0,-43]],[[32770,50487],[-338,-22],[-338,22],[338,43],[0,22],[0,-22],[338,-22],[0,-21]],[[69594,50335],[-2027,-151],[-2027,108],[-338,325],[676,325],[2365,130],[2702,-109],[0,-303],[-1351,-325]],[[13513,51223],[0,22],[338,22],[0,43],[0,-22],[338,0],[0,-21],[0,-22],[-676,-22]],[[99999,53043],[-338,21],[0,22],[338,-43]],[[13851,53801],[-338,-22],[-337,22],[337,21],[0,44],[338,-44],[0,-21]],[[10473,53866],[-676,0],[0,21],[338,22],[0,22],[0,-22],[338,-22],[0,-21]],[[21284,54255],[337,87],[338,43],[338,0],[338,0],[-1351,-130]],[[24324,55187],[-338,-22],[-338,22],[0,21],[338,0],[0,44],[0,-44],[338,0],[0,-21]],[[1014,56530],[-338,-44],[0,22],[-338,22],[0,21],[0,44],[338,43],[0,-43],[338,-44],[0,-21]],[[25338,56660],[-338,-22],[-338,22],[0,21],[338,22],[0,22],[0,-22],[338,-22],[0,-21]],[[24662,57158],[-338,-44],[0,22],[-338,22],[338,21],[0,44],[0,-44],[338,0],[0,-21]],[[24662,57981],[-338,-22],[-338,22],[0,21],[0,22],[338,22],[0,-22],[0,-22],[338,0],[0,-21]],[[69932,58111],[0,21],[0,44],[338,0],[337,0],[-337,-22],[-338,-43]],[[70607,59064],[338,43],[0,-22],[-338,-21]],[[73648,59302],[-338,-22],[0,44],[338,21],[676,44],[-676,-87]],[[61824,59432],[-338,-43],[0,21],[338,22]],[[2027,60103],[-338,-21],[-338,21],[0,22],[-337,0],[337,22],[338,21],[0,-21],[0,-22],[338,-22]],[[77026,61338],[-338,43],[0,22],[0,22],[0,21],[338,22],[0,-130]],[[68580,61619],[338,44],[0,-44],[-338,0]],[[76688,62118],[-1689,-22],[-1351,130],[0,173],[1689,260],[1014,325],[675,303],[2027,22],[0,-130],[-338,-217],[-675,-260],[0,-368],[-1352,-216]],[[27027,63482],[-338,0],[0,43],[0,22],[0,-22],[338,-21],[0,-22]],[[25000,63482],[0,22],[-676,43],[1351,-43],[-675,-22]],[[85472,64522],[-338,-22],[-338,0],[676,22]],[[86823,64717],[-337,-22],[0,43],[0,22],[337,43],[0,-21],[0,-22],[0,-22],[0,-21]],[[89188,64803],[-338,0],[0,22],[0,43],[338,0],[0,22],[0,-22],[0,-43],[0,-22]],[[92229,65107],[-338,-22],[0,43],[0,22],[338,43],[0,-43],[0,-22],[0,-21]],[[94931,65670],[338,43],[0,-22],[-338,-21]],[[25338,65756],[0,-195],[-676,0],[-338,0],[-338,109],[1352,86]],[[95269,65951],[0,-21],[-338,-22],[338,43]],[[64864,66211],[0,-108],[-338,22],[0,21],[0,44],[338,21]],[[81418,68009],[-338,0],[0,22],[0,21],[0,22],[338,21],[0,-43],[0,-21],[0,-22]],[[67567,68204],[-338,-22],[0,43],[0,22],[338,43],[0,-21],[0,-22],[0,-22],[0,-21]],[[75337,69330],[-338,22],[0,21],[338,22],[0,22],[0,-44],[0,-21],[0,-22]],[[26689,71431],[0,130],[0,43],[338,22],[338,0],[-676,-195]],[[22297,71669],[-338,-21],[-338,21],[676,0]],[[71283,72601],[-1013,-22],[337,65],[338,0],[0,-22],[338,-21]],[[20946,73359],[0,21],[338,22],[-338,-43]],[[22297,73380],[338,44],[0,-22],[-338,0],[0,-22]],[[34121,74593],[-338,0],[0,22],[0,21],[338,44],[0,-44],[0,-21],[0,-22]],[[37500,74983],[337,43],[0,-21],[-337,-22]],[[15878,75979],[338,44],[0,-44],[-338,0]],[[41891,76066],[-337,0],[337,43],[0,-43]],[[76013,76109],[-338,0],[676,22],[-338,-22]],[[84121,