{"type":"Topology","transform":{"scale":[0.00006746534930023952,0.00010037003662219378],"translate":[165.28305283052833,4.573224299822272]},"objects":{"MHL":{"type":"MultiPolygon","arcs":[[[0]],[[1]],[[2]],[[3]],[[4]],[[5]],[[6]],[[7]],[[8]],[[9]],[[10]],[[11]],[[12]],[[13]],[[14]],[[15]],[[16]],[[17]],[[18]],[[19]],[[20]],[[21]]]}},"arcs":[[[50907,17],[-481,-17],[747,168],[107,84],[374,303],[-160,-235],[-214,-202],[-373,-101]],[[42155,10246],[-160,-101],[-213,84],[53,-34],[160,-17],[54,34],[106,67],[0,101],[0,84],[-53,68],[107,-118],[-54,-168]],[[56883,10700],[-107,-84],[54,101],[53,-17]],[[64514,12517],[-320,-303],[-374,17],[320,117],[107,51],[107,101],[53,118],[160,302],[107,472],[160,252],[267,185],[373,151],[267,169],[267,201],[-214,-370],[-853,-370],[-160,-387],[-107,-303],[-160,-403]],[[99519,14822],[480,-68],[-320,17],[-374,-34],[-320,0],[-213,152],[53,-17],[107,-17],[106,-17],[481,-16]],[[95730,15040],[53,-33],[-106,0],[-160,0],[-54,33],[-53,84],[53,101],[54,-33],[53,-51],[160,-101]],[[93596,24428],[213,-51],[961,34],[213,-34],[640,-353],[321,-118],[-374,34],[-640,303],[-427,67],[-641,-67],[-320,84],[-267,319],[161,-134],[160,-84]],[[96264,24461],[-214,-84],[107,84],[320,270],[54,16],[0,34],[53,17],[53,0],[-106,-118],[-161,-118],[-106,-101]],[[98238,25101],[-267,-17],[54,34],[53,16],[160,34],[107,50],[53,68],[0,67],[-107,67],[214,-67],[-53,-135],[-214,-117]],[[85591,25605],[2508,-673],[161,0],[373,51],[320,67],[1601,219],[-373,-151],[-1068,-101],[-480,-169],[-427,0],[-480,51],[-2081,622],[-374,202],[214,152],[0,-85],[53,-67],[53,-118]],[[51227,27254],[267,0],[1067,0],[-214,-168],[-320,17],[-693,101],[-748,101],[-320,67],[54,151],[213,-134],[374,-68],[320,-67]],[[48772,28348],[54,-152],[-214,101],[-107,168],[0,202],[107,135],[53,-135],[107,-319]],[[54642,29946],[0,-84],[-53,33],[0,68],[53,33],[-107,84],[-160,34],[-213,0],[106,17],[107,17],[107,0],[107,-34],[53,-84],[0,-34],[0,-50]],[[31430,37315],[53,-118],[-107,33],[54,85]],[[36392,41453],[-106,-84],[0,51],[0,50],[53,34],[107,50],[0,-67],[-54,-34]],[[82550,43085],[-107,-118],[-107,17],[0,17],[54,101],[53,17],[54,0],[53,-34]],[[73585,48670],[-107,-84],[0,169],[54,0],[53,-85]],[[82923,56813],[-53,-17],[0,135],[53,0],[0,-118]],[[23906,65578],[-320,-101],[-320,0],[-267,135],[533,33],[481,101],[-107,-168]],[[3949,70272],[53,-67],[-213,134],[53,0],[53,-17],[54,-50]],[[107,71063],[-107,-101],[0,134],[53,17],[54,-50]],[[55069,99831],[-160,-68],[160,118],[160,118],[53,0],[-53,-67],[-160,-101]]]}