{"type":"Topology","transform":{"scale":[0.00002566851336770051,0.000015214233343976535],"translate":[20.442804428044298,40.8489297887123]},"objects":{"MKD":{"type":"MultiPolygon","arcs":[[[0]]]}},"arcs":[[[74053,96225],[3927,-6437],[1402,-1443],[561,-1886],[421,-999],[140,-333],[842,-999],[3366,-2997],[420,-222],[1824,-1221],[1262,-333],[140,-221],[140,-333],[141,-222],[280,-111],[1823,111],[281,-111],[280,-222],[0,-444],[141,-444],[280,-333],[281,0],[701,333],[140,0],[421,-444],[280,-333],[0,-444],[141,-888],[280,-777],[140,-666],[0,-1554],[281,-1553],[421,-1443],[140,-444],[-140,-999],[140,-555],[140,0],[0,-222],[561,-333],[140,-222],[281,-777],[421,-2220],[841,-2552],[140,-444],[421,-222],[982,-111],[421,-222],[701,-1332],[0,-1554],[-421,-1554],[-561,-999],[-280,-776],[-281,-888],[-140,-333],[-140,-222],[-702,-222],[-140,-222],[-140,-777],[-140,-888],[-141,-888],[141,-888],[140,-444],[280,-666],[141,-444],[0,-444],[-281,-1109],[140,-999],[0,-4551],[141,-333],[140,-666],[140,-333],[-140,-333],[-421,-776],[-140,-333],[0,-1443],[280,-1332],[-140,-1221],[-982,-999],[-3506,333],[-1122,-222],[-701,-111],[-701,-888],[-421,-444],[-281,-1886],[-140,-222],[-140,-5106],[-281,-2553],[-561,-1331],[-420,-444],[-421,333],[-701,777],[-281,555],[-280,443],[-141,333],[0,111],[-420,111],[-702,-222],[-140,-444],[140,-554],[-140,-555],[-701,-1110],[-701,-666],[0,-111],[-702,-333],[-841,0],[-1262,222],[-561,0],[-842,-333],[-561,-111],[-561,-111],[-1122,0],[-421,222],[-841,666],[-421,222],[-421,111],[-981,-222],[-842,0],[-280,-333],[-281,0],[0,333],[-140,777],[0,333],[-421,111],[-1122,222],[-1543,555],[-420,111],[-281,0],[-982,-111],[-841,-555],[-1403,-1554],[-841,-444],[-281,222],[-1262,888],[-140,111],[0,333],[-141,333],[-280,111],[-140,-111],[-421,-555],[-140,-111],[-2525,-999],[-1262,-777],[-281,-333],[-701,-666],[-280,-444],[-141,-555],[0,-1110],[0,-222],[-140,-555],[-561,-998],[-1402,-1665],[-421,-1221],[-1543,-1332],[-421,-666],[0,-555],[0,-666],[-140,-777],[-561,-666],[-280,0],[-842,-222],[-1963,555],[-1122,-666],[0,-222],[-141,-887],[-140,-333],[-140,-111],[-561,0],[-281,0],[-420,-444],[-842,-1110],[-421,-333],[-981,333],[-1824,1998],[-140,0],[-2945,555],[-982,-111],[-841,-444],[-1403,-1887],[-701,-444],[-1263,-333],[-1402,0],[-561,111],[-1403,444],[-981,111],[-2805,-1110],[-5751,-333],[0,1776],[-280,1221],[-701,777],[-1964,776],[-1963,333],[-141,0],[-701,-222],[-1262,-1331],[-701,-333],[-982,222],[-421,444],[-561,554],[-561,1554],[-701,3774],[-842,4217],[-280,1110],[-421,444],[-421,0],[-140,111],[-421,-111],[-561,111],[-280,222],[-842,444],[-280,888],[0,1110],[-140,1554],[-561,1553],[-1543,2553],[-421,1665],[-701,3552],[-140,1997],[0,111],[140,1332],[561,-222],[561,333],[421,888],[420,888],[281,1110],[0,888],[0,111],[-281,666],[-420,887],[-281,222],[-701,111],[-281,333],[0,333],[-140,1110],[-140,444],[0,222],[-421,999],[-280,444],[-421,222],[-281,999],[0,1776],[-140,887],[1964,555],[561,222],[561,444],[280,444],[281,666],[0,111],[-141,444],[-701,3108],[-280,1332],[-281,4772],[140,666],[281,888],[421,666],[841,1110],[281,555],[0,444],[-141,998],[-280,1665],[0,333],[0,1110],[1122,777],[841,-1221],[421,-333],[701,0],[281,333],[421,999],[280,222],[281,-333],[841,-1332],[281,-333],[841,444],[421,555],[421,555],[701,1332],[280,1221],[141,333],[140,1331],[-140,555],[-421,1998],[0,1554],[561,3219],[421,1442],[701,1110],[982,777],[3646,1554],[2805,1110],[1122,555],[982,555],[421,555],[1262,1664],[982,777],[280,0],[281,-111],[561,-333],[1402,-1442],[1403,-1776],[701,-1332],[280,-888],[141,-222],[420,-444],[281,0],[1683,-444],[421,111],[0,444],[0,111],[0,1332],[0,555],[-141,444],[-140,333],[140,555],[2245,4439],[280,222],[281,222],[701,111],[1262,-666],[421,111],[0,333],[-281,666],[-140,555],[701,444],[421,-222],[421,-444],[421,-111],[140,222],[421,555],[561,-555],[841,0],[1683,555],[561,-333],[1823,0],[1403,-444],[701,0],[561,444],[561,888],[561,333],[3787,2886],[701,221],[1543,0],[280,111],[1403,1443],[421,222],[420,-111],[2104,-1332],[1262,-554],[702,-111],[561,-111],[1402,333],[5330,2774],[1122,1332],[280,111],[141,-333],[140,-1110],[0,-444],[701,-888],[561,-555],[701,-333],[702,-111]]]}