{"type":"Topology","transform":{"scale":[0.00016499129980949702,0.00014854562788785993],"translate":[-12.263522635226337,10.140463558625527]},"objects":{"MLI":{"type":"MultiPolygon","arcs":[[[0]]]}},"arcs":[[[45101,99999],[458,-318],[480,-330],[458,-318],[459,-319],[676,-488],[480,-353],[480,-352],[480,-352],[480,-353],[502,-341],[480,-352],[480,-353],[480,-352],[480,-352],[480,-353],[480,-352],[502,-341],[480,-353],[480,-352],[480,-352],[480,-353],[524,-375],[524,-386],[523,-376],[524,-386],[524,-387],[545,-375],[524,-386],[523,-375],[524,-387],[524,-375],[523,-386],[524,-376],[524,-386],[523,-386],[524,-376],[524,-386],[523,-375],[524,-387],[524,-375],[545,-386],[524,-375],[524,-387],[523,-375],[524,-387],[524,-386],[523,-375],[524,-387],[524,-375],[523,-386],[524,-375],[524,-387],[523,-375],[524,-387],[524,-386],[545,-375],[524,-387],[87,-56],[436,-319],[524,-386],[524,-375],[523,-387],[524,-375],[524,-386],[523,-376],[524,-386],[524,-387],[523,-375],[524,-386],[524,-375],[720,-523],[87,-137],[109,-432],[0,-147],[-65,-728],[-131,-614],[-22,-125],[22,-170],[43,-91],[88,-34],[131,-12],[131,0],[240,57],[131,0],[152,-45],[88,-69],[109,-238],[109,-125],[87,-80],[262,-79],[262,-46],[109,-34],[109,-68],[218,-46],[240,-125],[393,-318],[109,-193],[44,-239],[0,-500],[43,-102],[720,-626],[131,-56],[131,-12],[109,12],[109,0],[88,-80],[65,-136],[22,-125],[43,-91],[131,0],[66,34],[109,102],[87,23],[66,-12],[43,-34],[44,-45],[65,-34],[393,-148],[87,-11],[153,79],[240,239],[153,102],[131,23],[109,-34],[109,-68],[371,-307],[218,-250],[197,-296],[240,-466],[65,-80],[109,-34],[131,-34],[131,-45],[218,-125],[109,-34],[66,0],[545,-114],[349,-11],[1659,-376],[763,-352],[349,-296],[109,-45],[219,-68],[87,-46],[87,-91],[22,-91],[-109,-1352],[0,-262],[87,-250],[22,-45],[44,-12],[22,-34],[21,-57],[0,-45],[-21,-125],[0,-68],[43,-125],[87,-103],[66,-102],[0,-148],[-44,-159],[-131,-91],[-109,-68],[-131,-102],[-43,-125],[-22,-262],[-44,-114],[-131,-147],[-65,-57],[-44,-57],[-43,-136],[-88,-148],[-65,-114],[22,-125],[87,-148],[109,-113],[131,-103],[131,-79],[284,-125],[349,-375],[131,-91],[65,-23],[87,-23],[153,12],[502,125],[633,136],[1047,216],[436,91],[590,114],[1047,216],[1025,216],[0,-830],[0,-830],[0,-841],[22,-830],[0,-11],[0,-819],[0,-830],[0,-841],[0,-830],[0,-830],[0,-363],[0,-466],[0,-842],[0,-829],[22,-830],[0,-830],[0,-830],[0,-841],[0,-421],[0,-704],[-87,-69],[-66,0],[-43,-22],[-22,-114],[-22,-125],[44,-659],[-44,-69],[-65,-136],[-22,-57],[0,-432],[0,-898],[22,-580],[0,-750],[-66,-148],[-65,-90],[-284,-148],[-131,-114],[-109,-136],[-109,-148],[-524,-1432],[-43,-182],[43,-194],[66,-193],[0,-11],[0,-11],[0,-12],[0,-45],[0,-23],[0,-11],[-349,-387],[-88,-148],[-43,-125],[-66,-659],[-43,-262],[-66,-193],[-22,-45],[-153,-193],[-240,-137],[-480,-102],[-218,-125],[-480,-569],[-523,-341],[-66,-181],[-44,-773],[-109,22],[-43,12],[-633,113],[-1135,205],[-720,136],[-240,-11],[-87,-23],[-44,-34],[-21,-68],[-22,-125],[0,-239],[-22,-91],[-306,-11],[-589,-23],[-589,-23],[-567,-22],[-589,-23],[-589,-23],[-590,-23],[-589,-22],[-589,-12],[-567,-22],[-589,-23],[-589,-23],[-589,-23],[-590,-22],[-589,-23],[-567,-23],[-589,-23],[-458,-11],[-197,-57],[-152,-102],[-415,-409],[-502,-489],[-393,-398],[-502,-511],[-152,-80],[-153,-46],[-938,-22],[-175,-80],[-174,-68],[-175,-45],[-65,-12],[-939,364],[-196,-11],[-393,-148],[-196,-46],[-196,0],[-808,216],[-43,-68],[0,-159],[21,-341],[-1527,568],[-807,364],[-415,114],[-393,-80],[-371,-250],[-218,-102],[-174,0],[-44,91],[-153,409],[-43,23],[-197,0],[-1331,-12],[-218,-57],[-109,-91],[-65,-45],[-328,-352],[-1243,-1205],[-219,-148],[-240,-102],[-1156,-307],[-262,-137],[-2095,-1477],[-414,-80],[-437,-23],[-501,34],[-284,-11],[-175,-91],[-43,-171],[-131,-1659],[-22,-68],[-44,-46],[-305,-148],[-109,-56],[-88,-12],[-196,46],[-1418,727],[-458,114],[-328,-91],[-502,-307],[-130,-125],[-350,-409],[-109,-125],[-894,-546],[-153,-284],[44,11],[0,-11],[21,-23],[0,-11],[-240,-864],[-87,-193],[-109,-262],[22,-364],[174,-636],[-218,-80],[-196,-91],[-44,-11],[-43,23],[-44,34],[-44,23],[-152,11],[-44,-11],[-87,-46],[-88,-125],[-87,-23],[-44,103],[0,102],[-43,57],[-109,113],[-153,103],[-109,-12],[-131,-34],[-175,23],[-283,227],[-153,57],[-131,-125],[131,-102],[44,-171],[-22,-375],[-44,-159],[-87,-239],[218,-1682],[-87,-57],[-982,-68],[-131,-57],[-22,-193],[66,-228],[0,-125],[-66,-113],[-65,-12],[-66,12],[-261,34],[-131,0],[-44,11],[-66,34],[-87,114],[-43,11],[-88,-11],[-43,23],[-480,409],[-284,193],[-458,387],[-109,57],[-240,68],[-219,91],[-87,22],[-131,-11],[-109,0],[-153,46],[-65,56],[65,80],[66,34],[109,125],[44,23],[65,11],[44,23],[0,79],[-22,12],[-153,34],[-43,23],[-22,45],[-44,125],[0,12],[-22,45],[-22,23],[-21,11],[-22,-11],[-22,-23],[-87,-102],[43,-34],[66,0],[43,-34],[-21,-69],[-88,-79],[-87,-57],[-65,-23],[-66,-34],[-109,-114],[-44,-34],[-174,-45],[-44,-34],[-109,-103],[-44,-125],[-109,-272],[-87,-160],[-131,-147],[-65,-34],[-44,0],[-65,11],[-66,-11],[-87,-69],[-109,-102],[-88,-125],[-21,-102],[43,-57],[131,-80],[0,-57],[-43,-68],[-66,-11],[-393,11],[-87,-45],[-87,-216],[-44,-57],[-22,-57],[0,-91],[22,-57],[197,-182],[152,-386],[66,-114],[196,-159],[109,-159],[44,-182],[-22,-386],[87,-307],[-21,-80],[-131,-432],[-44,-79],[-22,-12],[-65,-57],[-109,-45],[-131,-11],[-88,22],[-174,114],[-175,45],[-196,-22],[-218,-46],[-175,-79],[-65,-12],[-22,12],[-22,-23],[-44,-341],[44,-114],[262,-227],[109,-102],[131,-319],[44,-79],[43,-34],[0,-23],[-43,-91],[-88,-125],[-109,-125],[-109,-137],[-44,-159],[219,-568],[65,-296],[-196,-34],[-44,46],[-44,79],[-65,57],[-87,-11],[-66,-46],[-22,-45],[0,-57],[-21,-102],[21,-80],[-21,-34],[-22,-34],[-524,-478],[153,-318],[-66,-68],[-174,-11],[-218,-137],[-66,-136],[-22,-102],[-21,-69],[0,-22],[-131,-57],[-66,-12],[-109,23],[-65,-23],[-66,-56],[-44,-91],[-43,-80],[-44,-68],[-87,-57],[-175,-34],[-109,-34],[-109,113],[-131,0],[-262,-102],[-130,0],[-131,34],[-131,12],[-131,-57],[-44,-57],[-65,-34],[-66,-12],[-65,0],[-109,-11],[-240,11],[-88,-11],[-87,-45],[-196,-137],[-197,-57],[-87,-91],[-175,-193],[-218,-204],[-131,-194],[-43,-34],[-44,-11],[-22,23],[-43,22],[-44,23],[-44,0],[-21,-23],[-22,-22],[-22,-12],[-218,-34],[-22,-23],[-44,-45],[-22,-11],[-43,11],[-66,57],[-21,11],[-88,-11],[-43,-12],[0,-34],[43,-79],[22,-12],[175,-102],[21,-23],[88,23],[65,-11],[66,-23],[109,-57],[109,-57],[65,-102],[44,-125],[0,-125],[0,-148],[-66,-261],[-21,-69],[-44,-68],[-44,-68],[0,-80],[44,-79],[65,-11],[66,11],[65,-11],[219,-194],[43,-238],[0,-557],[44,-148],[0,-91],[-44,-57],[-131,-68],[-109,-91],[-22,-125],[44,-694],[0,-113],[-87,-137],[-197,-216],[-43,-159],[-44,-273],[-65,-91],[-131,-102],[-109,-45],[-109,-34],[-590,-80],[-87,-68],[-22,-103],[0,-68],[66,-341],[-44,-182],[153,46],[65,-193],[109,-466],[88,-148],[22,-80],[-88,-386],[0,-57],[0,-68],[-43,-34],[-44,-23],[-44,-46],[-43,-102],[-44,-364],[0,-57],[22,-113],[0,-57],[109,-34],[-66,-68],[-43,-103],[0,-102],[43,-45],[22,-69],[-87,-352],[-153,-250],[-22,-46],[-43,-352],[-44,-91],[-153,68],[-130,91],[-88,34],[-43,0],[-175,-57],[-349,-34],[-764,-181],[-436,-251],[-109,-79],[-66,-114],[-21,-125],[21,-364],[-65,-56],[-284,102],[-65,-57],[-22,-170],[-44,-148],[-65,-125],[-131,-125],[-524,0],[-458,182],[-87,56],[-131,160],[-66,45],[-87,-23],[-22,250],[22,91],[66,91],[21,-11],[22,-23],[44,-23],[65,23],[0,34],[0,46],[-22,34],[0,23],[153,181],[-87,80],[0,125],[109,216],[-109,125],[-22,68],[22,57],[65,114],[0,45],[-21,68],[-44,23],[-44,0],[-65,-11],[-44,11],[-43,34],[-22,46],[-22,34],[-66,11],[-43,-11],[-44,11],[0,103],[44,56],[109,103],[44,56],[0,80],[-22,80],[-22,91],[44,56],[65,35],[65,45],[22,80],[-22,45],[-43,57],[-66,34],[-131,45],[0,57],[22,273],[0,102],[-65,34],[-153,-22],[-131,-68],[-131,-80],[-109,-68],[-153,11],[-130,23],[-131,-11],[-110,-57],[-43,-125],[0,-262],[22,-91],[65,-45],[87,-46],[44,-57],[-22,-159],[-109,-91],[-153,-22],[-131,11],[-327,68],[-87,34],[-262,148],[-109,91],[-109,91],[-109,239],[-88,45],[-130,-45],[0,-23],[-88,-159],[-43,-125],[0,-125],[0,-57],[21,-46],[22,-56],[-22,-307],