{"type":"Topology","transform":{"scale":[0.000003852077041155704,0.000002735522532435265],"translate":[14.182341823418227,35.801772329032914]},"objects":{"MLT":{"type":"MultiPolygon","arcs":[[[0]],[[1]]]}},"arcs":[[[99999,16049],[-1869,-5555],[-2804,1852],[-4673,-4939],[-934,-3086],[0,-4321],[-4673,1852],[-935,617],[-8411,1235],[-13084,4321],[-11215,6790],[-4672,8642],[-935,1234],[-3738,2469],[0,1852],[0,11111],[-1869,12963],[-935,5555],[-2804,3704],[2804,3704],[3738,2469],[3739,1234],[3738,618],[0,-3087],[-1869,-617],[-1869,-617],[-3739,-3704],[20561,-2469],[4673,-1852],[8411,-8642],[7476,-3086],[1869,-3087],[0,-3086],[0,-3704],[1870,-617],[7476,-3704],[3738,-7407],[935,-8642]],[[24299,78394],[-3738,-1234],[-5608,617],[-4673,1852],[-5607,2469],[-3738,3086],[934,3704],[-934,4321],[-935,3086],[3738,1235],[15888,2469],[6542,-2469],[8411,-6173],[4673,-6173],[-2804,-3086],[-4673,0],[-7476,-3704]]]}