{"type":"Topology","transform":{"scale":[0.000019224384485767393,0.000016953485324475637],"translate":[18.43398433984339,41.85194468702262]},"objects":{"MNE":{"type":"MultiPolygon","arcs":[[[0]]]}},"arcs":[[[39513,99103],[-937,-1295],[0,-1693],[937,-1594],[1311,-996],[7116,-2590],[936,-597],[2060,-2689],[3183,-2590],[562,-797],[936,-1693],[562,-697],[1686,-1295],[187,0],[1685,-1793],[749,-697],[1124,-399],[2247,-597],[1124,-100],[749,199],[374,299],[375,0],[1685,-2291],[936,-1095],[937,-697],[1311,-399],[1685,-99],[1873,99],[561,399],[1124,996],[562,199],[562,-199],[374,-399],[375,-597],[374,-598],[562,-498],[3183,-1793],[1686,-1494],[187,-99],[2996,-2590],[749,-199],[562,-100],[2809,-299],[1498,-498],[2809,-1693],[3184,-1295],[749,-996],[187,-1394],[-562,-2291],[-4307,-597],[-1873,-698],[-561,-199],[-375,-597],[0,-598],[0,-598],[0,-498],[-1311,-1294],[-1685,498],[-2060,996],[-1873,398],[-561,-299],[-562,-299],[-936,-697],[-562,-498],[0,-1195],[562,-896],[2996,-2391],[374,-598],[188,-298],[-750,-1494],[-561,-897],[-188,-498],[0,-996],[188,-797],[-188,-796],[-561,-797],[-1311,697],[-1124,-697],[-1872,-2092],[-1311,-299],[-2622,100],[-1311,-797],[-374,-398],[-2060,-996],[-188,-100],[-561,-99],[-937,99],[-936,399],[-1685,1095],[-937,1793],[-187,598],[0,398],[187,896],[0,399],[375,697],[187,299],[187,0],[0,498],[-187,597],[-374,1494],[-749,1295],[-1311,498],[-1124,-398],[-936,-697],[-562,-498],[-1311,-1295],[-936,-1195],[-187,-797],[-375,-1594],[-187,-697],[-749,-598],[-749,-398],[-562,-398],[-375,-897],[-561,-1095],[-750,-996],[-749,-797],[-1123,-598],[-749,-996],[-2622,-2589],[-187,-299],[-562,-996],[0,-399],[0,-796],[-187,-299],[-4869,-6574],[-1498,-1394],[-187,-598],[561,-996],[749,-797],[2997,-1793],[749,-796],[187,-200],[0,-498],[-936,-1792],[-188,-996],[0,-1196],[188,-1095],[374,-897],[375,-398],[-188,-996],[-374,-199],[-375,-100],[-374,-199],[374,-1394],[0,-399],[-187,-299],[-187,-298],[0,-399],[0,-199],[187,-299],[375,-398],[561,-598],[-187,-1593],[187,-598],[-936,697],[-2060,1793],[-749,398],[-3932,1096],[-749,398],[-1311,498],[-375,200],[-562,597],[0,299],[188,299],[-188,597],[-374,100],[-375,398],[-374,498],[187,200],[0,298],[-187,2889],[-2996,2291],[-375,796],[562,897],[-562,299],[-562,298],[-749,1196],[-2060,-100],[-374,697],[-188,598],[-187,199],[-374,0],[-375,199],[-749,1196],[-749,697],[-2060,1295],[-562,896],[-374,1992],[-375,797],[-749,398],[-936,0],[-936,-299],[-375,-498],[-187,299],[-375,199],[0,299],[-936,-398],[-375,-199],[-187,-299],[-187,-100],[-375,-199],[-374,398],[-562,797],[-1685,1195],[-749,797],[0,797],[-375,199],[-374,498],[-375,199],[0,399],[187,797],[-936,697],[-1124,99],[-187,-1195],[-374,0],[-375,199],[-1124,-99],[-187,99],[-374,399],[-562,398],[-749,399],[-562,99],[187,199],[0,100],[0,100],[188,99],[-1311,797],[-375,598],[187,597],[750,199],[4307,-1195],[561,-99],[1498,-698],[750,-697],[374,996],[0,697],[-1311,2192],[0,597],[187,897],[-1685,-1893],[-2247,-398],[-5618,697],[0,-498],[936,-598],[-374,-1693],[936,-498],[-1123,299],[-750,598],[188,896],[-375,697],[-749,399],[-562,199],[-561,697],[-562,797],[-375,896],[0,996],[188,1893],[-188,996],[562,398],[562,199],[562,0],[561,-299],[562,0],[187,399],[0,498],[-374,597],[936,498],[562,299],[1124,897],[187,498],[374,697],[0,1693],[-561,1693],[-749,897],[-1124,896],[-1873,2490],[-561,1395],[-562,1494],[0,996],[374,597],[749,498],[375,498],[-375,1195],[-1123,2092],[-562,1195],[0,996],[936,2291],[1686,1295],[2809,498],[3183,0],[2060,-199],[-936,4482],[0,1494],[0,199],[374,1793],[937,1494],[2247,2589],[-1311,498],[749,996],[6741,3984],[1311,399],[-187,199],[-187,598],[-187,199],[936,398],[2996,199],[1311,-298],[1311,-797],[374,-399],[188,-398],[-188,-398],[188,-498],[374,-698],[1124,-1095],[0,-100],[187,-299],[562,399],[374,498],[375,498],[187,398],[187,100],[562,299],[1498,0],[375,298],[-1686,2490],[-1498,3486],[-1872,1992],[-375,200],[-1124,-200],[0,299],[375,498],[0,399],[-749,896],[-375,199],[-749,100],[-561,299],[0,498],[374,498],[375,298],[936,399],[1311,1195],[749,398],[1123,100],[750,-598],[561,-796],[749,-698],[937,-298],[936,0],[1124,398],[1310,1295],[1311,199],[2435,-398]]]}