{"type":"Topology","transform":{"scale":[0.00032173843473652116,0.00010543581908966667],"translate":[87.73467734677348,41.58683805565103]},"objects":{"MNG":{"type":"MultiPolygon","arcs":[[[0]]]}},"arcs":[[[89973,78122],[-649,-2915],[-44,-224],[-661,-2947],[-649,-2962],[-11,-161],[45,-336],[0,-160],[-67,-320],[-705,-2242],[-34,-161],[-11,-192],[0,-192],[67,-1890],[-22,-304],[-90,-160],[-727,-721],[-78,-160],[11,-96],[90,-1217],[55,-577],[45,-208],[67,-224],[784,-1714],[201,-208],[179,240],[347,929],[302,400],[190,129],[582,-273],[213,16],[783,353],[224,32],[89,-48],[381,-321],[223,-176],[79,-80],[761,-1489],[134,-32],[123,336],[112,416],[123,257],[168,288],[660,1810],[78,144],[157,112],[481,-64],[78,16],[213,192],[179,64],[190,16],[67,-48],[157,-192],[78,-48],[593,-80],[224,-225],[190,-496],[336,-1137],[168,-352],[638,-593],[268,-192],[79,-112],[44,-144],[23,-177],[33,-688],[23,-160],[33,-112],[67,-97],[291,-224],[135,-80],[56,-80],[22,-144],[-11,-80],[-79,-224],[-22,-144],[123,-65],[481,-928],[45,-113],[45,-176],[22,-160],[45,-112],[190,-112],[134,-208],[213,-545],[90,-288],[78,-320],[22,-193],[0,-560],[11,-112],[12,-48],[11,-48],[45,-144],[100,-225],[45,-128],[11,-80],[11,-64],[12,-80],[22,-64],[34,-16],[55,-16],[45,-16],[11,-64],[-22,-96],[-11,-80],[-11,-80],[0,-112],[0,-49],[11,-32],[11,-32],[22,-16],[23,-48],[-11,-48],[-12,-48],[0,-64],[0,-208],[-33,-304],[-11,-176],[11,-81],[56,-160],[11,-80],[-11,-96],[-23,-64],[-22,-64],[-56,-208],[-56,-128],[-56,-80],[-56,0],[-67,80],[-45,-32],[-33,-112],[-56,-193],[-45,-96],[-56,-112],[-67,-64],[-56,-32],[-67,48],[-112,192],[-67,32],[-78,-16],[-235,80],[-146,0],[-280,-128],[-145,-16],[-794,465],[-79,80],[-67,128],[-89,400],[-56,144],[-68,-32],[-78,-208],[-45,-48],[-56,32],[-33,128],[-11,160],[-23,145],[-67,64],[-89,-64],[-79,-209],[-123,-432],[-100,-144],[-112,64],[-112,144],[-123,80],[-45,-32],[-78,-128],[-56,-32],[-247,0],[-111,48],[-202,208],[-112,80],[-100,32],[-101,-16],[-101,-80],[-101,-128],[-111,-224],[-45,-32],[-168,-16],[-56,-48],[-246,-385],[-101,-32],[-145,-80],[-79,-80],[-67,-96],[-56,-160],[-89,-352],[-45,-144],[-56,-65],[-313,-80],[-79,32],[-145,193],[-56,144],[-78,384],[-45,112],[-34,-16],[-145,-224],[-22,-16],[-34,16],[-56,64],[-246,-128],[45,-304],[11,-145],[-23,-128],[-111,-336],[-45,-256],[-11,-657],[-45,-208],[-112,-64],[-1074,160],[-392,176],[-45,16],[-33,-48],[-67,-160],[-191,-352],[-44,-32],[-191,-64],[-134,-80],[-67,-113],[-45,-64],[-56,-304],[-33,-176],[-45,-128],[-515,-1153],[-447,-1874],[-23,-256],[45,-289],[67,-224],[23,-224],[-67,-320],[-180,-577],[-89,-128],[-145,-176],[-56,-32],[-45,0],[-157,48],[-33,-32],[-56,-144],[-672,-1233],[-235,-577],[-78,-144],[-90,-96],[-514,-289],[-425,-176],[-649,0],[-582,-192],[-112,32],[-515,449],[-112,16],[-100,-32],[-426,-353],[-33,-48],[-11,-96],[-23,-432],[-33,-209],[-90,-416],[-168,-544],[-638,-1330],[-156,-208],[-45,-96],[-22,-96],[-67,-256],[-90,-289],[-112,-208],[-112,-128],[-145,-64],[-179,-48],[-79,-64],[-156,-384],[-325,-497],[-190,-448],[-123,-209],[-90,-64],[-223,48],[-45,48],[-90,161],[-44,48],[-1153,224],[-268,240],[-135,0],[-705,433],[-414,400],[-89,144],[-67,192],[-123,465],[-258,560],[-89,128],[-101,48],[-850,-32],[-302,193],[-79,0],[-33,0],[-45,-32],[-34,-65],[-33,-80],[-34,-80],[-67,-64],[-134,-64],[-56,-64],[-179,-304],[-78,-176],[-68,-225],[-581,-2578],[-34,-240],[0,-160],[11,-321],[0,-160],[-22,-160],[-23,-128],[-67,-224],[-78,-385],[-34,-112],[-11,-16],[-67,-160],[-78,-272],[-56,-289],[-23,-272],[0,-400],[45,-192],[190,-257],[56,-160],[23,-160],[11,-368],[56,-353],[78,-304],[280,-865],[101,-224],[347,-528],[100,-209],[90,-240],[279,-1121],[45,-320],[11,-288],[-11,-305],[-33,-272],[-79,-96],[-44,-32],[-157,-144],[-224,16],[-56,-48],[-492,-1330],[-90,-192],[-100,-112],[-325,-80],[-89,-64],[-191,-368],[-760,-673],[-381,-480],[-123,-273],[-425,-1313],[-358,-865],[-45,-192],[-78,-464],[-101,-417],[-134,-320],[-291,-529],[-67,-160],[-79,-496],[-56,-160],[-828,-817],[-112,-160],[-33,-80],[-34,-64],[-22,-64],[-56,-49],[-45,-32],[-179,16],[-224,-80],[-772,-752],[-458,-785],[-23,-16],[-22,0],[-11,-16],[-23,-80],[-11,-32],[-11,-16],[-492,-80],[-146,-128],[-89,-16],[-806,224],[-101,-16],[-302,-369],[-112,-80],[-89,-16],[-817,337],[-671,-16],[-269,160],[-179,48],[-392,-144],[-1331,-481],[-1321,-480],[-1331,-497],[-1399,-1377],[-1398,-1393],[-1231,-1458],[-213,-272],[-145,-240],[-34,-48],[-67,-48],[-157,-192],[-167,-65],[-56,-48],[-582,-1393],[-123,-96],[-123,336],[-68,144],[-67,65],[-906,16],[-302,96],[-23,96],[12,1938],[-1209,-545],[-1208,-544],[-101,32],[-906,1105],[-918,1121],[-89,96],[-1074,576],[-1086,561],[-1074,576],[-190,225],[-269,656],[-470,1746],[-302,512],[-347,209],[-358,64],[-593,-145],[-1253,465],[-1242,464],[-1242,465],[-145,0],[-1086,-753],[-459,-304],[-1264,368],[-1264,385],[-1254,368],[-1264,384],[-1018,305],[-1030,304],[-1119,-256],[-1107,-273],[-302,-112],[-34,32],[-34,16],[-22,144],[-34,1202],[-22,224],[-45,192],[-67,208],[-1208,2675],[-101,304],[-56,352],[-33,401],[-12,448],[-33,336],[-437,2098],[-313,2275],[-168,832],[-78,209],[-112,64],[-157,16],[-302,176],[-22,96],[0,224],[22,545],[-22,480],[11,96],[11,96],[45,176],[22,257],[34,160],[90,288],[33,176],[-56,64],[-1074,-304],[-134,48],[-269,320],[-571,401],[-78,80],[-45,112],[-33,160],[-45,144],[-213,449],[-402,544],[-90,112],[-201,0],[-90,64],[-45,161],[-89,400],[-56,176],[-246,625],[-45,48],[-56,48],[-45,16],[-145,-144],[-134,0],[-269,80],[-145,128],[-168,384],[-493,1522],[-78,160],[-515,560],[-324,48],[-56,48],[-123,177],[-67,48],[-67,16],[-157,-48],[-78,0],[-235,256],[-90,16],[-190,-48],[-78,-16],[-56,48],[-67,16],[-56,-16],[-56,-32],[-101,16],[-90,80],[-167,224],[-45,0],[-101,-48],[-45,0],[-145,48],[-358,-208],[-202,-32],[-302,-144],[-56,0],[-134,128],[-56,16],[-156,-48],[-45,0],[-146,112],[-56,0],[-145,-96],[-78,48],[-269,416],[-101,96],[-100,64],[-112,0],[-101,-16],[-179,-80],[-526,64],[-78,-16],[-123,-80],[-67,-16],[-303,160],[-44,-16],[-23,-32],[-33,-16],[-34,64],[-201,577],[-56,80],[-67,0],[-56,-96],[-45,-112],[-56,-96],[-67,0],[-302,144],[-202,224],[-44,96],[-68,224],[-33,113],[-112,112],[-134,64],[-146,16],[-112,-32],[-212,-289],[-101,16],[-56,273],[11,160],[23,96],[0,96],[-34,176],[-56,80],[-123,128],[-22,113],[0,304],[-45,272],[-45,240],[-33,289],[-45,192],[-202,320],[-67,160],[146,2258],[45,209],[649,1873],[167,353],[34,48],[56,272],[11,448],[-33,433],[-68,256],[-78,256],[-157,1073],[-11,192],[34,145],[89,256],[123,689],[34,176],[45,384],[44,176],[68,337],[33,208],[0,144],[-45,128],[-67,48],[-44,96],[0,240],[44,401],[11,256],[0,128],[-33,352],[-90,321],[-112,240],[-44,128],[-11,192],[11,80],[33,144],[0,65],[-11,112],[-22,48],[-23,48],[-22,64],[-34,176],[-22,160],[-22,160],[-45,144],[-67,129],[-67,80],[-68,48],[-78,0],[-123,48],[-89,208],[-761,2803],[0,64],[0,64],[22,64],[34,144],[11,160],[0,160],[-45,112],[-78,128],[-23,257],[0,304],[0,288],[-44,128],[-101,160],[-45,145],[-89,464],[-45,144],[-34,192],[34,129],[33,96],[-11,112],[-67,112],[-67,80],[-280,160],[-145,128],[-134,192],[-124,257],[-33,128],[-34,176],[-22,208],[11,176],[22,208],[-11,161],[-44,112],[-135,0],[-123,80],[-56,-48],[-22,-128],[0,-112],[-11,-129],[-45,-112],[-101,-80],[-324,-64],[-101,64],[-34,112],[-22,273],[-33,128],[-45,96],[-112,48],[-56,64],[-34,112],[-22,160],[-22,144],[-45,48],[-56,32],[-45,80],[-22,145],[11,160],[-22,256],[-90,96],[-123,0],[-78,-64],[-157,-16],[-56,16],[-123,144],[-45,0],[-67,-64],[-145,-256],[-56,-112],[-79,-128],[-78,-32],[-157,64],[-291,16],[-89,80],[-347,977],[-56,96],[-78,48],[-179,-64],[-90,16],[-89,128],[-202,432],[-89,64],[-79,-16],[-67,48],[-123,209],[-45,144],[-22,160],[-11,192],[-22,176],[-12,192],[45,353],[-22,160],[-202,464],[-67,80],[-67,-16],[-56,-48],[-78,0],[-101,144],[-157,433],[-89,144],[-213,224],[-56,16],[-100,-16],[-56,0],[-56,64],[-101,160],[-89,97],[-45,112],[-34,32],[-33,16],[-67,-32],[-45,0],[-101,112],[-101,224],[-22,224],[101,160],[44,80],[23,97],[22,112],[23,64],[134,192],[22,80],[-11,240],[-78,208],[-179,257],[-79,48],[-134,