{"type":"Topology","transform":{"scale":[0.000009648192962894539,0.00006445363892781188],"translate":[144.90324903249035,14.110308720119761]},"objects":{"MNP":{"type":"MultiPolygon","arcs":[[[0]],[[1]],[[2]],[[3]],[[4]],[[5]],[[6]],[[7]],[[8]],[[9]],[[10]],[[11]]]}},"arcs":[[[34701,288],[-1119,-131],[-1866,-157],[-1119,52],[-747,131],[-1865,53],[-3358,-53],[-1493,27],[-746,78],[1119,288],[2985,262],[2985,184],[1866,78],[4851,289],[2985,52],[1119,-341],[-373,-183],[-746,-131],[-747,-79],[-1492,-26],[-1119,-52],[-747,-157],[-373,-184]],[[76865,12706],[-1866,-209],[-2239,183],[-373,210],[-373,419],[-746,236],[-1119,235],[-374,105],[374,183],[1119,367],[2239,393],[2239,262],[1492,-157],[373,-210],[0,-209],[-373,-210],[0,-236],[373,-130],[1493,-236],[0,-157],[-373,-420],[-1866,-419]],[[91417,16426],[-746,-157],[-373,-78],[-747,26],[-1119,78],[-1119,-157],[-747,-209],[0,-210],[747,-210],[746,-209],[-1493,0],[-1865,105],[-373,26],[-2239,-79],[-1120,53],[-373,209],[373,236],[1120,576],[0,210],[0,183],[373,131],[746,158],[373,52],[2239,105],[373,78],[0,184],[0,52],[1493,105],[2612,105],[1492,157],[1120,78],[1865,-26],[746,-131],[-1492,-183],[-1119,-105],[-747,-183],[-1865,-655],[373,-131],[746,-184]],[[82089,34634],[-2612,-52],[-1493,26],[-1119,52],[-1119,131],[-747,184],[373,131],[747,105],[1865,26],[1120,-53],[3358,-78],[1119,-79],[747,-236],[-747,-131],[-1492,-26]],[[93283,40083],[-1493,-288],[-2239,315],[1866,78],[1866,-105]],[[99999,49515],[-1493,-236],[-1865,288],[1492,79],[1866,-131]],[[99999,53759],[-1493,-131],[-2238,157],[-373,262],[746,184],[1492,26],[1493,-131],[373,-184],[0,-183]],[[88432,61304],[-1493,-131],[-2238,26],[-747,341],[2612,209],[1120,367],[746,734],[1492,209],[4105,0],[1492,-104],[1120,-158],[373,-209],[-373,-236],[-1120,-157],[-1119,-105],[-1119,-131],[-4851,-655]],[[82089,71652],[-1866,-104],[-1492,26],[-2985,367],[0,628],[1865,341],[3731,-26],[1493,-262],[746,-184],[0,-183],[0,-288],[-373,-184],[-1119,-131]],[[52985,86140],[-747,-157],[-1492,131],[-1120,183],[0,184],[1493,78],[1492,-78],[374,-158],[0,-183]],[[35447,91930],[0,-79],[747,27],[1119,26],[746,26],[373,-52],[-373,-131],[-373,-105],[-746,-79],[-746,-26],[-1120,52],[-1119,105],[-373,157],[373,158],[746,157],[373,-79],[373,-157]],[[2239,99527],[-1120,-131],[-746,158],[-373,209],[373,184],[1493,52],[1119,-105],[0,-183],[-746,-184]]]}