{"type":"Topology","transform":{"scale":[0.00012258245163677457,0.0001254963176608589],"translate":[-17.080370803708036,14.735082309976349]},"objects":{"MRT":{"type":"MultiPolygon","arcs":[[[0]],[[1]],[[2]],[[3]],[[4]]]}},"arcs":[[[5609,38764],[-29,0],[29,135],[294,484],[294,404],[88,27],[59,-67],[-89,-148],[-146,-121],[-89,-108],[-146,-229],[-265,-377]],[[4905,39451],[-30,-68],[-88,54],[-29,175],[58,148],[118,54],[59,-14],[0,-80],[-30,-162],[-58,-107]],[[6079,40810],[-264,-1077],[-206,-498],[-323,-457],[-147,175],[-29,40],[0,67],[29,81],[0,81],[-58,81],[-59,134],[59,148],[235,337],[29,26],[-29,229],[29,81],[59,148],[88,121],[147,40],[88,-94],[176,310],[88,121],[88,-94]],[[5169,46528],[-59,-27],[-117,41],[-59,148],[59,121],[88,40],[58,-13],[30,-41],[0,-269]],[[39295,323],[-470,336],[-499,229],[-147,108],[-265,309],[-117,67],[0,81],[-206,646],[-29,67],[-59,81],[-88,54],[-205,40],[-88,41],[-147,107],[-441,256],[-117,121],[-59,54],[-59,27],[-147,-14],[-235,-80],[-88,0],[-29,0],[-206,80],[-235,229],[-58,54],[-206,67],[-29,14],[-30,80],[0,54],[59,202],[0,67],[-29,67],[-30,54],[-88,41],[-88,27],[-88,0],[-176,-41],[-59,14],[-88,13],[-59,54],[-205,175],[-30,107],[88,54],[265,-27],[147,27],[29,108],[-59,134],[-88,95],[-499,323],[-88,94],[-59,121],[-29,134],[0,270],[-30,53],[-29,68],[-88,94],[-30,67],[-29,215],[-29,68],[-59,53],[-118,68],[-117,-27],[-147,-54],[-88,-81],[-117,-80],[-118,-14],[-264,67],[-30,27],[-29,81],[-29,67],[0,68],[58,296],[-29,107],[-59,94],[-88,81],[-117,54],[-176,54],[-59,27],[-147,94],[-59,27],[-117,0],[-235,-41],[-147,0],[-59,202],[-29,68],[29,67],[30,67],[117,175],[0,67],[0,54],[-29,67],[-88,135],[-59,54],[-59,40],[-147,67],[-58,54],[-30,54],[0,67],[0,68],[30,67],[29,67],[0,148],[-59,135],[-59,121],[-146,175],[-30,40],[-29,54],[0,67],[29,135],[0,67],[0,67],[-59,54],[-205,148],[-59,81],[-88,67],[-29,94],[-118,256],[-29,67],[0,135],[-30,67],[-29,54],[-235,148],[-29,40],[-59,108],[-59,40],[-117,14],[-294,-121],[-88,53],[29,135],[118,242],[0,108],[-59,13],[-59,0],[-29,-13],[-117,-54],[-441,-81],[-235,-107],[-59,-14],[-29,0],[-147,0],[-59,-13],[-235,-108],[-29,-13],[-59,0],[-29,13],[-59,40],[-29,14],[-29,27],[-30,13],[-29,27],[0,27],[-30,14],[-88,40],[-29,13],[-29,95],[29,94],[29,134],[30,108],[-88,13],[-59,-13],[-88,-14],[-59,-40],[-59,-54],[-147,-202],[-58,-53],[-118,-95],[-147,-80],[-58,-14],[-59,-13],[-88,27],[-59,40],[-59,54],[-58,67],[-59,81],[-59,215],[-29,67],[-59,54],[-117,94],[-89,27],[-323,95],[-117,67],[-29,134],[29,135],[0,67],[-29,81],[-89,94],[-29,54],[29,67],[59,121],[-29,54],[-30,54],[-88,40],[-146,68],[-89,40],[-146,161],[-30,41],[-293,148],[-470,417],[-294,309],[-176,121],[-59,54],[-147,175],[-59,41],[-88,13],[-205,14],[-88,40],[-30,54],[-29,148],[-29,54],[-59,40],[-323,-27],[-59,27],[-29,67],[29,148],[29,94],[-58,54],[-59,41],[-499,188],[-177,0],[-58,-27],[-235,-121],[-59,-40],[-88,-27],[-88,0],[-88,0],[-353,67],[-88,-14],[-323,-80],[-88,-14],[-88,27],[-235,94],[-88,27],[-59,-13],[-294,-67],[-88,0],[-1380,94],[-264,-68],[-147,27],[-88,108],[-59,108],[0,13],[-117,108],[-89,54],[-176,-81],[-88,-54],[-59,-67],[-29,-108],[0,-54],[-59,-54],[-29,-40],[-59,-13],[-59,-14],[-58,27],[-88,67],[-88,95],[-59,80],[-118,27],[-117,-27],[-59,-80],[-29,-95],[58,-107],[118,-121],[29,-54],[0,-54],[-29,-54],[-59,-27],[-176,-67],[-881,-121],[-118,-14],[-381,54],[-265,0],[-146,-27],[-324,-134],[-117,-27],[-117,0],[-118,40],[-59,68],[-29,80],[-88,68],[-118,0],[-117,-41],[-88,-94],[-206,-256],[-88,-80],[-88,-41],[-117,-13],[-353,67],[-117,-13],[-118,-54],[-176,-162],[-118,-67],[-117,-40],[-117,0],[-118,27],[-206,80],[-58,27],[-265,14],[-381,107],[-118,14],[-205,-41],[-89,0],[-264,68],[-117,-14],[-323,-134],[-59,-14],[-59,14],[-117,40],[-59,13],[-59,-13],[-59,-27],[-58,-40],[-206,-27],[-176,27],[-147,67],[-147,135],[-117,148],[-59,53],[-59,41],[-117,27],[-88,-27],[-88,-41],[-235,-161],[-88,-27],[-89,-27],[-88,14],[-293,53],[-177,-40],[-176,-108],[-147,-134],[-117,-148],[-59,-148],[-29,-323],[-353,-1346],[-29,-94],[-59,-81],[-117,-80],[-294,-68],[-117,-94],[-59,-161],[-59,-538],[-117,-323],[-118,-350],[-58,-94],[-30,-861],[-59,-444],[-205,-296],[147,1345],[-30,700],[-88,1601],[88,525],[59,148],[235,403],[59,404],[59,108],[88,215],[0,861],[88,336],[646,1575],[176,269],[117,538],[147,269],[382,511],[705,1427],[29,201],[118,148],[763,2247],[235,969],[88,1063],[118,1278],[-88,1440],[-265,2732],[-88,282],[-440,875],[-176,982],[-147,323],[88,188],[-29,215],[-324,1117],[-29,94],[-235,525],[-352,552],[-500,525],[-146,134],[-30,14],[-29,53],[-88,14],[-59,13],[-88,27],[-117,81],[-324,94],[-146,67],[-59,95],[-118,336],[-29,148],[-88,148],[-147,121],[-117,121],[117,135],[470,-121],[470,54],[382,215],[293,336],[206,310],[29,148],[88,107],[30,54],[-30,54],[-58,27],[-59,13],[-29,-40],[-30,13],[-470,-471],[-235,-161],[353,646],[-118,-54],[-323,-256],[-117,-121],[-59,-80],[-59,-81],[-29,-94],[59,-95],[0,-53],[-59,-148],[-29,-81],[-30,-14],[-29,-13],[-59,0],[-59,0],[-29,27],[0,13],[0,27],[-29,41],[0,67],[0,202],[0,67],[88,121],[205,202],[59,134],[29,175],[59,81],[118,54],[117,108],[793,1089],[29,41],[59,27],[59,54],[0,67],[29,161],[30,68],[29,13],[29,27],[147,148],[30,54],[0,80],[0,68],[-59,67],[-59,54],[59,54],[59,67],[0,67],[0,81],[-118,-67],[-59,-41],[-29,135],[117,188],[-29,108],[-147,94],[-88,-67],[-59,-121],[-29,-68],[-147,-67],[-59,27],[0,108],[30,94],[59,94],[29,67],[499,458],[118,188],[88,242],[-59,189],[-235,403],[-88,216],[59,0],[58,0],[59,27],[30,40],[176,256],[88,161],[29,148],[-29,148],[-59,121],[-235,337],[-59,26],[-117,0],[-59,41],[-29,67],[-30,81],[-29,27],[-147,81],[-235,524],[-58,68],[-89,53],[-58,41],[0,80],[29,27],[29,14],[30,27],[0,40],[-30,40],[-58,95],[-30,148],[-323,740],[-58,107],[-118,54],[-88,94],[0,202],[-29,135],[-147,-54],[-176,108],[0,53],[381,95],[118,53],[-176,14],[-294,-41],[-117,27],[-118,121],[59,54],[-118,229],[-58,40],[-177,68],[-58,-350],[58,-781],[-117,-296],[-59,122],[-117,94],[-206,121],[-59,67],[-117,188],[-59,95],[-117,67],[-265,121],[-58,54],[0,94],[29,40],[59,14],[29,13],[0,68],[-59,67],[0,67],[-29,108],[-88,107],[-235,162],[-29,54],[0,148],[-30,67],[-147,135],[-88,376],[-58,94],[-89,95],[-29,121],[-59,121],[0,121],[-29,-40],[-59,-27],[-29,-41],[-118,108],[-58,121],[0,135],[-59,134],[-59,54],[-59,54],[-58,80],[-30,108],[-58,81],[-177,242],[-58,121],[-30,108],[-29,121],[-88,229],[-176,175],[-118,-54],[-205,-364],[-353,-444],[-59,-53],[-58,-95],[58,-148],[88,41],[0,-135],[-29,-296],[-29,-255],[-30,-68],[-88,-40],[-176,-54],[-59,-67],[-29,-67],[59,-68],[58,-80],[59,-122],[30,-53],[-30,-95],[-59,-336],[-88,-175],[-58,-94],[-206,861],[29,242],[177,713],[58,256],[353,915],[147,767],[146,686],[89,67],[939,0],[323,0],[970,0],[1468,0],[1938,0],[2262,0],[2555,0],[2702,0],[2789,0],[2820,0],[2702,14],[264,0],[2261,0],[2291,0],[1909,0],[1498,0],[940,0],[352,0],[1175,0],[-88,1292],[-30,686],[-235,3296],[-146,1992],[-118,1991],[-117,511],[-412,1023],[-88,511],[118,538],[264,512],[705,888],[147,175],[822,511],[1028,632],[881,552],[499,323],[500,161],[1380,175],[294,81],[1791,767],[822,202],[118,134],[29,270],[0,645],[0,592],[0,606],[0,605],[0,606],[0,605],[0,592],[0,606],[0,605],[0,606],[0,592],[0,605],[0,606],[0,605],[0,592],[0,606],[0,605],[0,606],[0,592],[0,605],[0,606],[0,605],[0,606],[0,592],[0,605],[0,606],[0,605],[0,592],[0,606],[0,605],[0,606],[0,592],[0,605],[822,0],[823,0],[822,0],[822,0],[823,0],[822,0],[822,0],[823,0],[822,0],[822,0],[823,0],[822,0],[822,0],[823,0],[822,0],[822,0],[822,0],[823,0],[822,0],[822,0],[823,0],[793,0],[822,0],[822,0],[823,0],[822,0],[822,0],[823,0],[822,0],[822,0],[822,0],[823,0],[705,0],[146,41],[59,107],[0,364],[0,107],[0,310],[0,484],[0,619],[0,740],[0,834],[0,875],[0,915],[0,915],[0,888],[0,821],[0,740],[0,619],[0,484],[0,309],[0,108],[1615,-915],[1616,-928],[1615,-929],[1615,-928],[1615,-929],[1616,-928],[1615,-928],[1615,-929],[1616,-928],[1585,-929],[1616,-928],[1615,-928],[1380,-781],[1381,-780],[1350,-794],[1175,-673],[206,-108],[969,-565],[1439,-861],[1410,-847],[1409,-862],[1410,