{"type":"Topology","transform":{"scale":[8.64017280259327e-7,0.0000014353050324505496],"translate":[-62.228422284222844,16.675257593071578]},"objects":{"MSR":{"type":"MultiPolygon","arcs":[[[0]]]}},"arcs":[[[95832,48235],[-4166,-4706],[-4167,-9412],[4167,-2353],[0,-3529],[4166,-4706],[4167,-4706],[0,-3529],[-4167,-5882],[-4166,-4706],[-8333,-3530],[-12500,-1176],[-58333,9412],[-12500,27058],[12500,34118],[16666,29411],[16667,-3529],[8333,-1177],[8333,1177],[-4166,-12941],[8333,-12941],[16667,-11765],[12499,-10588]]]}