{"type":"Topology","transform":{"scale":[0.00006969739394090909,0.00010194042918711046],"translate":[56.525965259652594,-20.51734535336476]},"objects":{"MUS":{"type":"MultiPolygon","arcs":[[[0]],[[1]],[[2]]]}},"arcs":[[[17045,4125],[52,0],[155,16],[52,-16],[206,-83],[0,-67],[-51,-314],[154,-100],[104,-82],[155,-266],[258,-215],[103,-116],[-51,-232],[-52,-265],[-155,-298],[-52,-149],[104,-149],[-362,-83],[-413,-199],[-207,-232],[104,-165],[0,-66],[51,-83],[52,-50],[-52,-99],[-103,-17],[-103,0],[-52,-16],[-207,-232],[-103,-100],[-207,-83],[-1188,-248],[-1188,-116],[-464,17],[-672,149],[-361,16],[-310,-83],[-827,481],[-206,132],[-52,133],[207,66],[361,-50],[207,17],[103,132],[52,282],[0,99],[-155,50],[103,232],[0,547],[103,298],[104,165],[310,431],[103,66],[51,33],[310,183],[155,33],[310,66],[104,33],[258,166],[51,182],[0,182],[207,265],[207,348],[51,100],[104,66],[361,199],[104,33],[206,0],[52,33],[103,66],[52,83],[155,33],[258,-33],[620,-116],[155,-66],[103,-100],[-103,-165],[51,-100],[104,-99],[103,-166],[155,-132],[52,-116],[51,-66]],[[98398,7471],[-258,-116],[-414,281],[-51,17],[0,182],[155,83],[155,49],[464,199],[465,100],[517,49],[310,-83],[258,-33],[-103,-198],[-259,-216],[-464,-99],[-310,-33],[-207,-83],[-258,-99]],[[620,99386],[0,-199],[-310,232],[-258,282],[-52,132],[0,100],[0,33],[0,16],[52,17],[103,0],[103,-232],[362,-381]]]}