{"type":"Topology","transform":{"scale":[0.00003240064800972007,0.00007754024363544983],"translate":[32.664926649266505,-17.13512508178971]},"objects":{"MWI":{"type":"MultiPolygon","arcs":[[[0]],[[1]],[[2]]]}},"arcs":[[[61444,64982],[0,261],[222,305],[556,566],[444,109],[667,-22],[666,-108],[445,-131],[333,-261],[-111,-327],[-333,-305],[-556,-240],[-555,-152],[-778,-65],[-556,87],[-444,283]],[[57888,66289],[667,217],[1111,109],[889,-218],[444,-392],[-333,-457],[-555,-261],[-556,22],[-333,152],[-445,240],[-778,370],[-111,218]],[[70999,71733],[-9666,43],[-1111,-109],[-334,-174],[111,-239],[112,-545],[0,-522],[-223,-523],[-1333,-1263],[-2333,-1459],[-3334,-2047],[-555,-653],[-222,-588],[111,-66],[777,-1110],[1778,-2635],[1667,-2483],[444,-1437],[445,-1808],[444,-1546],[334,-1285],[-112,-1089],[0,-1067],[1000,-936],[112,-22],[111,-43],[444,-218],[445,-196],[555,-457],[222,-153],[0,-65],[111,-65],[334,-66],[444,-43],[4000,43],[1000,-87],[1111,-152],[889,-240],[3222,-1176],[2667,-1002],[2667,-1306],[3333,-1612],[2778,-1372],[2666,-1284],[2111,-1634],[2667,-1372],[3222,-1676],[1111,-567],[1111,-566],[1556,-631],[333,-196],[222,-218],[223,-2700],[222,-109],[444,-22],[667,0],[-1222,-1111],[-778,-805],[-1556,-1438],[-222,-305],[111,-304],[111,-218],[667,-1198],[889,-1459],[-111,-523],[-111,-1023],[-334,-1612],[-111,-1154],[-333,-1851],[-333,-479],[-223,-327],[0,-217],[223,-392],[-111,-196],[-223,-283],[-444,-218],[-2333,-610],[-334,-65],[-222,-22],[-555,44],[-334,0],[-3000,-371],[-666,-21],[-223,-88],[-111,-196],[-111,-108],[-444,0],[-445,87],[-222,87],[-222,218],[-556,152],[-555,65],[-667,0],[-667,-65],[-555,-152],[-2222,-784],[-111,-88],[-667,-326],[-556,-501],[-222,-588],[0,-131],[445,-370],[-223,-131],[-666,-348],[0,-65],[-223,-175],[112,-522],[-223,-218],[-444,-196],[-2111,-566],[-445,-109],[556,-566],[444,-327],[111,-131],[223,-108],[333,-44],[333,-22],[667,-109],[222,-43],[111,-66],[111,-130],[112,-66],[111,-21],[333,-44],[0,-43],[778,-327],[111,-65],[111,-850],[111,-261],[556,-501],[222,-305],[-778,-283],[-111,-261],[111,-501],[-111,-44],[-222,-65],[-111,-65],[0,-87],[111,-44],[1000,-239],[222,-109],[-111,-175],[-333,-239],[-112,-218],[334,-479],[0,-261],[-111,-218],[-111,-174],[-223,-153],[-1777,-65],[-3112,44],[-1666,108],[-445,175],[111,326],[-1000,632],[223,392],[666,239],[778,153],[667,196],[333,348],[111,414],[0,457],[-333,414],[-667,196],[-1000,22],[-889,-44],[-888,66],[-889,283],[-556,305],[-333,130],[-445,109],[-111,44],[-555,21],[-223,66],[-111,87],[-111,239],[-111,109],[-222,66],[-222,87],[-556,87],[-555,109],[-223,217],[-222,262],[-333,174],[-1334,501],[-333,174],[-555,436],[-445,174],[-1889,414],[-222,43],[-222,44],[-445,392],[-111,109],[-222,108],[-1000,305],[-333,153],[-334,196],[-888,893],[-667,283],[-1445,87],[-1000,22],[-666,239],[-1222,1133],[111,435],[555,828],[-111,370],[-444,283],[-2667,1111],[-444,108],[-1000,196],[-334,131],[-333,348],[-111,480],[222,435],[222,327],[889,392],[556,174],[555,87],[667,87],[333,87],[1889,1067],[333,414],[112,523],[-223,762],[0,435],[334,218],[555,131],[667,392],[555,152],[223,153],[222,326],[111,175],[333,174],[334,109],[444,87],[445,130],[555,327],[111,349],[-333,914],[-333,980],[111,218],[222,152],[0,153],[-222,152],[-111,174],[222,196],[666,349],[223,196],[0,218],[-223,196],[-333,196],[-222,196],[-222,261],[-111,218],[0,936],[-112,414],[-333,392],[-555,414],[-334,435],[445,762],[0,436],[-556,414],[-1555,631],[-778,370],[-1000,850],[-334,239],[-333,153],[-889,174],[-222,-22],[-222,-44],[-222,-87],[-223,-65],[-222,-22],[-555,22],[-223,0],[-3000,-457],[-2333,-22],[-1000,-174],[-222,-131],[-333,-327],[-223,-65],[-3222,196],[-889,0],[-889,-87],[-1777,-457],[-889,-131],[-889,44],[-1667,522],[-666,-87],[-445,-305],[-222,-370],[0,-435],[-111,-240],[-334,-87],[-555,65],[-333,131],[-223,174],[-222,218],[-444,479],[-223,174],[-444,109],[-778,152],[-333,109],[-333,175],[-111,152],[-223,174],[-444,131],[-1222,239],[-445,131],[-555,305],[-1556,1285],[-555,326],[-445,327],[-111,65],[-111,88],[-333,43],[-445,109],[-222,131],[-778,522],[-111,218],[111,653],[-333,371],[-667,217],[-1778,370],[-444,262],[-1000,740],[-444,153],[-334,-66],[-222,-326],[-333,-109],[-1111,-131],[-334,-109],[-444,-174],[-1000,-653],[-556,-44],[-666,370],[-223,196],[111,654],[112,65],[-112,87],[-111,109],[-222,44],[-555,-22],[-334,87],[-111,218],[-111,174],[-111,196],[-1556,784],[-444,152],[-889,153],[-1222,87],[-889,174],[-111,348],[333,131],[1111,218],[223,152],[-112,153],[-1222,675],[-778,152],[-1111,0],[-1000,87],[-333,414],[111,261],[222,109],[445,-21],[666,-88],[334,22],[889,305],[333,109],[1222,65],[334,109],[111,283],[0,240],[111,218],[222,130],[556,44],[888,174],[556,501],[444,697],[445,718],[555,501],[778,414],[889,109],[222,174],[-111,153],[-555,283],[-223,217],[-111,218],[0,240],[445,1415],[889,784],[111,370],[-334,305],[-666,283],[-889,218],[-222,153],[-112,936],[112,240],[333,348],[1111,675],[1000,762],[333,174],[445,175],[222,43],[222,-22],[222,-87],[112,-87],[222,-87],[222,44],[333,109],[223,43],[444,65],[222,0],[334,-21],[222,-87],[333,-284],[111,-65],[334,0],[222,65],[0,88],[222,65],[222,43],[111,44],[111,65],[334,44],[444,109],[556,435],[333,175],[222,43],[889,65],[333,-21],[334,-66],[222,-65],[222,-22],[667,66],[778,174],[555,261],[556,305],[333,131],[889,152],[333,152],[0,305],[111,109],[556,22],[222,218],[778,196],[111,43],[222,196],[0,283],[-333,44],[-556,0],[-1222,174],[-2222,-283],[-1111,153],[-556,370],[-555,914],[-445,414],[-333,174],[-889,349],[-222,196],[0,435],[111,436],[1222,1176],[222,653],[223,218],[111,196],[-111,196],[-334,283],[0,196],[334,479],[111,479],[-334,2091],[-111,217],[-444,196],[-556,22],[-555,-22],[-445,0],[-555,88],[-111,87],[444,413],[222,240],[0,152],[-111,1111],[334,174],[777,-261],[223,174],[0,153],[0,174],[0,174],[111,87],[555,65],[111,66],[0,87],[0,130],[0,88],[2111,1372],[445,370],[333,392],[-1000,718],[-666,283],[-667,305],[-445,371],[-222,392],[-111,370],[-111,392],[-222,413],[-445,153],[-444,-22],[-333,0],[-334,65],[111,175],[223,239],[333,44],[333,-44],[334,0],[444,109],[556,370],[444,131],[333,65],[778,66],[445,65],[444,22],[1000,-87],[556,0],[333,65],[555,239],[556,44],[556,152],[333,218],[555,523],[1445,697],[444,109],[445,87],[1111,348],[555,174],[445,327],[0,44],[0,43],[0,131],[-222,239],[0,327],[-889,65],[-445,218],[-555,588],[-223,109],[-888,305],[-334,152],[-777,806],[-112,305],[223,719],[-111,413],[-445,196],[-555,174],[-556,327],[-889,109],[-555,196],[-445,218],[-667,239],[-2555,458],[-333,239],[0,327],[111,326],[555,610],[1000,588],[222,262],[-222,370],[-555,501],[-111,108],[-1223,175],[-333,87],[-333,130],[-334,153],[-444,348],[-333,153],[-778,196],[-222,196],[-112,174],[112,131],[111,109],[111,130],[0,196],[-222,174],[-445,327],[-555,174],[-1667,44],[-778,130],[-111,-326],[-111,-392],[-333,-218],[-667,87],[-111,131],[-111,152],[-111,131],[-334,65],[-444,-43],[-333,-87],[-334,-66],[-444,66],[-334,348],[556,915],[0,370],[-333,43],[-445,175],[-222,43],[-333,0],[-223,-65],[-111,-22],[-333,109],[-111,174],[-111,741],[444,217],[667,109],[555,22],[556,-131],[1556,-631],[1888,-610],[223,-43],[889,-88],[888,-152],[112,-22],[333,44],[333,152],[222,22],[445,22],[666,-87],[334,-22],[333,43],[445,131],[333,22],[444,-87],[1778,-501],[556,-218],[555,-479],[334,-240],[555,-152],[556,-65],[1333,-44],[889,87],[778,174],[666,131],[1111,-43],[889,-109],[889,-66],[778,44],[778,196],[1000,109],[889,-218],[777,-327],[778,-217],[778,-131],[778,-218],[777,-261],[334,-240],[333,-109],[556,218],[0,87],[444,131],[222,131],[111,174],[111,218],[112,392],[111,239],[-556,566],[445,327],[666,240],[445,174],[444,196],[1111,-153],[1000,-261],[0,-22],[334,-152],[444,-87],[1000,-523],[222,-65],[556,-240],[889,-174],[3000,-1307],[888,-130],[223,-175],[111,-239],[111,-240],[222,-109],[667,-283],[111,-21],[555,-240],[0,-44],[3112,-1589],[333,-262],[1000,-544],[333,-436],[0,-130],[0,-153],[-333,-261],[0,-131],[222,-435],[1000,-958],[333,-675],[223,-283],[111,-153],[-111,-152],[-556,-1394],[111,-283],[556,