{"type":"Topology","transform":{"scale":[0.00013543470868062994,0.000120075930420663],"translate":[11.716317163171652,-28.95854312550837]},"objects":{"NAM":{"type":"MultiPolygon","arcs":[[[0]]]}},"arcs":[[[86124,94247],[319,71],[239,56],[159,0],[213,56],[319,71],[319,70],[319,70],[292,70],[319,71],[319,70],[319,70],[319,71],[319,70],[319,70],[319,71],[319,70],[292,70],[319,71],[319,70],[319,70],[213,42],[133,14],[159,-28],[373,-14],[79,-42],[80,28],[292,85],[133,28],[133,-28],[319,-127],[213,-42],[133,-70],[212,-43],[54,-42],[53,-56],[53,-56],[106,-43],[80,-14],[53,0],[80,43],[133,112],[80,42],[26,71],[53,56],[80,14],[319,0],[638,-99],[27,-28],[53,-28],[53,-42],[80,-14],[239,0],[505,-98],[186,-113],[106,-141],[133,71],[106,-71],[80,-126],[107,-99],[79,-14],[133,57],[80,14],[27,-28],[-54,-141],[0,-56],[54,-71],[26,-28],[53,-14],[107,0],[0,-28],[159,-141],[0,-14],[80,-239],[0,-42],[80,-14],[53,-42],[26,-56],[27,-57],[53,85],[53,14],[107,-127],[26,-42],[0,-112],[0,-43],[53,-42],[80,-42],[27,-42],[106,-127],[53,-28],[133,-14],[80,-28],[106,-56],[80,-99],[53,-98],[-478,98],[-293,0],[-266,-267],[-239,-112],[-213,0],[-79,168],[-213,-140],[-80,-14],[-79,98],[-107,-56],[-53,42],[-53,70],[-80,57],[53,112],[-79,-14],[-27,-42],[-27,-56],[-53,-57],[-53,-28],[-558,-197],[-133,0],[-133,-42],[-159,-155],[-160,-42],[-53,-28],[-53,-112],[-53,-29],[-54,-14],[-79,-28],[-53,-28],[-27,-42],[-213,-267],[-239,-169],[-133,-112],[-372,-479],[-27,-28],[-26,-42],[-80,-141],[-26,-42],[-80,-14],[-346,-42],[-79,-28],[-266,253],[0,127],[-53,56],[-54,14],[-53,56],[-106,267],[-106,99],[-160,28],[-239,14],[-133,-42],[-106,-127],[-213,-408],[-80,-56],[-53,14],[-133,71],[-80,28],[-159,28],[-133,-28],[-266,-141],[-345,-464],[-266,-197],[-266,-42],[-53,-42],[-213,-225],[-53,-42],[-213,-99],[-106,-70],[-27,-42],[-26,-57],[-27,28],[-26,15],[-53,14],[-54,0],[-239,-197],[-26,-296],[-133,-112],[-213,-169],[-80,-84],[-133,-211],[-79,-99],[-133,-42],[-691,-801],[-107,-85],[-159,-28],[-160,-225],[-53,-42],[-26,-14],[-266,-99],[-133,0],[-106,85],[-54,351],[-106,352],[-80,112],[107,169],[-54,183],[-265,281],[79,127],[-53,84],[-80,71],[-26,84],[-27,98],[-79,43],[-107,14],[-106,42],[-27,70],[-106,141],[-106,98],[-80,-84],[-80,14],[-53,28],[-53,14],[0,56],[0,127],[0,56],[-27,84],[-239,282],[-80,211],[-79,126],[-27,42],[0,57],[0,197],[-27,28],[-53,14],[-53,14],[-27,56],[0,113],[0,56],[-53,42],[-79,42],[-293,14],[-505,-42],[-638,-56],[-877,-85],[-638,-140],[-638,-127],[-611,-126],[-612,-127],[-638,-141],[-611,-126],[-638,-127],[-611,-140],[-638,-127],[-612,-126],[-611,-127],[-638,-141],[-611,-126],[-638,-127],[-612,-140],[-638,-127],[-611,-127],[-133,-28],[-133,-28],[-106,-28],[-133,-28],[-133,0],[-159,0],[-346,-28],[-345,-14],[-346,-14],[-346,-14],[-398,-14],[-426,-29],[-425,-14],[-425,-14],[-213,-14],[-133,0],[0,-239],[0,-337],[0,-338],[0,-351],[0,-338],[0,-337],[0,-338],[0,-337],[0,-352],[0,-337],[0,-338],[0,-337],[0,-338],[0,-337],[0,-352],[0,-337],[0,-338],[0,-1041],[0,-379],[0,-661],[0,-1041],[0,-1040],[0,-1041],[27,-1041],[0,-1040],[0,-1041],[0,-1041],[0,-1040],[0,-844],[0,-197],[0,-1041],[0,-1040],[0,-1041],[26,-1040],[0,-1041],[0,-478],[0,-492],[0,-479],[0,-478],[0,-478],[0,-478],[0,-478],[0,-478],[0,-478],[0,-492],[0,-479],[0,-478],[0,-478],[0,-478],[0,-478],[27,-478],[0,-352],[-106,-295],[-426,0],[-1727,0],[-1728,0],[-1728,0],[-1728,0],[0,-717],[0,-1266],[0,-1252],[0,-1251],[0,-1252],[0,-1434],[0,-1434],[0,-1421],[0,-872],[0,-562],[0,-1434],[27,-1435],[0,-1195],[0,-239],[0,-1435],[0,-1434],[0,-1420],[0,-1435],[0,-1434],[0,-113],[0,-464],[0,-464],[0,-464],[0,-464],[0,-478],[0,-464],[0,-464],[0,-464],[0,-464],[0,-478],[0,-464],[0,-465],[0,-464],[0,-464],[0,-478],[0,-98],[0,-366],[0,-464],[0,-464],[0,-464],[0,-478],[0,-464],[0,-464],[0,-464],[0,-464],[0,-479],[0,-464],[0,-464],[0,-464],[0,-464],[0,-478],[0,-464],[0,-464],[0,-464],[0,-464],[0,-478],[0,-464],[0,-464],[0,-465],[0,-464],[0,-478],[0,-464],[0,-464],[0,-464],[0,-464],[0,-478],[0,-464],[0,-464],[0,-464],[0,-464],[0,-478],[0,-465],[0,-464],[0,-464],[0,-478],[0,-464],[0,-464],[0,-464],[0,-464],[0,-478],[0,-464],[0,-464],[0,-464],[0,-464],[0,-479],[0,-323],[0,-239],[-239,-70],[-80,0],[-239,28],[-80,-14],[-186,-99],[-319,-309],[-239,-56],[-346,-29],[-160,-56],[-159,-112],[-133,-71],[-718,-56],[-79,-14],[-80,-56],[-53,-56],[-27,-71],[-80,-84],[-26,-56],[-80,-155],[-26,-28],[-80,-28],[-53,-85],[-213,-661],[-80,-126],[-106,-99],[-160,-70],[-611,-155],[-106,-42],[-80,14],[-160,141],[-106,-14],[-106,-70],[-80,-113],[-133,-239],[-26,-183],[53,-183],[266,-464],[0,-98],[-80,-56],[-239,-29],[-54,-28],[-79,-126],[-53,-56],[-426,-225],[-292,-99],[-293,-14],[-132,155],[-27,42],[-80,14],[-266,42],[-53,14],[-80,85],[-186,295],[-106,112],[-1542,225],[-1435,-196],[-266,-155],[-159,-42],[-27,14],[-80,84],[-53,14],[-26,0],[-80,-42],[-27,-14],[-159,-28],[-80,-28],[-53,-28],[-133,-71],[-186,42],[-319,113],[-160,14],[-638,-98],[-265,-99],[-133,14],[-638,211],[-266,141],[-452,379],[-266,155],[-266,113],[-1222,267],[-239,-14],[-80,-42],[-133,-99],[-80,-28],[-106,-14],[-239,70],[-160,71],[-27,168],[0,211],[-26,169],[-106,84],[-133,-28],[-133,-70],[-160,-28],[-319,-42],[-319,-85],[-265,56],[-27,240],[106,351],[27,324],[-80,182],[-266,99],[-53,140],[-26,197],[-213,253],[-53,155],[26,127],[80,98],[133,84],[133,43],[106,84],[80,197],[0,225],[0,183],[-53,84],[-107,155],[-53,84],[-26,113],[0,84],[-27,84],[-80,99],[-26,84],[0,99],[-27,98],[-80,42],[-212,-14],[-452,-112],[-239,42],[-160,197],[-26,394],[0,182],[0,183],[-54,155],[-186,56],[-133,70],[-106,141],[-80,169],[-106,126],[-80,43],[-79,0],[-160,-43],[-80,-42],[-239,-183],[-186,57],[-106,-29],[-107,-112],[-79,-28],[-80,14],[-53,84],[-80,14],[-27,-28],[-132,-154],[-27,-15],[-53,-660],[-53,-85],[-27,0],[-53,28],[-106,0],[-54,28],[-26,14],[-27,-42],[-26,-42],[26,-56],[133,-155],[0,-70],[-106,-28],[-160,0],[-53,-28],[-26,-71],[26,-56],[53,-84],[54,-113],[-27,-98],[-80,-57],[-53,29],[-80,56],[-79,28],[-133,-56],[-27,-155],[27,-169],[53,-126],[159,-239],[53,-155],[-79,-70],[-107,-71],[-26,-168],[-27,-183],[0,-141],[-80,-155],[-132,-168],[-160,-127],[-133,14],[-26,71],[-27,112],[-27,98],[-53,29],[-79,-29],[-559,-548],[-292,-84],[-186,-113],[-213,-126],[-133,-71],[-133,-98],[-79,-127],[-80,-84],[-213,28],[-80,56],[-451,366],[-213,267],[-106,169],[-798,801],[-133,57],[-53,42],[-452,605],[-478,548],[-984,717],[-186,197],[-372,492],[-532,422],[-106,113],[-239,365],[-239,253],[-27,71],[-27,84],[54,169],[26,84],[-106,267],[-186,268],[-744,745],[-107,140],[-26,211],[0,422],[-27,71],[-27,112],[-717,1139],[-107,267],[-106,127],[-106,56],[-80,71],[-213,450],[-292,393],[-53,85],[-106,661],[-27,84],[-53,56],[-53,71],[0,98],[53,337],[-107,549],[54,112],[-160,310],[-26,154],[-27,197],[0,338],[-27,169],[-133,154],[-53,14],[-133,14],[-53,29],[-26,28],[-53,84],[-54,84],[-26,0],[-27,183],[-53,155],[-213,506],[-53,141],[27,225],[-80,154],[-80,169],[-79,141],[0,197],[0,168],[79,113],[107,42],[79,28],[54,28],[79,0],[0,-84],[0,-323],[53,0],[27,168],[160,436],[0,85],[-54,112],[-133,506],[-106,507],[-186,309],[-239,253],[-266,197],[-452,183],[-53,84],[-53,647],[26,633],[-159,225],[-27,56],[27,99],[53,0],[53,-14],[80,28],[106,267],[-26,351],[-80,366],[-106,267],[-346,563],[-27,281],[133,309],[-79,0],[-372,450],[-133,225],[0,99],[0,70],[0,113],[0,661],[53,168],[212,436],[27,141],[0,183],[-53,168],[-160,169],[-26,211],[-53,380],[-160,506],[-53,394],[-80,309],[0,169],[239,619],[-26,98],[133,591],[26,337],[-53,324],[-106,211],[-160,323],[-79,338],[-27,661],[-106,323],[-426,830],[-159,253],[-372,365],[-107,254],[-239,295],[-53,211],[27,98],[106,127],[27,42],[0,338],[-54,168],[-159,310],[-160,422],[-398,801],[-160,577],[-133,267],[-53,380],[-53,126],[27,169],[0,281],[-27,281],[-53,183],[53,127],[53,225],[53,112],[27,14],[80,14],[53,28],[26,85],[107,197],[-53,112],[0,464],[-133,394],[0,155],[79,1195],[-26,295],[-80,225],[-266,760],[-106,379],[0,85],[53,70],[186,338],[106,98],[0,-183],[27,-70],[53,42],[0,183],[0,323],[-133,971],[-79,295],[-133,211],