{"type":"Topology","transform":{"scale":[0.00011419428387425803,0.0000356124507463335],"translate":[159.92619926199262,-22.670281372465197]},"objects":{"NCL":{"type":"MultiPolygon","arcs":[[[0]],[[1]],[[2]],[[3]],[[4]],[[5]],[[6]],[[7]],[[8]],[[9]],[[10]],[[11]]]}},"arcs":[[[66708,2039],[95,-427],[0,-711],[-95,237],[-126,664],[-63,47],[-63,-189],[0,-380],[63,-664],[-126,-616],[-284,95],[-504,616],[63,711],[0,1613],[63,569],[157,94],[221,-142],[252,-332],[158,-379],[94,-522],[95,-284]],[[60561,6923],[0,-190],[-63,-47],[-64,189],[-63,-189],[-31,-95],[-126,-143],[0,-142],[157,-95],[0,-189],[-94,-190],[-63,0],[-63,48],[-126,94],[-95,190],[63,379],[63,332],[32,285],[0,237],[126,237],[94,95],[95,0],[95,-190],[63,-284],[0,-332]],[[99999,9104],[-32,-95],[-31,47],[31,95],[32,-47]],[[70460,36368],[-63,-522],[63,-474],[94,-522],[126,-426],[95,-238],[252,-189],[315,95],[316,332],[252,331],[63,-569],[0,-995],[-63,-1091],[-126,-806],[63,-1280],[-32,-569],[-126,-285],[-95,-47],[-315,-284],[-252,-427],[-378,95],[-316,474],[32,806],[-189,237],[-252,142],[-221,48],[-189,-237],[-32,47],[0,95],[-31,95],[0,142],[94,189],[95,285],[94,379],[32,474],[-63,238],[-189,663],[-63,285],[-63,474],[-32,759],[-31,474],[-63,474],[-253,1091],[158,189],[95,95],[126,-47],[126,-48],[220,-332],[127,-95],[157,380],[568,1185],[31,-332],[-157,-758]],[[57219,54765],[-63,-237],[-95,-143],[-220,-189],[-32,142],[-63,95],[-63,95],[-63,47],[63,142],[63,48],[63,47],[95,-47],[63,47],[252,-47]],[[64596,54954],[63,-474],[-95,-521],[-94,-474],[-63,-522],[0,-332],[63,-759],[126,-758],[-32,-332],[-126,-569],[-31,-332],[31,-237],[63,-95],[95,-95],[94,-142],[95,-285],[63,-142],[221,-237],[94,-47],[95,0],[63,-48],[31,-332],[32,-142],[63,-284],[32,-143],[-95,-474],[-32,-284],[0,-237],[95,-285],[95,-142],[94,0],[95,-95],[94,-284],[158,-380],[31,-379],[-283,-284],[-63,-427],[0,-1043],[0,-569],[-63,-380],[-95,-237],[-158,-284],[-126,189],[-220,0],[-158,238],[-95,853],[-63,95],[-126,95],[-157,94],[-63,285],[0,474],[-63,142],[-789,237],[-252,285],[-252,569],[-189,711],[-32,190],[0,237],[-63,237],[-157,190],[-63,284],[0,379],[63,380],[-347,948],[-63,379],[536,-94],[157,94],[190,285],[94,332],[158,758],[252,949],[95,569],[-64,616],[-94,190],[-473,569],[-662,-237],[0,284],[32,617],[94,569],[189,284],[284,142],[63,-47],[63,-142],[63,-95],[95,-48],[94,0],[95,95],[63,190],[31,284],[32,285],[284,284],[662,-1090],[126,-48]],[[58637,63726],[64,-379],[63,-285],[94,-237],[221,-379],[63,-190],[-63,-284],[-95,-95],[-252,0],[-95,-95],[-94,-189],[-63,-285],[0,-284],[-32,-95],[-126,-1043],[-63,-332],[0,-427],[32,-806],[31,-190],[126,0],[253,95],[-347,-1944],[-126,-522],[-126,-284],[-221,-285],[-189,-189],[-189,-48],[-63,190],[-64,190],[158,189],[126,285],[221,664],[126,616],[63,379],[32,475],[0,1707],[31,426],[95,380],[126,569],[94,569],[32,521],[-32,522],[-189,711],[-63,237],[-31,-47],[-63,-95],[31,237],[95,284],[126,190],[126,47],[94,-142],[63,-332]],[[35781,72640],[190,-284],[157,-427],[126,-474],[95,-664],[95,-190],[189,-237],[630,-2323],[158,-379],[378,-712],[189,-94],[189,237],[63,0],[127,-759],[94,-332],[158,-47],[-95,332],[-126,948],[-63,948],[32,190],[63,0],[1576,-1802],[284,-758],[473,-1802],[126,-380],[157,-379],[189,-284],[158,-95],[284,-759],[94,-142],[253,-285],[126,-332],[252,-995],[126,-190],[95,-237],[315,-1328],[441,-1232],[95,0],[252,-522],[126,-379],[-32,-380],[158,-332],[347,0],[158,-426],[157,-190],[315,-759],[946,-569],[32,-47],[63,-284],[63,-95],[0,47],[63,95],[63,95],[31,0],[127,-95],[31,-95],[32,-142],[63,-237],[220,-522],[63,-379],[-31,-427],[63,-1185],[94,-380],[127,-284],[157,-237],[95,-285],[63,-426],[63,-95],[473,-190],[157,-189],[32,-143],[-32,-901],[-63,-663],[-31,-143],[-32,-237],[32,-189],[31,-143],[0,-189],[32,-522],[94,-284],[284,-664],[252,-380],[95,-284],[126,-379],[63,-95],[221,-48],[63,-94],[31,-143],[-31,-332],[31,95],[32,0],[31,0],[32,142],[252,-711],[126,-332],[32,-332],[31,-94],[32,-48],[31,-237],[-126,0],[-157,95],[-126,190],[-95,284],[31,-284],[64,-285],[126,-284],[94,-95],[95,-190],[63,-427],[63,-426],[31,-332],[221,-237],[536,-427],[158,-474],[252,189],[221,-379],[189,-664],[63,-664],[157,95],[95,-1185],[158,-474],[-95,569],[0,189],[32,238],[94,142],[95,0],[63,-190],[63,-332],[31,237],[32,285],[-32,332],[-94,284],[157,-142],[126,-474],[284,-1707],[63,-474],[-31,-237],[-189,142],[63,-285],[346,-663],[-31,-285],[63,0],[94,95],[64,95],[-32,332],[-32,284],[-63,190],[-63,237],[-63,664],[0,521],[63,190],[158,-285],[284,-901],[94,-94],[221,-48],[63,-142],[32,-190],[-63,-95],[-95,-47],[0,-142],[31,-95],[64,-95],[63,0],[31,-332],[0,-521],[32,-332],[189,332],[189,0],[126,-237],[441,-1233],[63,-95],[127,-95],[31,-95],[95,-474],[315,-616],[315,-474],[694,-664],[0,-190],[-252,0],[0,-190],[63,-94],[31,-190],[0,-142],[32,-143],[63,-94],[126,-48],[283,-237],[127,-189],[126,-522],[315,-759],[63,-189],[0,-522],[63,-237],[63,-95],[158,-190],[-63,-189],[189,-522],[378,-1327],[189,-285],[158,-332],[221,-758],[220,-427],[95,379],[284,-616],[126,-142],[0,-190],[-63,-142],[-63,-143],[-95,-47],[-95,-47],[0,-238],[95,-94],[252,94],[95,-47],[94,-142],[95,-95],[31,142],[64,-521],[94,-285],[158,-95],[189,-95],[504,-379],[126,-189],[442,-1044],[94,-379],[95,-522],[0,-237],[0,-711],[-63,-142],[-32,-237],[-31,-142],[157,-48],[63,-142],[64,-285],[126,-569],[315,-711],[31,-332],[0,-237],[-63,-47],[-63,0],[-31,-190],[0,-189],[63,-190],[31,-237],[0,-237],[-31,-190],[-63,-664],[-63,-379],[-63,-190],[-63,-237],[0,142],[-32,143],[-63,-95],[-31,-142],[-127,-143],[-31,-94],[0,-143],[63,-237],[-284,-664],[-157,-189],[-221,95],[158,189],[94,142],[32,238],[-126,0],[-64,-48],[-63,237],[-63,380],[-63,379],[-31,95],[-32,332],[-63,-190],[-31,-379],[-32,-237],[-63,142],[-63,237],[-31,332],[-63,284],[63,0],[63,142],[-63,380],[-95,-95],[-63,-379],[-32,-806],[0,-143],[0,-142],[32,-332],[0,-47],[158,-332],[-95,-95],[-95,95],[-126,95],[-31,0],[-32,-143],[-63,-142],[-63,-142],[-63,-47],[-221,142],[-94,332],[0,379],[157,285],[0,189],[-157,-47],[-189,47],[-126,285],[63,521],[-63,142],[-127,-142],[-189,237],[-189,427],[-94,379],[-32,48],[-189,-285],[-95,-47],[-94,47],[-189,285],[-95,142],[-31,285],[63,142],[31,189],[-94,238],[-64,94],[-252,143],[-94,-48],[-95,-427],[-63,-616],[-95,-427],[-157,143],[-32,-143],[0,-47],[-31,0],[63,-522],[-95,-142],[-126,142],[0,237],[32,237],[0,712],[63,284],[0,190],[-126,0],[-126,47],[-95,237],[-63,332],[284,-47],[126,95],[63,284],[-158,48],[-63,237],[32,901],[-95,-48],[-189,95],[-63,-47],[-32,-190],[-31,-474],[-32,-143],[-126,-47],[-31,-142],[-32,-190],[-63,-284],[-63,-95],[-63,189],[32,285],[63,284],[-95,190],[-189,617],[0,189],[31,95],[32,95],[31,142],[0,237],[-31,0],[-95,-284],[-220,189],[0,-284],[-158,-190],[-158,142],[-126,238],[-157,0],[0,521],[-95,427],[-126,284],[-95,95],[-126,190],[-94,332],[-95,47],[-158,-569],[-94,190],[-95,189],[63,143],[0,189],[32,190],[0,285],[31,0],[95,-238],[95,-142],[63,95],[0,474],[-63,237],[-158,237],[-63,285],[221,0],[94,-48],[95,-142],[0,285],[-63,189],[-63,95],[-95,0],[-31,190],[0,379],[31,332],[32,47],[-63,664],[-127,237],[-283,285],[-126,-190],[-32,95],[0,237],[95,237],[-95,142],[-63,190],[-31,285],[0,331],[-127,-237],[-63,-284],[0,-711],[-31,-143],[-95,0],[-94,48],[-63,0],[31,-142],[0,-332],[-63,-237],[-126,237],[-126,521],[-63,237],[-284,332],[-189,901],[-126,190],[-63,95],[-63,94],[-95,285],[-63,95],[-31,-48],[-63,-94],[-63,-48],[-253,48],[-63,142],[-31,427],[189,-238],[-63,238],[-252,758],[0,190],[31,284],[32,190],[-95,95],[-94,-48],[-32,-189],[0,-237],[32,-285],[-127,142],[-31,285],[0,427],[-32,474],[-63,284],[-94,237],[-63,332],[0,522],[-63,0],[-63,-427],[-95,-379],[-126,-237],[-126,-143],[0,569],[0,332],[-95,143],[-157,-48],[0,-95],[0,-94],[0,-143],[-63,-95],[-32,48],[-1166,1754],[-284,711],[94,569],[0,238],[-126,-143],[-63,48],[0,189],[126,95],[-126,285],[-157,-95],[-126,-237],[-158,-142],[-158,94],[-914,1233],[-126,285],[-63,379],[-95,901],[0,142],[-189,48],[-94,189],[-253,569],[-63,48],[-63,0],[-63,47],[-31,190],[-126,379],[-32,95],[-315,1754],[-32,