{"type":"Topology","transform":{"scale":[0.00015818716372745576,0.00011821847684925623],"translate":[0.15300153001530248,11.695643224187492]},"objects":{"NER":{"type":"MultiPolygon","arcs":[[[0]]]}},"arcs":[[[93741,95585],[68,-528],[68,-529],[91,-528],[68,-529],[69,-528],[91,-543],[68,-528],[68,-529],[91,-528],[69,-529],[68,-528],[91,-529],[68,-528],[68,-529],[69,-357],[45,-371],[46,-343],[0,-157],[0,-443],[22,-628],[0,-715],[0,-714],[23,-614],[0,-443],[0,-171],[0,-214],[23,-143],[114,-129],[296,-185],[113,-115],[228,-328],[137,-300],[113,-200],[114,-214],[91,-200],[114,-215],[114,-200],[91,-214],[114,-200],[113,-214],[91,-200],[114,-214],[114,-200],[91,-215],[114,-200],[91,-214],[114,-200],[113,-214],[91,-200],[-250,-186],[-159,-328],[-46,-386],[46,-385],[91,-215],[91,-185],[91,-158],[523,-514],[182,-243],[365,-514],[364,-514],[364,-528],[387,-515],[136,-200],[91,-185],[23,-143],[-46,-143],[-136,-300],[-250,-586],[-251,-585],[-250,-572],[-273,-585],[-91,-229],[-182,-657],[-23,-357],[-46,-385],[-22,-386],[-23,-386],[-23,-385],[-23,-386],[-22,-386],[-23,-385],[-23,-386],[-45,-386],[-23,-385],[-23,-386],[-23,-386],[-22,-385],[-23,-386],[-23,-386],[-23,-385],[-22,-386],[-46,-386],[-23,-385],[-22,-386],[-23,-386],[-23,-385],[-23,-386],[-23,-386],[-22,-385],[-46,-386],[-23,-386],[-22,-385],[-23,-386],[-23,-386],[-23,-385],[-22,-386],[-23,-385],[-46,-386],[-22,-386],[-23,-385],[-23,-386],[-23,-400],[-22,-386],[-23,-385],[-23,-300],[0,-86],[-45,-386],[-23,-385],[-23,-386],[-23,-386],[-22,-385],[-23,-386],[-23,-386],[-23,-385],[-22,-386],[-46,-386],[-23,-385],[-23,-386],[-22,-386],[-23,-385],[-23,-386],[-23,-385],[-22,-386],[-46,-386],[-23,-385],[-22,-386],[-23,-386],[-23,-385],[-23,-386],[-22,-214],[-23,-100],[-23,-86],[-68,-157],[-228,-300],[-341,-486],[-364,-500],[-342,-500],[-364,-485],[-364,-500],[-341,-486],[-364,-500],[-342,-485],[-364,-500],[-341,-486],[-364,-500],[-365,-485],[-341,-500],[-364,-500],[-341,-486],[-365,-500],[-250,-343],[-364,-514],[-341,-471],[-182,-329],[-182,-343],[-205,-342],[-182,-357],[-182,-343],[-205,-343],[-182,-343],[-182,-343],[-182,-342],[-205,-343],[-182,-343],[-182,-357],[-205,-343],[-182,-343],[-182,-343],[-182,-342],[-205,-343],[-182,-343],[-160,-443],[-204,-585],[-91,-258],[-46,-171],[0,-171],[23,-172],[91,-371],[0,-172],[-46,-185],[-91,-72],[-136,-14],[-114,-43],[-68,-57],[-205,-300],[-114,-114],[-23,-43],[0,-43],[69,-71],[22,-57],[46,-329],[-23,-157],[-45,-143],[-205,-243],[-114,-14],[-137,-43],[-250,-28],[-228,-129],[-159,-100],[-227,-371],[0,-500],[136,-586],[91,-428],[46,-400],[45,-272],[46,-257],[45,-271],[46,-272],[45,-271],[46,-271],[45,-272],[46,-271],[45,-257],[46,-272],[45,-271],[46,-271],[45,-272],[46,-271],[45,-271],[46,-272],[-1548,100],[-22,-14],[-182,-29],[-46,-71],[0,-143],[-91,-86],[-250,-314],[-46,-71],[-45,-86],[0,-29],[22,-71],[23,-43],[-23,-71],[-45,0],[-46,0],[-22,-15],[-46,-114],[0,-43],[91,-14],[-114,-200],[-159,-71],[-159,-43],[-182,-100],[22,71],[23,86],[-23,57],[-45,29],[-46,-43],[-45,-143],[-46,-57],[0,85],[0,29],[-113,-43],[-114,0],[-68,29],[22,85],[0,58],[-159,-29],[-159,-71],[-569,-372],[-182,-43],[-182,43],[-23,-128],[-46,-15],[-91,58],[-91,28],[0,-57],[46,-29],[45,-28],[46,-57],[45,-57],[-91,-100],[-182,-258],[0,-14],[0,-71],[0,-29],[-23,0],[-45,15],[-23,-15],[-23,-14],[-91,-43],[0,-28],[23,-100],[23,-58],[0,-42],[-68,0],[-23,28],[-46,57],[-22,29],[-23,-29],[-46,-143],[-159,-257],[-114,-114],[-136,-43],[-91,-43],[-23,-185],[-68,-57],[-91,28],[-69,57],[-45,86],[-68,57],[-23,-128],[0,-58],[-46,-57],[-45,-43],[-46,-14],[-23,43],[-22,-29],[-228,-285],[-23,-129],[-91,-157],[-45,-129],[114,-42],[-46,-200],[-23,-86],[-68,-71],[-45,-15],[-137,-43],[-23,-28],[-68,-457],[-23,-100],[-91,-57],[-91,28],[-136,57],[-137,29],[-182,14],[-228,14],[-91,29],[-68,-43],[-45,43],[-46,71],[-68,58],[-46,-15],[-45,-43],[-23,-42],[-23,-29],[-45,14],[-23,43],[0,43],[-23,57],[-68,43],[-319,157],[-113,-28],[-137,-129],[-91,-14],[-205,-29],[-364,129],[-137,71],[-273,300],[-887,714],[-706,372],[-1911,628],[-3073,-14],[-1138,171],[-614,-57],[-182,-57],[-3073,-857],[-250,-143],[-1206,-885],[-114,-143],[-23,-86],[-22,-214],[-46,-86],[-45,-57],[-23,-14],[-23,14],[-68,-43],[-137,-100],[-205,-257],[-1092,-1685],[-45,-72],[-69,-71],[-68,-72],[-46,-14],[-136,-14],[-1343,200],[-114,0],[-318,-129],[-251,0],[-1843,286],[-205,28],[-1684,643],[-227,186],[-114,171],[-182,386],[-114,186],[-273,271],[-159,86],[-160,57],[-91,0],[-136,-29],[-91,-28],[-69,-43],[-22,-29],[-23,0],[-68,29],[-46,43],[-637,757],[-137,242],[-91,100],[-91,58],[-182,71],[-91,57],[-228,214],[-159,143],[-159,186],[-68,71],[-182,86],[-1594,300],[-227,-29],[-205,-128],[-2299,-1814],[-204,-86],[-228,0],[-660,157],[-136,-28],[-387,-600],[-296,-343],[-137,-86],[-45,0],[-114,-28],[-455,0],[-228,28],[-182,100],[-205,200],[-227,272],[-387,571],[-137,371],[-523,1243],[-1024,1471],[-888,1100],[-432,329],[-114,28],[-341,100],[-114,-43],[-364,-257],[-69,-28],[-45,28],[-46,43],[-45,43],[-1798,928],[-1798,929],[-205,57],[-933,-214],[-159,-115],[-91,-128],[-91,-314],[-91,-129],[-205,-186],[-68,-43],[-205,-57],[-910,57],[-638,-142],[-364,28],[-159,72],[-137,185],[-136,86],[-205,-29],[-1274,-399],[-751,-243],[-342,-186],[-296,-271],[-978,-1243],[-182,-114],[-182,-43],[-410,-14],[-23,-2029],[-23,-200],[-204,-1814],[-1002,-2071],[-409,-514],[-1389,-1371],[-22,-86],[68,-2100],[-182,-1114],[0,-371],[159,-614],[23,-300],[-91,-272],[-114,-142],[-68,-129],[-23,-143],[23,-471],[23,-86],[45,-86],[23,-28],[23,-29],[136,-200],[91,-157],[23,-171],[-46,-186],[-68,-100],[-341,-257],[-23,43],[-68,143],[-46,43],[-23,57],[-22,71],[-23,72],[-23,128],[-23,71],[-45,29],[-23,29],[-45,57],[-205,400],[-69,57],[-68,71],[-227,100],[-273,229],[-69,28],[-68,57],[-91,15],[-91,-57],[-68,-58],[-91,29],[-91,71],[-46,58],[-91,142],[-137,329],[-45,143],[-46,200],[0,171],[-22,57],[-91,72],[-23,57],[-1092,1300],[-251,500],[-68,157],[-23,43],[-45,14],[-205,43],[-68,28],[-69,43],[-68,72],[-46,199],[-45,100],[-46,86],[-136,100],[-296,357],[-91,-128],[-137,-15],[-68,-14],[-136,0],[-46,-14],[-91,-57],[-91,-157],[-68,-58],[-46,-28],[-68,57],[-68,-29],[-46,-57],[-23,-57],[0,-71],[-22,-57],[-91,-186],[-69,-43],[-204,72],[-46,0],[-91,-86],[-23,-14],[-45,0],[-46,42],[-23,0],[-227,-71],[-23,-29],[-68,-71],[-23,-29],[-45,0],[-23,29],[-23,57],[-23,14],[-68,0],[-45,15],[-46,-29],[-46,-100],[-22,-86],[-46,15],[-23,43],[-45,14],[-46,-29],[-45,-100],[-23,-14],[-68,-14],[-159,14],[-69,-14],[-159,-100],[-68,-143],[22,-200],[46,-471],[228,-786],[22,-86],[46,-71],[68,-72],[68,-42],[69,-15],[45,-43],[0,-100],[0,-142],[-45,-15],[-69,29],[-68,0],[-45,-72],[-46,-114],[-45,-71],[-46,-14],[-68,14],[-46,-29],[-45,-100],[22,-100],[69,-143],[0,-85],[-319,371],[-501,914],[-455,814],[-455,872],[-273,500],[-136,300],[22,242],[91,100],[364,100],[46,29],[45,86],[23,28],[23,0],[68,-57],[46,0],[364,43],[91,29],[45,85],[0,186],[0,43],[0,100],[0,28],[-22,72],[-69,114],[-45,57],[-46,129],[-22,114],[-69,514],[0,100],[-45,114],[-68,100],[-114,86],[-69,71],[-68,100],[-23,43],[-22,157],[-182,258],[-251,85],[-614,72],[-46,-43],[-113,-157],[-69,-57],[-45,14],[-46,28],[-68,-14],[-23,-43],[-45,-114],[-91,-200],[-69,-171],[-91,-143],[-91,-100],[-113,-14],[-797,85],[-660,86],[-205,71],[-182,129],[-432,471],[-342,386],[-523,571],[-159,186],[-478,514],[-364,414],[-365,400],[-182,129],[-455,43],[-182,143],[-68,128],[-23,157],[0,157],[0,543],[0,800],[0,714],[91,343],[137,-29],[500,-271],[342,-114],[136,-72],[46,15],[68,285],[23,100],[23,43],[113,-43],[114,-114],[114,-86],[182,86],[-114,186],[-114,85],[-91,43],[-273,43],[-113,43],[-683,414],[-205,200],[-137,257],[-22,386],[-251,357],[-341,271],[-296,115],[-250,-29],[-114,0],[-114,86],[-68,85],[-23,58],[23,42],[23,29],[-23,43],[0,71],[0,57],[-68,29],[-842,-43],[-160,72],[-91,214],[23,128],[68,186],[23,157],[-46,72],[-113,57],[-69,100],[-68,114],[-205,186],[-91,114],[-45,43],[-46,100],[-45,157],[-46,71],[-136,115],[-46,57],[0,85],[46,158],[0,71],[-69,100],[-113,71],[-91,100],[-46,143],[-23,157],[-68,72],[-68,57],