{"type":"Topology","transform":{"scale":[8.640172802596112e-7,8.274111363538714e-7],"translate":[167.9110791107911,-29.080120688939928]},"objects":{"NFK":{"type":"MultiPolygon","arcs":[[[0]]]}},"arcs":[[[83332,75509],[16667,-10204],[-4167,-20407],[-8333,-20408],[-16666,-8164],[-4167,-2040],[0,-4082],[-4167,-4082],[0,-6122],[-4166,18367],[-12500,10204],[-12500,0],[-8333,-12245],[-8333,0],[0,14286],[-4167,10204],[-4167,12245],[4167,8163],[8333,12245],[0,8163],[-4166,4081],[-16667,-2040],[16667,16326],[24999,-4082],[20833,-14285],[20833,-6123]]]}