{"type":"Topology","transform":{"scale":[0.00011999039979599687,0.0000960810074664003],"translate":[2.669426694266946,4.272657545783147]},"objects":{"NGA":{"type":"MultiPolygon","arcs":[[[0]],[[1]],[[2]]]}},"arcs":[[[39844,2109],[150,-35],[150,17],[300,88],[150,18],[270,35],[90,-18],[-30,-140],[-90,-123],[-150,-53],[-300,18],[-120,-18],[-420,-193],[-150,-18],[-630,53],[-120,70],[-30,141],[60,193],[90,53],[390,140],[120,-35],[270,-193]],[[38253,2337],[120,-52],[390,52],[90,-52],[-90,-123],[-60,-123],[0,-141],[0,-158],[-60,-158],[-60,-106],[-120,-88],[-120,-52],[-750,-194],[-270,35],[-90,124],[90,193],[270,351],[180,352],[150,246],[60,88],[30,175],[90,-87],[150,-282]],[[91148,98154],[1920,-3252],[1891,-3251],[480,-2777],[480,-2776],[0,-791],[0,-53],[60,-176],[0,-193],[-60,-316],[0,-123],[90,-159],[120,-87],[120,-36],[1710,-70],[540,-158],[210,-141],[30,-105],[-30,-158],[0,-88],[60,-88],[240,-229],[90,-35],[0,-88],[-30,-17],[-60,-53],[150,-140],[180,-106],[120,-140],[60,-211],[60,-53],[90,53],[120,70],[60,35],[120,-70],[30,-88],[0,-123],[-150,-193],[-30,-71],[-30,-52],[-60,-123],[-120,-756],[0,-106],[-150,-123],[30,-193],[150,-457],[0,-105],[30,-71],[-30,-351],[-120,-334],[-180,-1055],[-60,-175],[-300,-492],[-30,-106],[0,-88],[90,-123],[30,-17],[150,0],[60,-35],[30,-71],[30,-70],[30,-70],[150,-176],[90,-176],[60,-211],[0,-263],[-30,-211],[-60,-264],[-90,-246],[-120,-193],[-120,-88],[-450,-193],[-180,-141],[-300,-334],[-180,-123],[-480,-193],[-150,-106],[-750,-843],[-60,-35],[-240,-36],[-90,-52],[-240,-299],[-150,-123],[-180,-123],[-180,-53],[-180,35],[-570,299],[-330,123],[-271,0],[-300,-316],[-330,-404],[-270,-422],[-210,-440],[-120,-421],[-120,-159],[-300,-228],[-150,-141],[-90,-175],[-30,-211],[60,-404],[-60,-159],[-60,-123],[-1470,-2618],[-240,-598],[-300,-1300],[-300,-1969],[-180,-650],[0,-141],[60,-210],[0,-106],[0,-140],[-150,-352],[-90,-158],[-180,-176],[-60,-53],[-120,-87],[-150,-88],[-660,-88],[-300,-123],[-120,-352],[0,-211],[90,-351],[30,-193],[-30,-246],[-210,-387],[-60,-211],[30,-228],[90,-176],[240,-299],[90,-246],[-30,-158],[-90,-176],[-60,-246],[-120,-703],[-30,-668],[-240,-738],[-540,-281],[-660,-123],[-570,-299],[-120,-123],[-240,-369],[-90,-123],[-60,-53],[-510,-299],[-60,-35],[-60,-193],[60,-35],[240,-53],[60,-211],[90,-316],[-30,-404],[-30,-194],[-30,-175],[-390,-862],[-180,-492],[0,-421],[60,-387],[-180,-1951],[-90,-457],[-180,-299],[-120,-52],[-120,0],[-90,17],[-120,0],[-90,-52],[-60,-123],[-90,-299],[-120,-334],[-151,-193],[-840,-563],[-120,-35],[-150,35],[-270,141],[-90,35],[-150,-18],[-120,-70],[-90,-70],[-120,-71],[-120,-17],[-120,17],[-240,88],[90,-140],[180,-598],[30,-140],[0,-299],[-60,-88],[-270,-211],[-60,-105],[-60,-141],[-60,-105],[-90,-88],[-180,-35],[-330,70],[-180,-106],[-180,-333],[-60,-440],[0,-474],[150,-844],[0,-211],[-30,-88],[-60,-140],[-330,-598],[-30,-246],[0,-404],[30,-404],[60,-264],[30,-158],[-60,-158],[-300,-404],[-840,-1442],[-300,-667],[-60,-211],[-30,-229],[30,-228],[120,-615],[-30,-211],[-120,-106],[-120,-123],[-240,-404],[-510,-633],[-480,-597],[-540,-949],[-150,-211],[-150,-141],[-60,-88],[30,-52],[210,-53],[120,-123],[420,-756],[300,-439],[120,-246],[-90,-246],[-60,-35],[-90,17],[-60,53],[-90,0],[-120,-35],[-90,-70],[-360,-405],[-120,-105],[-30,-88],[-30,-105],[-30,-71],[-60,-35],[-120,0],[-90,-35],[-90,18],[-60,-18],[-30,-53],[-30,-123],[-30,-52],[-480,-387],[-510,-580],[-150,-264],[-60,-281],[60,-158],[180,-264],[60,-175],[-30,-282],[-60,-281],[-240,-703],[-180,-334],[-240,-158],[-330,-53],[-210,-211],[-120,-351],[-60,-439],[-60,-229],[-150,-193],[-210,-141],[-211,-52],[-90,0],[-180,52],[-90,18],[-30,-18],[-90,-105],[-60,-18],[-60,0],[-90,71],[-60,17],[-240,-17],[-510,-71],[-210,35],[-150,159],[-150,492],[-150,808],[-30,404],[0,422],[0,492],[-180,422],[-270,264],[-780,175],[-270,334],[-180,457],[-60,475],[-150,421],[-270,229],[-690,316],[-570,387],[-210,88],[-150,158],[-60,510],[-150,246],[-120,-299],[-90,-387],[-90,-386],[-30,-791],[-60,-35],[-30,-18],[-60,-53],[-90,-158],[-90,-140],[-30,-176],[0,-229],[-2160,-35],[-210,88],[-180,158],[-90,211],[-120,756],[-60,176],[-120,35],[-210,-141],[-2041,-2162],[-180,-87],[-150,52],[-180,106],[-180,17],[-180,-228],[-630,-2496],[0,-17],[-90,-106],[-300,0],[-120,0],[-240,-70],[-120,-123],[-210,-457],[-120,-176],[-180,-105],[-330,-141],[-30,-35],[-270,-193],[-240,-598],[-240,-176],[-120,-17],[-120,17],[-90,-17],[-120,-70],[-120,-159],[-240,-632],[-210,-369],[-1140,-1143],[-750,-1001],[-180,-317],[-120,-140],[-120,-88],[-60,-71],[0,-298],[-30,-141],[-150,-17],[-180,87],[-180,18],[-150,-158],[-120,-176],[-300,-246],[-90,-176],[30,-211],[90,-175],[60,-176],[-30,-264],[-150,-211],[-150,-140],[-60,-158],[120,-264],[180,-193],[180,-176],[150,-211],[90,-281],[-30,-246],[-150,-211],[-150,-176],[-120,-211],[-60,-228],[30,-194],[30,-210],[0,-211],[-60,-229],[-180,-457],[-60,-246],[0,-140],[90,-246],[0,-106],[-210,-1423],[-60,-123],[-90,-53],[-120,-18],[-90,-52],[-60,-123],[-180,-299],[-60,-141],[-120,-457],[-60,-211],[-120,-211],[-331,-650],[-60,-193],[-240,-193],[-60,-176],[30,-211],[30,-141],[30,-158],[-150,-176],[-30,53],[-60,53],[-60,17],[-60,-35],[-90,-88],[-90,-105],[-30,-88],[0,-88],[-90,-193],[-30,-106],[30,-105],[30,-158],[0,-88],[-60,-176],[-90,-52],[-120,35],[-120,52],[-30,-17],[-90,-18],[-60,35],[30,106],[30,70],[60,106],[0,105],[-30,35],[-60,-17],[-180,-106],[-90,-17],[-270,105],[0,299],[90,369],[30,351],[-60,0],[-60,-351],[-180,-176],[-240,18],[-210,246],[30,35],[30,105],[-60,18],[-180,105],[60,141],[-90,123],[-210,211],[-210,140],[0,18],[-60,158],[-90,229],[-60,88],[-90,35],[-90,52],[-120,123],[-60,106],[-60,88],[-60,0],[0,-71],[480,-544],[90,-176],[240,-492],[30,-246],[-150,-106],[60,-140],[90,-176],[90,-141],[90,-52],[60,-88],[150,-457],[90,-158],[-30,-71],[-60,-228],[-30,-106],[60,-140],[60,-70],[90,-36],[90,-70],[30,-246],[-150,-141],[-150,-123],[-90,-175],[-90,-317],[-90,-52],[-90,-18],[-360,0],[-480,70],[-690,0],[-360,71],[-150,-18],[-300,-176],[-150,-17],[-360,0],[-1440,-211],[-60,53],[-120,17],[-90,-35],[-60,-105],[90,0],[60,-18],[60,-18],[60,-35],[-180,-70],[-270,-18],[-240,53],[-90,141],[-120,35],[-750,70],[30,35],[0,35],[30,36],[60,35],[-120,35],[-90,-18],[-60,0],[-30,123],[30,71],[60,35],[60,70],[30,106],[-30,52],[-150,246],[30,35],[30,106],[-120,176],[30,263],[150,492],[-60,0],[-90,-87],[-30,-53],[-60,-88],[-30,-106],[0,-158],[30,-105],[0,-106],[-60,-123],[0,-70],[120,-158],[0,-88],[0,-35],[-150,-193],[-90,-71],[-90,-70],[-90,-18],[-90,88],[-60,0],[-60,-211],[-180,18],[-300,193],[-210,18],[-210,53],[-181,105],[-90,193],[-60,-52],[-60,-18],[-150,0],[-30,-35],[0,-70],[-30,-88],[-90,-35],[0,-71],[60,-35],[60,-35],[-60,-70],[120,-53],[150,-141],[210,-52],[30,-71],[0,-88],[-60,-87],[-360,-71],[-30,53],[-210,334],[-510,720],[-90,211],[0,282],[0,105],[-60,0],[-120,-70],[-180,-18],[-30,18],[-60,105],[-150,141],[-90,105],[-120,475],[-90,175],[0,-105],[-60,-105],[-30,-71],[-30,-17],[30,-106],[30,-17],[60,0],[60,-71],[90,-369],[60,-158],[150,-53],[270,-158],[180,-369],[30,-334],[-210,-140],[90,-88],[150,-158],[60,-176],[-60,-193],[-210,-317],[-150,-70],[-180,88],[0,-158],[0,-53],[-150,88],[-120,105],[-30,158],[30,211],[-120,-140],[-30,-158],[60,-194],[90,-158],[-240,-70],[-60,0],[-90,246],[-60,263],[-30,528],[-120,281],[-30,176],[90,70],[30,88],[30,193],[30,229],[-30,140],[60,-35],[60,-18],[60,-17],[-60,123],[-150,228],[-30,106],[-60,228],[-30,106],[-150,-282],[-60,18],[-30,158],[-90,229],[-60,-158],[30,-247],[-30,-87],[90,-159],[180,-615],[-90,0],[-60,0],[-30,53],[-30,88],[-60,-35],[-60,-35],[-90,193],[-90,176],[-240,334],[30,-176],[30,-123],[120,-264],[60,-105],[30,-71],[30,-70],[-30,-105],[-60,-35],[-30,-71],[60,-123],[90,158],[150,53],[150,-35],[60,-141],[-60,-720],[0,-246],[300,-721],[120,-175],[-30,-88],[-60,-106],[-60,-53],[-120,18],[-90,53],[-150,88],[0,-36],[30,-52],[0,-71],[-180,71],[-180,105],[-180,53],[-180,-88],[-120,123],[-60,176],[0,176],[60,193],[-150,88],[-120,263],[-90,334],[-30,264],[0,193],[30,106],[60,70],[60,88],[60,105],[30,