{"type":"Topology","transform":{"scale":[0.00004957299145487181,0.0000431773525644263],"translate":[-87.68427684276843,10.712891253115757]},"objects":{"NIC":{"type":"MultiPolygon","arcs":[[[0]],[[1]],[[2]],[[3]]]}},"arcs":[[[79956,27102],[0,-313],[-146,195],[-145,626],[0,861],[145,704],[363,351],[73,0],[0,-39],[0,-39],[0,-78],[-145,-235],[-145,-391],[-73,-391],[-73,-391],[146,-860]],[[93971,33867],[-581,-743],[0,548],[146,391],[290,156],[218,-195],[-73,-157]],[[99854,84708],[-363,-196],[-1017,78],[-145,40],[145,0],[73,39],[-73,117],[363,196],[145,273],[73,235],[145,235],[291,195],[290,0],[145,-195],[73,-391],[-145,-626]],[[91865,99217],[-145,-235],[-363,-195],[-218,-196],[-290,391],[-218,-274],[-218,-508],[-145,-274],[-218,-117],[-291,-352],[-145,-391],[-72,-313],[-73,-117],[-291,-274],[-72,-156],[-73,-235],[0,-509],[-72,-195],[-146,-313],[-217,-195],[-727,-313],[73,156],[0,78],[218,235],[0,-156],[72,117],[0,117],[0,118],[0,156],[-145,-117],[-72,-39],[-146,156],[0,117],[218,157],[218,0],[218,-79],[145,-195],[0,430],[-218,587],[-72,469],[-73,469],[-290,79],[-364,-157],[-217,-156],[-436,-391],[-872,-1291],[-217,-547],[217,234],[73,78],[291,-234],[217,-939],[146,-234],[217,-157],[291,-313],[290,-117],[364,430],[-146,117],[-363,274],[-218,78],[218,157],[291,-78],[145,-235],[218,-313],[0,508],[145,196],[145,-235],[799,-4028],[73,-156],[145,-430],[145,-1095],[1017,-3168],[73,-900],[-73,-821],[-581,-1447],[-1670,-3011],[-727,-978],[-72,-391],[-145,-274],[-944,-782],[-436,-626],[-291,-743],[-435,-2151],[-799,-2933],[-509,-2620],[73,-1134],[-73,-548],[0,-469],[-435,-1134],[-363,-1525],[-218,-3012],[0,-547],[145,-313],[-145,-156],[145,-274],[654,-4576],[435,-3011],[-653,-6101],[0,-1369],[72,-234],[291,-665],[145,-704],[581,-900],[145,-586],[-72,-704],[-218,-391],[-363,-157],[-654,0],[-508,-117],[-509,-195],[-435,-118],[-436,274],[145,156],[436,313],[145,157],[0,273],[-73,352],[-145,352],[-435,431],[0,1525],[-73,586],[73,40],[72,0],[0,78],[145,0],[727,-235],[508,704],[145,1056],[-290,704],[0,156],[218,235],[72,313],[0,1290],[73,39],[72,79],[73,117],[73,156],[-73,626],[-363,391],[-581,118],[-508,-40],[-436,-273],[-145,-430],[0,-470],[145,-391],[436,-274],[72,-39],[0,-78],[0,-391],[73,-196],[72,-156],[73,-39],[73,-117],[72,-235],[0,-391],[-72,-157],[-73,-156],[73,-117],[218,-352],[-654,-430],[-1089,-1017],[-654,-313],[-871,-117],[-363,-118],[-146,-313],[0,-1212],[73,39],[218,0],[218,-78],[145,0],[145,-39],[145,-196],[146,-1056],[-73,-508],[-145,-430],[-73,-470],[145,-430],[436,-195],[581,156],[145,-352],[-72,-234],[-73,-470],[0,-234],[0,-157],[145,196],[291,1212],[145,274],[145,156],[436,-78],[73,-196],[-944,-2111],[-436,-2738],[145,-2972],[145,-509],[-145,-78],[-145,-78],[72,469],[-145,391],[-508,704],[-218,587],[145,274],[363,234],[146,509],[-146,391],[-218,469],[-363,391],[-363,196],[-653,-78],[72,-352],[291,-196],[290,313],[146,0],[290,-391],[145,-235],[73,-313],[-73,-391],[-290,-508],[-73,-391],[-72,-430],[-364,0],[-871,273],[-73,-78],[218,-156],[509,-235],[145,-195],[72,-235],[0,-274],[73,-313],[-73,-234],[-145,-431],[-72,-156],[72,-117],[0,-157],[73,-117],[0,-157],[-145,-156],[-73,-78],[-145,-39],[-73,-39],[-363,-548],[-73,-117],[-218,-39],[-217,-196],[-146,-195],[-72,-196],[290,-195],[291,-352],[290,-352],[145,-431],[146,-117],[218,-78],[217,-39],[291,39],[0,117],[-73,117],[0,196],[73,469],[145,235],[145,78],[363,0],[218,-195],[944,-4224],[0,-821],[0,-274],[0,-196],[-72,-117],[-145,-195],[-73,78],[-291,-78],[-290,-79],[0,-78],[-145,-78],[-218,-313],[-218,-78],[-218,0],[-218,-39],[-145,-118],[-145,-156],[-218,-704],[-218,-1095],[-218,-821],[-436,78],[-145,0],[-653,-939],[-146,-352],[-145,-391],[0,-2346],[654,-3051],[435,-1173],[581,-1056],[218,-586],[436,-861],[218,-195],[363,-274],[145,-430],[145,-509],[364,79],[-73,234],[290,78],[436,-117],[291,-195],[-146,39],[-145,-39],[-72,39],[-146,-118],[0,-117],[0,-117],[0,-978],[218,-821],[-72,-626],[-727,-430],[-1307,-352],[-72,-39],[-1380,-548],[-436,-547],[-73,-78],[-508,117],[-145,-39],[-291,-235],[-218,-39],[-145,39],[-145,78],[-1235,1095],[-72,391],[-218,157],[-291,-39],[-217,-274],[-363,78],[-509,-352],[-218,274],[-145,0],[-218,-196],[-218,118],[-435,391],[-218,-39],[-146,39],[-145,0],[-363,39],[-218,-196],[-72,157],[-436,391],[-73,78],[-72,117],[-73,118],[145,195],[73,39],[290,157],[-72,586],[-363,313],[-436,235],[-145,235],[-218,156],[-944,391],[-218,235],[-73,156],[-218,391],[-145,157],[0,313],[0,234],[-72,157],[-146,117],[-218,-117],[-1089,-822],[-145,-78],[-218,39],[-218,79],[-218,117],[-145,156],[-436,665],[-145,78],[-72,39],[-73,40],[-145,39],[-1017,508],[-436,157],[-435,0],[-364,39],[-798,625],[-364,196],[-581,-196],[-1525,-1095],[-2033,-1564],[-508,-196],[-436,79],[-3268,1329],[-2905,1213],[-726,313],[-2760,1134],[-2033,860],[-654,430],[-508,587],[-581,313],[-726,-313],[-581,-861],[-363,-899],[-436,-899],[-1017,469],[-435,78],[-291,196],[-145,391],[-145,821],[-436,626],[-2106,2737],[-218,157],[-72,39],[-291,234],[-73,118],[-726,234],[-290,313],[-654,939],[-581,313],[-653,821],[-872,547],[-290,313],[-73,196],[-218,665],[-653,313],[-727,860],[-1888,899],[-290,274],[-291,352],[-218,704],[-2396,2112],[-363,547],[-581,1369],[-218,196],[-218,117],[-508,626],[-291,508],[-363,704],[-72,352],[-73,313],[-218,274],[-508,430],[-509,704],[-726,1486],[-726,2151],[-218,352],[-508,508],[-4140,2816],[-218,391],[-1161,704],[-581,782],[-1380,704],[-73,509],[218,-352],[363,-274],[508,-235],[436,-78],[-508,626],[-291,234],[-217,79],[-218,156],[-436,978],[-145,0],[218,-861],[-291,313],[-581,743],[-363,430],[-290,118],[-1235,1095],[-145,195],[-73,235],[-145,430],[-73,-156],[-145,-196],[-73,-117],[-2178,2894],[-291,586],[73,-117],[72,-39],[291,-156],[0,156],[-73,39],[-218,117],[0,157],[-72,235],[-291,312],[-508,274],[-363,117],[0,-156],[508,-391],[291,-274],[0,-274],[-218,40],[-291,273],[-435,470],[-2397,1603],[-436,469],[-290,587],[0,665],[363,821],[581,548],[581,430],[436,508],[72,900],[146,0],[-73,-509],[-73,-156],[218,0],[291,-39],[218,-79],[72,-78],[145,-78],[509,-508],[72,-79],[364,-547],[145,-78],[218,-157],[72,-78],[0,-156],[0,-352],[0,-157],[654,-743],[871,-195],[2106,156],[0,157],[-1089,-40],[-508,79],[-218,195],[218,391],[944,548],[145,117],[4648,313],[290,-39],[436,-313],[218,-39],[145,391],[436,235],[508,352],[218,312],[436,822],[145,78],[290,195],[73,118],[73,195],[-73,118],[-73,39],[-72,156],[145,1213],[0,39],[-145,391],[-73,117],[73,78],[145,665],[145,313],[145,195],[945,939],[290,235],[291,78],[363,-39],[1162,-626],[217,-78],[146,78],[145,78],[145,118],[291,312],[145,274],[73,391],[-146,626],[0,156],[-145,313],[-145,118],[-145,39],[-146,78],[-72,235],[72,313],[218,625],[73,391],[-654,2777],[0,391],[73,743],[0,352],[-73,157],[-145,156],[-145,78],[-73,117],[0,196],[73,1251],[0,392],[72,312],[0,157],[73,78],[290,196],[436,234],[436,39],[871,-117],[1598,352],[799,78],[726,-430],[363,-117],[291,117],[217,156],[291,40],[363,-352],[73,-118],[218,-39],[145,-39],[1016,78],[364,118],[363,156],[218,274],[72,352],[218,704],[291,547],[1307,1604],[726,1212],[218,156],[218,118],[218,117],[290,274],[145,313],[73,234],[72,196],[218,235],[291,156],[1525,235],[0,-235],[-218,-508],[73,-626],[1452,-1134],[436,-665],[72,-117],[291,-118],[218,39],[145,79],[290,39],[436,-235],[291,-391],[145,-469],[363,-470],[436,-156],[435,0],[436,-39],[291,-313],[0,-39],[72,39],[146,156],[145,391],[72,352],[-145,274],[-290,78],[-73,235],[73,430],[218,704],[0,509],[145,117],[145,-39],[363,-39],[291,117],[435,391],[146,-39],[145,0],[0,117],[72,0],[73,39],[-73,235],[654,235],[218,234],[218,313],[435,196],[146,39],[363,39],[363,156],[218,313],[0,352],[145,313],[726,235],[363,234],[509,431],[218,352],[217,430],[146,430],[145,587],[218,391],[218,312],[217,235],[73,0],[218,-39],[73,39],[72,78],[73,157],[145,195],[73,157],[72,117],[218,78],[509,235],[145,78],[799,0],[508,78],[508,196],[436,274],[218,391],[-73,547],[-218,430],[-363,392],[-363,234],[581,469],[0,157],[0,352],[0,117],[436,587],[73,117],[72,1173],[73,665],[145,313],[363,-78],[363,-430],