{"type":"Topology","transform":{"scale":[0.0000016560331204969724,0.0000017899098051737187],"translate":[-169.94869948699488,-19.142843455680236]},"objects":{"NIU":{"type":"MultiPolygon","arcs":[[[0]]]}},"arcs":[[[58695,99056],[15217,-944],[2174,-2830],[17391,-41509],[6522,-12264],[-8696,-2830],[-4347,-4717],[-10870,-11321],[-26086,-15094],[-4348,1887],[-4348,-1887],[-10870,-7547],[-2173,5660],[-4348,1887],[-6522,943],[-8695,-943],[2173,1887],[2174,1887],[2174,1886],[2174,1887],[-2174,9434],[-2174,1887],[-13043,4717],[0,9434],[13043,17924],[0,3774],[-2174,2830],[-2173,2830],[0,4717],[2173,2830],[2174,0],[2174,0],[4348,2830],[13043,20755],[19565,943],[6522,-943]]]}