{"type":"Topology","transform":{"scale":[0.0007561591231068463,0.00041537727639120894],"translate":[-68.41688416884169,12.021538637274858]},"objects":{"NLD":{"type":"MultiPolygon","arcs":[[[0]],[[1]],[[2]],[[3]],[[4]],[[5]],[[6]],[[7]],[[8]],[[9]],[[10]],[[11]]]}},"arcs":[[[238,12],[-9,-12],[-15,4],[-5,12],[-28,106],[-5,45],[-5,40],[5,78],[0,48],[-5,49],[-19,53],[-23,28],[-67,17],[-29,16],[-23,32],[-10,37],[19,49],[-9,16],[4,29],[10,24],[9,12],[19,0],[19,-20],[29,-65],[14,-12],[19,-13],[86,-69],[43,-12],[9,-8],[10,-12],[14,-21],[5,-20],[-14,-12],[-15,-24],[10,-127],[0,-48],[-14,-17],[-24,0],[-10,-16],[5,-20],[10,-61],[4,-25],[0,-24],[-9,-28],[-5,-29]],[[7232,13122],[-14,-20],[-29,8],[-19,61],[-5,81],[19,-20],[10,-32],[14,-13],[29,-32],[-5,-33]],[[6861,13472],[-15,-8],[-14,24],[5,41],[9,12],[15,-8],[9,-33],[-9,-28]],[[96062,94726],[0,-12],[-10,-57],[-9,-24],[-53,-81],[-62,-57],[-166,-94],[-57,-57],[-34,-8],[-157,-4],[-14,8],[-19,29],[-5,24],[5,29],[-10,28],[-23,20],[-162,61],[-34,8],[-33,-4],[-52,-12],[-19,-4],[-19,-4],[-15,-16],[-4,-29],[4,-28],[-4,-24],[-62,-13],[-43,8],[-29,17],[-9,4],[-34,40],[-19,61],[0,53],[5,61],[-9,94],[214,77],[19,20],[19,0],[86,-61],[128,-40],[43,-45],[29,-12],[52,0],[48,-16],[33,4],[128,65],[19,24],[10,45],[9,24],[29,-4],[33,-12],[19,-12],[10,-17],[14,-36],[10,-16],[14,-5],[33,-8],[15,-12],[4,-4],[48,-4],[24,41],[9,8],[24,-4],[29,-17]],[[95790,95527],[5,-12],[10,-12],[14,-12],[52,-21],[29,-16],[0,-41],[-14,-24],[-20,-16],[-23,-12],[-105,-21],[-19,0],[-52,21],[-29,24],[-10,33],[-9,28],[-24,20],[-47,25],[-10,8],[-10,12],[-9,12],[-19,0],[-33,-44],[-10,-9],[-57,-4],[-29,13],[-14,28],[0,77],[48,37],[114,16],[5,4],[24,-4],[14,-8],[128,-4],[29,-8],[19,-21],[52,-69]],[[96952,98922],[0,-17],[24,0],[-10,-32],[-14,-37],[-38,-61],[-62,-57],[-29,-65],[-47,-12],[-48,21],[-24,61],[10,61],[24,73],[33,57],[62,61],[33,73],[34,57],[42,0],[5,-17],[0,-12],[0,-12],[-5,-12],[20,-33],[9,-40],[0,-41],[-19,-16]],[[97009,99198],[-38,-32],[-38,20],[52,77],[91,90],[90,57],[62,-13],[0,-16],[-33,0],[-14,-8],[-39,-16],[-104,-114],[-29,-45]],[[97657,99633],[-58,-28],[-47,-13],[-186,-89],[-38,0],[-14,37],[14,40],[72,29],[23,24],[29,0],[176,37],[24,20],[19,16],[195,41],[-33,-49],[-34,-12],[-80,-4],[4,-8],[5,-16],[0,-13],[-14,-8],[-57,-4]],[[99994,99243],[5,-69],[0,-37],[-5,-36],[-9,-45],[-19,-53],[0,-16],[0,-29],[4,-16],[5,-12],[5,-25],[14,-170],[-5,-86],[-9,-77],[-29,-81],[-109,-187],[-10,-33],[-14,-40],[-9,-82],[-15,-260],[-9,-85],[-24,-49],[-48,16],[-19,8],[-66,-12],[-67,25],[-129,-4],[-42,-13],[-24,-20],[-24,-20],[10,-25],[0,-20],[-5,-20],[0,-21],[9,-16],[43,-41],[-76,-40],[-19,0],[14,-41],[5,-41],[5,-44],[4,-37],[29,-32],[33,-21],[105,-16],[67,-28],[38,-4],[38,0],[28,12],[15,12],[9,16],[10,4],[76,-146],[19,-61],[-9,-90],[-29,-65],[-10,-36],[0,-45],[15,-53],[4,-16],[5,-8],[-5,-12],[-57,-37],[-14,-20],[-33,-57],[-24,-25],[-57,-28],[-24,-32],[-33,-66],[-15,-16],[-81,-12],[-4,0],[-24,-12],[-19,-29],[-10,-12],[-9,-32],[-10,-13],[-19,-12],[-9,0],[-15,-4],[-9,-28],[5,-37],[19,-16],[28,-8],[86,-53],[33,-41],[10,-12],[5,-16],[-5,-33],[-5,-4],[-9,-4],[-10,-12],[-33,-61],[-29,-41],[-38,-24],[-114,-4],[-134,-49],[-66,-57],[-19,-12],[-29,0],[-85,28],[14,-52],[-10,-25],[-47,-16],[-5,37],[-19,16],[-53,8],[-4,8],[-15,29],[-9,12],[-14,0],[-38,-12],[-48,24],[-43,36],[-43,25],[-43,-29],[15,-16],[52,-57],[19,-32],[-24,8],[-33,8],[-43,12],[-52,-16],[-19,-12],[-29,-21],[-24,-12],[-52,-12],[-24,-16],[-5,-25],[29,-24],[19,-49],[0,-45],[-24,-24],[-5,-12],[-4,-25],[14,-4],[38,0],[14,-8],[34,-24],[9,-16],[-14,-69],[28,-45],[91,-45],[-19,-53],[-5,-32],[5,-33],[90,-138],[53,-69],[9,-77],[5,-45],[-5,-49],[-9,-49],[0,-44],[19,-29],[-10,-20],[-5,-53],[-4,-28],[-15,-25],[-33,-24],[-14,-16],[-67,-143],[-28,-40],[-15,-25],[-9,-49],[-5,-52],[10,-45],[33,-20],[62,52],[33,-12],[-9,-8],[-34,-28],[29,-29],[-19,-32],[-76,-45],[-124,-110],[-14,-24],[-29,-61],[-14,-21],[-24,-4],[-19,21],[-14,24],[-20,8],[-38,-20],[10,-57],[19,-69],[0,-61],[19,4],[33,20],[19,4],[19,0],[34,-16],[47,8],[5,-12],[-9,-20],[-5,-21],[0,-32],[5,-20],[9,-13],[33,-24],[43,-16],[-4,-13],[-5,-12],[-5,-16],[14,-49],[0,-20],[-9,-24],[-15,-21],[-28,4],[-19,-12],[-14,-24],[4,-21],[0,-20],[-4,-28],[-19,-21],[-24,4],[9,-32],[10,-21],[14,-8],[5,-16],[0,-28],[-29,-9],[-95,5],[-14,4],[-15,8],[-114,-4],[-14,12],[-29,32],[-14,4],[-9,-8],[-15,-24],[-4,-12],[-15,-4],[-14,4],[-24,16],[10,57],[4,28],[-19,4],[-28,17],[-10,8],[-23,16],[-20,37],[-4,53],[95,126],[14,4],[19,8],[5,4],[19,32],[19,53],[19,33],[-14,8],[-14,0],[-29,-8],[52,93],[19,61],[-14,25],[0,32],[10,24],[9,9],[14,-17],[10,17],[10,16],[9,32],[-5,13],[0,8],[-4,16],[14,-4],[14,4],[14,8],[10,8],[-29,37],[5,28],[19,21],[-5,12],[-9,28],[-24,4],[-43,-12],[-14,16],[-29,45],[-23,12],[-15,4],[-57,-12],[-24,0],[-14,12],[-9,17],[-20,12],[-76,28],[-19,21],[-9,8],[-5,53],[-10,48],[-23,37],[-34,20],[-28,4],[-24,-12],[-57,-45],[-29,-12],[-152,8],[-43,-12],[-9,-4],[-24,8],[0,86],[-24,32],[-24,4],[-52,-4],[-19,12],[-10,17],[-14,52],[-5,21],[-47,57],[-5,24],[5,53],[14,37],[5,40],[-29,57],[-38,33],[-5,4],[-19,-4],[-9,-17],[-5,-24],[-10,-29],[-19,-36],[-33,-49],[-33,-36],[-29,-9],[-48,25],[-23,8],[-96,4],[-28,12],[9,33],[15,0],[57,-29],[-10,41],[5,36],[10,33],[-5,37],[-10,20],[-24,16],[-23,12],[-19,0],[-43,-24],[-105,-142],[-14,-12],[-15,-9],[-23,0],[-43,13],[-38,-9],[-15,0],[-28,21],[5,24],[9,33],[5,40],[-14,17],[-15,4],[-38,-4],[-71,-33],[-72,-45],[19,-20],[-4,-16],[-10,-21],[0,-24],[10,-20],[33,-41],[5,-24],[-5,-41],[-24,-16],[-62,4],[-28,12],[-48,28],[-9,0],[-29,0],[-5,9],[-9,28],[-5,29],[0,24],[0,20],[-14,12],[-15,-24],[-33,-8],[-119,4],[-24,8],[-28,20],[-72,70],[-23,12],[-53,8],[-19,-16],[-38,-82],[-19,-28],[-19,-12],[-48,-4],[-14,-13],[-14,-4],[-15,8],[-38,45],[-81,45],[-52,57],[-19,0],[-52,-21],[-34,-4],[-71,21],[-24,16],[-24,33],[-14,36],[-19,29],[-43,44],[-14,25],[-5,40],[14,21],[134,97],[357,41],[28,-4],[19,-12],[24,-21],[19,-32],[10,-33],[-10,-8],[-24,-16],[-9,-8],[0,-17],[128,-16],[62,-28],[53,-53],[19,-41],[28,-81],[19,-29],[29,-12],[71,12],[24,-16],[29,8],[43,0],[14,4],[24,9],[19,52],[-10,53],[-28,41],[-39,24],[-9,0],[-48,12],[-57,25],[-19,4],[-43,-4],[-19,0],[-33,24],[-105,110],[72,41],[33,8],[119,-4],[38,-12],[29,-33],[-5,45],[-19,20],[-5,0],[-52,4],[-15,4],[-9,12],[-14,13],[-5,20],[-5,28],[0,29],[5,20],[19,20],[19,13],[48,4],[-15,16],[-33,24],[-95,33],[-19,32],[-5,82],[-24,49],[-33,32],[-38,28],[-24,-20],[-33,-12],[-34,0],[-24,-8],[-4,-8],[-10,-4],[-14,0],[-14,69],[38,28],[85,29],[10,16],[28,4],[43,-12],[38,-21],[5,-4],[10,4],[14,5],[14,16],[-9,24],[-34,53],[-9,8],[-5,8],[-5,17],[0,16],[10,16],[5,8],[4,8],[-4,37],[-29,93],[-14,41],[9,20],[10,13],[62,-13],[52,9],[43,32],[190,260],[162,264],[134,273],[81,264],[9,65],[0,20],[24,61],[57,468],[24,118],[5,36],[14,78],[52,158],[14,77],[0,45],[5,61],[10,49],[19,20],[81,-16],[14,16],[10,-20],[-24,-73],[33,-41],[52,-20],[53,4],[33,20],[52,53],[29,12],[52,8],[53,25],[266,260],[19,28],[24,21],[62,16],[29,20],[24,57],[38,167],[28,73],[43,57],[29,28],[52,25],[19,28],[24,33],[24,24],[23,12],[67,12],[43,45],[214,90],[48,40],[28,0],[91,53],[128,4],[143,4],[114,4],[15,-4],[24,-20],[14,-8],[9,4],[34,28],[195,65],[314,53],[129,-24],[28,-12],[24,-29],[43,-199],[9,0],[29,-28],[5,-5],[4,-4],[10,-12],[9,-12],[39,-16],[52,-33],[24,8],[14,-12],[14,-4],[15,4],[14,12],[9,0],[0,-16],[-14,-8],[-5,-8],[0,-8],[10,-21],[0,-40],[43,-25],[95,-28],[14,0]],[[98299,99796],[57,-33],[-133,-32],[-138,0],[-33,-8],[-62,-33],[-33,8],[-24,37],[9,32],[19,21],[24,-9],[314,17]],[[98618,99784],[-28,-37],[-5,12],[-5,8],[10,12],[-15,33],[34,33],[52,24],[33,8],[129,16],[38,-16],[0,-16],[-19,0],[-224,-77]],[[99018,99999],[72,-37],[-5,0],[-5,-4],[-5,-4],[-4,-8],[-48,16],[-24,17],[0,16],[19,4]]]}