{"type":"Topology","transform":{"scale":[0.00008139762794441899,0.000040728891038481],"translate":[80.03060030600307,26.344051040419913]},"objects":{"NPL":{"type":"MultiPolygon","arcs":[[[0]]]}},"arcs":[[[99380,37230],[265,-124],[177,-83],[89,-166],[44,-290],[-133,-456],[44,-995],[-132,-622],[-177,-622],[-310,-2073],[-752,-2322],[-309,-1202],[0,-290],[0,-207],[88,-498],[0,-124],[133,-208],[0,-83],[0,-207],[-89,-166],[-44,-124],[-44,-166],[-133,-539],[0,-290],[0,-332],[44,-249],[177,-497],[0,-290],[-44,-581],[-309,-1202],[-177,-746],[-45,-1742],[-177,-704],[-44,-208],[44,-207],[45,-166],[177,-331],[221,-913],[221,-248],[221,-125],[133,-290],[265,-622],[265,-829],[177,-829],[89,-415],[265,-746],[133,-373],[44,-415],[44,-1036],[89,-995],[44,-456],[-44,-456],[-44,-498],[-222,-1078],[-530,-1948],[-177,-1037],[-89,-539],[0,-248],[45,-332],[-133,-995],[-354,-1202],[-442,-871],[-398,-83],[-177,332],[-398,414],[-177,290],[-89,249],[-88,415],[-44,207],[-45,0],[-265,415],[0,83],[-221,-83],[-398,-581],[-221,0],[-221,208],[-177,165],[-177,-124],[-89,-539],[-88,-373],[-177,-166],[-221,42],[-133,290],[-221,166],[-265,-125],[-133,-207],[-310,-415],[-442,-373],[-442,207],[-885,913],[-354,124],[-398,-42],[-398,-207],[-353,-373],[-133,-332],[-221,-912],[-177,-207],[-177,41],[-487,415],[-177,207],[-88,291],[-88,373],[-133,248],[-398,-207],[-664,-124],[-353,249],[-266,663],[-221,829],[-88,705],[-177,1244],[0,414],[-45,456],[-132,0],[-177,-290],[-354,-705],[-177,-207],[-442,-290],[-354,-208],[-398,-414],[-88,-539],[-266,-498],[-309,-331],[-310,-166],[-88,41],[-443,291],[-177,-42],[-88,-249],[-89,-290],[-132,-166],[-221,83],[-841,912],[-840,705],[-221,249],[-177,373],[-177,249],[-177,207],[-265,83],[-354,290],[-752,705],[-398,249],[-88,0],[-266,-42],[-88,0],[-89,166],[0,373],[-88,166],[-221,83],[-266,-83],[-442,-290],[-265,-332],[-89,-41],[-133,41],[-88,125],[-44,124],[-89,83],[-177,83],[-88,0],[-44,0],[-266,0],[-88,41],[-44,125],[-841,912],[-398,248],[-442,-248],[-265,-83],[-221,-208],[-841,-1285],[-265,-290],[-177,-41],[-89,124],[-44,166],[0,249],[-44,207],[-88,124],[-89,-41],[-133,-83],[-132,41],[-664,954],[-177,373],[-132,871],[88,1824],[-88,829],[-177,373],[-929,954],[-133,83],[-973,-664],[-530,-539],[-487,-414],[-221,-125],[-221,125],[-177,0],[-221,-332],[-177,-373],[-44,-42],[-177,-248],[-443,-249],[-176,0],[-1106,539],[-398,663],[0,829],[-44,747],[-487,373],[-265,-42],[-664,-497],[-309,41],[-45,332],[0,373],[-176,207],[-177,42],[-133,41],[-310,291],[-88,456],[-89,497],[-176,456],[-266,290],[-619,373],[-265,291],[-133,414],[-221,83],[-177,-166],[-177,-207],[-133,0],[-1503,705],[-133,207],[-89,539],[133,539],[177,581],[88,538],[89,954],[-44,954],[-89,912],[-221,912],[-309,788],[-354,456],[-3539,1160],[-265,332],[-221,581],[-133,456],[-177,207],[-353,-83],[-133,41],[-133,622],[-88,208],[-310,207],[-133,166],[-132,207],[-44,415],[-222,124],[-221,-207],[-619,-1368],[-265,-291],[-398,-41],[-487,166],[-177,83],[-265,-166],[-575,-42],[-221,-166],[88,-414],[354,-705],[44,-207],[44,-249],[0,-207],[-132,-83],[-89,-125],[-88,-207],[-89,125],[-530,373],[-1725,1617],[-885,621],[-1371,332],[-1150,0],[-309,-207],[-45,-249],[-44,-290],[44,-290],[177,-456],[-44,-291],[-44,-290],[-265,-705],[-222,-373],[-221,-249],[-309,-41],[-266,207],[-132,249],[-89,332],[-133,456],[-132,331],[-619,913],[-443,331],[-1503,-41],[-797,331],[-574,581],[-310,166],[-1504,207],[-265,539],[-133,954],[-133,1824],[-132,953],[-221,622],[-89,42],[-265,165],[-1548,-704],[-1062,-208],[-442,249],[-663,1202],[-973,871],[-1460,2156],[-531,373],[-221,207],[-221,456],[-265,374],[-266,165],[-663,83],[-354,-248],[-486,-1037],[-266,-373],[-354,41],[-353,374],[-310,456],[-619,621],[-487,954],[-265,373],[-310,166],[-619,290],[-221,332],[-177,456],[-265,290],[-1062,995],[-177,249],[-88,249],[0,248],[-44,374],[-177,456],[-221,414],[-266,332],[-265,166],[-177,-42],[-88,-207],[-45,-332],[-132,-290],[-177,-166],[-177,-41],[-133,124],[0,332],[-177,83],[-88,207],[44,207],[177,125],[-133,580],[-707,1451],[-177,705],[-266,1451],[-265,580],[-265,249],[-1239,415],[-575,207],[-88,249],[0,332],[-44,248],[-133,125],[-221,-83],[-221,0],[-266,83],[-177,124],[-221,290],[-88,332],[0,373],[-89,373],[-177,125],[-530,0],[-221,82],[-177,249],[-487,829],[-221,249],[-354,207],[-221,166],[-133,290],[-221,830],[-177,207],[-442,124],[-221,125],[-221,207],[-89,207],[0,208],[44,207],[-44,166],[-265,0],[-221,0],[-221,-208],[-133,-373],[-44,-414],[132,-1534],[-88,-332],[-221,207],[-531,1120],[-221,249],[-265,0],[-222,-125],[-221,-41],[-265,166],[-133,331],[-354,1202],[-88,125],[-221,124],[-89,83],[-88,166],[-133,415],[-88,165],[-177,208],[-442,124],[-222,166],[-221,249],[-398,953],[-398,415],[-88,41],[-221,83],[-222,290],[-88,995],[0,498],[44,456],[89,415],[132,414],[222,249],[176,207],[177,208],[89,456],[0,787],[88,1120],[221,912],[398,331],[222,-41],[221,0],[265,124],[133,291],[0,414],[-221,995],[44,373],[221,42],[177,-208],[88,-41],[266,1617],[44,539],[-44,497],[-89,125],[-88,0],[-133,0],[-44,290],[-89,954],[-265,829],[-88,414],[44,415],[133,166],[353,207],[89,249],[0,290],[88,166],[133,166],[88,248],[266,332],[88,166],[89,249],[44,124],[-44,124],[-45,166],[45,166],[88,83],[133,166],[88,83],[266,539],[132,497],[45,539],[-133,664],[-133,621],[-133,622],[0,622],[177,705],[310,456],[752,332],[265,373],[619,1409],[266,747],[177,870],[88,456],[177,166],[442,83],[266,125],[132,207],[310,497],[442,539],[133,249],[354,995],[177,332],[752,953],[265,664],[-177,663],[177,290],[221,456],[177,249],[133,-332],[88,-414],[221,-83],[841,497],[88,0],[133,-207],[177,-415],[132,-456],[133,-829],[310,-787],[88,-374],[133,-1078],[0,-41],[132,-249],[354,166],[266,0],[575,-456],[309,83],[89,332],[0,704],[177,208],[221,124],[88,166],[44,41],[45,166],[44,415],[0,166],[-133,373],[0,166],[133,165],[221,42],[177,-42],[177,42],[177,249],[177,331],[88,415],[44,746],[133,456],[44,249],[0,207],[-88,373],[0,249],[0,829],[0,415],[132,332],[89,331],[-44,415],[44,332],[221,124],[265,-166],[443,-788],[221,-207],[354,-83],[132,83],[133,912],[44,207],[89,125],[265,41],[133,166],[88,207],[44,208],[89,124],[265,83],[266,-166],[1503,-1161],[266,-124],[265,83],[265,166],[266,83],[531,-415],[398,83],[265,-83],[88,-166],[177,-331],[45,-125],[132,-41],[133,41],[133,125],[88,82],[531,42],[265,-42],[221,-165],[45,-415],[-133,-1410],[44,-621],[133,-415],[221,-290],[309,-208],[177,-290],[-44,-497],[-309,-912],[44,-332],[88,-539],[89,-498],[132,-248],[222,-83],[221,166],[265,41],[531,-580],[265,-83],[221,0],[310,-125],[88,-165],[133,-374],[133,-165],[177,-42],[177,42],[221,0],[177,-208],[176,-373],[177,-332],[222,-290],[221,-207],[619,-332],[221,-207],[929,-2073],[221,-249],[133,0],[221,125],[132,0],[133,-166],[0,-207],[-44,-249],[-44,-290],[132,-415],[752,-995],[221,-622],[133,-249],[133,-124],[177,-83],[132,-124],[45,-332],[176,-415],[266,125],[309,373],[222,207],[132,-124],[177,-373],[89,-125],[132,-41],[266,83],[132,-42],[708,-1078],[88,-248],[177,-581],[133,-166],[177,0],[88,291],[0,331],[89,249],[88,83],[310,124],[309,42],[133,0],[133,-83],[177,-249],[44,-124],[44,-332],[44,-83],[89,-124],[177,-125],[132,-83],[266,-497],[88,-332],[45,-373],[-45,-207],[-88,-125],[-44,-165],[-45,-291],[222,-539],[796,291],[309,-581],[44,-456],[-44,-373],[44,-290],[354,-539],[45,-290],[0,-291],[44,-331],[132,-249],[177,-124],[133,-208],[88,-663],[133,-207],[354,-249],[221,-290],[133,-373],[88,-912],[44,-539],[0,-249],[89,-166],[177,-124],[309,-83],[133,-166],[133,-166],[486,-166],[177,0],[221,125],[89,331],[44,456],[89,415],[265,414],[309,166],[310,42],[310,-83],[265,83],[575,456],[265,166],[89,83],[132,331],[45,125],[398,165],[221,83],[133,0],[177,-83],[132,-124],[44,-166],[45,-331],[132,165],[177,42],[133,-42],[133,-248],[132,-291],[221,42],[266,166],[221,0],[88,-249],[89,-663],[88,-249],[177,-83],[177,41],[177,-41],[88,-332],[-88,-414],[-177,-373],[-133,-415],[89,-456],[265,-498],[89,-165],[44,-208],[44,-787],[310,-291],[265,-166],[133,-331],[-310,-2073],[221,-663],[133,-332],[619,-663],[841,-291],[132,-124],