{"type":"Topology","transform":{"scale":[5.04010080151203e-7,6.078938960968203e-7],"translate":[166.90666906669065,-0.5516077142717251]},"objects":{"NRU":{"type":"MultiPolygon","arcs":[[[0]]]}},"arcs":[[[64285,99999],[35714,-11111],[0,-33333],[-14286,-36111],[-21428,-19444],[-42857,5555],[-21428,38889],[14286,38888],[49999,16667]]]}