{"type":"Topology","transform":{"scale":[0.00007866157322359822,0.00009743188279105979],"translate":[51.97911979119792,16.643174624943796]},"objects":{"OMN":{"type":"MultiPolygon","arcs":[[[0]],[[1]],[[2]],[[3]],[[4],[5]],[[6]]]}},"arcs":[[[49748,8839],[-229,-87],[-366,0],[-137,-52],[-46,104],[0,17],[91,70],[138,52],[183,52],[228,-122],[138,-34]],[[51716,8717],[-183,-17],[-595,17],[-183,52],[-92,226],[320,156],[504,138],[320,122],[46,-139],[0,-17],[137,-122],[138,-104],[183,-34],[-366,-208],[-229,-70]],[[84850,36204],[-91,87],[-46,86],[-46,312],[-45,330],[45,173],[0,17],[-45,87],[91,815],[92,121],[137,156],[46,52],[229,121],[91,35],[46,17],[0,17],[46,191],[45,52],[229,69],[183,0],[229,35],[229,104],[91,121],[46,52],[46,122],[46,17],[46,399],[45,190],[138,156],[595,607],[228,381],[183,329],[92,122],[183,34],[183,-156],[0,-17],[-46,-173],[-91,-191],[-46,-191],[46,-225],[46,-173],[411,-537],[92,-156],[-46,-122],[-91,-69],[-504,-277],[-503,-226],[-229,-156],[-320,-346],[-138,-243],[-137,-502],[-137,-174],[0,-104],[0,-17],[46,-87],[0,-69],[-46,-69],[-458,-330],[-229,-242],[-91,-104],[-138,-18],[-137,-17],[-183,-35],[-46,-69],[-45,-104],[-92,-121],[-137,-87],[-138,0]],[[14142,0],[-824,1386],[-778,1387],[-778,1386],[-824,1387],[-503,866],[-92,139],[-229,52],[-503,35],[-183,86],[46,0],[45,18],[46,0],[-412,728],[-549,987],[-549,1006],[-549,988],[-550,987],[-549,988],[-503,988],[-549,1005],[-550,988],[-549,988],[-549,988],[-549,988],[-549,988],[-550,1005],[-549,988],[-503,987],[-549,988],[-366,659],[-92,156],[1419,381],[2151,589],[2197,590],[2151,572],[2196,589],[2151,589],[2197,589],[2197,590],[2151,571],[2197,590],[2151,589],[2196,589],[2151,572],[2197,589],[2151,590],[2197,589],[2151,589],[1922,503],[412,988],[92,208],[228,571],[367,902],[457,1144],[595,1369],[595,1525],[687,1629],[686,1681],[549,1300],[138,381],[686,1646],[641,1526],[549,1351],[458,1162],[366,883],[274,572],[46,208],[92,156],[457,1161],[0,243],[-137,208],[-686,849],[-1007,1283],[-1007,1282],[-1053,1283],[-1007,1282],[-823,1005],[137,1491],[-92,1508],[46,294],[412,988],[1190,1595],[275,623],[274,1023],[137,347],[275,260],[458,381],[183,208],[412,1265],[137,173],[549,659],[92,139],[-46,779],[-46,295],[-229,225],[-457,191],[-229,156],[-92,173],[46,156],[549,70],[549,156],[229,104],[366,155],[367,104],[366,52],[412,-17],[411,-52],[184,0],[228,69],[229,18],[321,-191],[228,-17],[1511,450],[778,156],[137,156],[-458,624],[-137,434],[-229,381],[-366,104],[-732,-208],[-183,17],[-824,122],[-137,52],[0,155],[91,191],[504,641],[45,156],[46,486],[0,86],[-91,104],[-275,122],[-91,69],[-46,156],[46,554],[-138,434],[-46,225],[138,139],[183,138],[91,347],[321,243],[-46,190],[-183,312],[-46,121],[-46,191],[92,381],[0,191],[-137,780],[137,329],[412,347],[320,242],[92,52],[412,191],[503,104],[503,-52],[46,-17],[321,-156],[183,-295],[91,-468],[46,-208],[-320,156],[-138,70],[-183,34],[-229,-52],[-45,-138],[91,-156],[458,-312],[412,-711],[366,-225],[183,-18],[46,0],[228,0],[275,52],[92,104],[91,191],[275,243],[183,381],[46,0],[183,69],[457,35],[229,87],[412,294],[92,52],[366,191],[45,104],[0,69],[46,191],[46,329],[46,52],[45,52],[687,52],[320,-832],[778,-1248],[138,-104],[91,-242],[92,-434],[1510,-2079],[275,-260],[732,-468],[1419,-1265],[274,-330],[92,-190],[137,-295],[1236,-1109],[1510,-953],[1190,-711],[412,-190],[1785,-520],[2334,-451],[1007,-329],[732,-174],[503,-69],[321,-17],[869,34],[229,-34],[366,-364],[137,-69],[275,-70],[366,-121],[321,-35],[1647,70],[595,-35],[549,-87],[778,-242],[229,-35],[229,-69],[458,-364],[228,-122],[458,-121],[549,-52],[641,17],[504,70],[274,86],[137,70],[92,173],[91,17],[229,-52],[549,-17],[321,-35],[229,-104],[137,-121],[229,-416],[137,-87],[46,-17],[46,-52],[91,-35],[46,-34],[91,17],[92,0],[46,-17],[183,-121],[137,-87],[46,-69],[91,0],[92,138],[0,-69],[46,-35],[0,-34],[45,-70],[92,0],[0,35],[46,104],[91,-52],[46,-17],[137,69],[321,-312],[91,-173],[-45,-156],[91,-139],[137,-468],[138,-191],[778,-520],[457,-156],[183,-190],[183,-433],[138,-174],[366,-277],[229,-208],[91,-607],[824,-606],[46,-87],[46,-312],[91,-69],[46,-52],[366,-208],[641,-295],[457,-242],[321,-278],[229,-329],[457,-866],[46,-156],[92,-191],[228,-139],[458,-190],[503,-607],[92,-156],[137,-156],[549,-381],[412,-156],[275,-191],[275,-121],[91,-52],[0,-121],[-46,-18],[-137,18],[-91,34],[45,-138],[92,-70],[137,-17],[183,17],[961,260],[366,-104],[504,-294],[91,0],[183,17],[92,-17],[0,-52],[46,-104],[45,-52],[0,-35],[-45,-35],[0,-69],[91,-69],[92,-35],[46,-17],[91,-18],[92,0],[45,52],[-91,104],[-183,156],[46,139],[137,0],[274,35],[321,-70],[274,-260],[183,-346],[92,-312],[-275,-1681],[-137,-451],[-274,-399],[-733,-779],[-366,-243],[-229,-173],[-91,-174],[0,-242],[-275,-486],[-46,-502],[-137,-208],[-503,-156],[-138,-173],[-183,-382],[-1007,-1022],[-411,-919],[-229,-433],[-1190,-1421],[-92,-329],[-45,-87],[-92,-87],[-1831,-589],[-366,-173],[-1419,-884],[-1693,-1369],[-549,-607],[-92,-104],[-183,-87],[-229,-207],[-366,-555],[-45,-104],[-46,-364],[-46,-104],[-46,-87],[-732,-450],[46,-208],[-229,-156],[-549,-191],[46,-34],[-92,-174],[-46,-17],[-91,-52],[-46,-52],[0,-69],[0,-87],[91,-104],[92,-69],[137,-52],[183,69],[229,139],[137,69],[0,-208],[-137,-139],[-229,-121],[-228,-52],[-138,104],[-46,0],[-91,-139],[-92,-277],[-91,-156],[-92,-69],[-320,-122],[-137,-86],[-138,-208],[-137,-260],[-91,-277],[-46,-278],[-321,-485],[-183,-364],[0,-156],[-45,-87],[-92,-346],[-46,-70],[-91,-17],[-138,-52],[-183,-69],[-137,-70],[-91,-277],[-275,-121],[-366,17],[-321,87],[-228,87],[-183,52],[-412,17],[-138,-35],[-320,-86],[-183,-35],[46,87],[45,52],[-45,34],[-458,87],[-229,34],[-274,87],[-46,191],[183,433],[0,-139],[46,-121],[91,-87],[138,-86],[45,208],[-137,450],[137,226],[138,190],[137,295],[46,312],[-138,225],[-228,69],[-367,-34],[-411,-87],[-367,-190],[-549,-104],[-137,-87],[-92,-104],[-228,-468],[0,-121],[91,-104],[46,-104],[-137,-70],[-138,-52],[-320,-52],[-229,-104],[-229,-104],[-320,-225],[-92,-104],[-91,-104],[0,-139],[0,-103],[183,-156],[46,-87],[-92,-225],[-229,-139],[-549,-173],[-229,-104],[-229,-139],[-183,-173],[-45,-174],[-92,-121],[-137,-139],[-138,-173],[0,-243],[275,-415],[46,-260],[-183,-364],[-229,-572],[0,-139],[0,-312],[-320,-537],[-184,-572],[-183,-260],[-778,-901],[-137,-278],[46,-311],[91,-122],[138,-86],[91,-104],[46,-156],[0,-312],[-46,-139],[-46,-139],[-91,-260],[-46,-208],[92,-208],[640,-762],[92,-173],[91,-295],[0,-277],[-91,-243],[-183,-485],[-46,-208],[0,-243],[275,-520],[91,-156],[321,-294],[91,-156],[-91,-434],[-46,-208],[503,-676],[0,-138],[-320,-243],[-183,-121],[-46,-17],[-549,-52],[-92,-52],[-45,-70],[-138,-86],[-137,-70],[-137,-17],[-2655,87],[-732,-87],[-3021,-364],[-1556,-329],[-2151,-694],[-823,-450],[-550,-208],[-274,-173],[-138,-226],[-91,-104],[-1373,-1040],[-229,-363],[-46,-486],[92,-346],[0,-122],[-46,-121],[-183,-191],[-91,-173],[-92,-208],[-46,-104],[0,-433],[-91,-433],[-687,-1179],[183,-208],[0,-208],[-183,-208],[-274,-156],[-550,-173],[-274,-121],[-366,-538],[-92,-52],[-183,-52],[-91,-34],[-595,-503],[0,-87],[0,-225],[-138,-17],[-2013,190],[-229,-34],[-412,-139],[-275,-35],[-1052,70],[-275,-35],[-824,-260],[-457,-87],[-3250,-104],[-1281,-259],[-321,-18],[-91,-34],[-46,-35],[-46,-52],[-91,-35],[-229,0],[-46,0],[-412,-86],[-91,-52],[-183,-156],[-183,-416],[-138,-156],[-183,-174],[-45,-86],[-184,-416],[-45,-70],[-183,-156],[-1190,-762],[-366,-503],[-46,-208],[-46,-225],[46,-277],[137,-139],[412,-191],[275,-190],[91,-225],[0,-468],[-91,-191],[-504,-555],[-46,-86],[-45,-139],[45,-139],[46,-52],[137,-34],[0,-70],[-91,-138],[-46,-52],[-320,-139],[-137,-52],[-92,-86],[-46,-87],[-46,-173],[-137,-156],[46,-52],[-92,-122],[-412,-86],[-183,-87],[-45,-87],[-92,-138],[-91,-139],[-183,-52],[-504,-468],[-549,-312],[-92,0],[-137,156],[-137,-69],[-138,-156],[-183,-70],[-183,-34],[-183,-52],[-183,-18],[-183,35],[-183,-173],[-229,-52],[-549,-52],[-412,-121],[-229,0],[-137,121],[-137,-69],[-229,34],[-137,-34],[-458,208],[-92,-70],[-91,191],[-46,173],[-137,139],[-549,69],[-366,104],[-138,17],[-137,-17],[-275,