{"type":"Topology","transform":{"scale":[0.000059725194497917556,0.000011516212142721424],"translate":[-130.75150751507516,-25.076503982048045]},"objects":{"PCN":{"type":"MultiPolygon","arcs":[[[0]],[[1]],[[2]],[[3]]]}},"arcs":[[[11151,147],[-181,-147],[-180,0],[-121,293],[-121,440],[181,293],[181,0],[121,-293],[120,-586]],[[99878,35777],[121,0],[0,-293],[0,-440],[0,293],[0,293],[-121,147],[-180,-293],[180,293]],[[41229,58944],[-181,-1320],[-361,1026],[-362,2493],[-120,2639],[361,1467],[422,-880],[241,-2639],[0,-2786]],[[181,99999],[0,-293],[-121,-440],[-60,-147],[0,440],[0,293],[60,0],[61,147],[60,0]]]}