{"type":"Topology","transform":{"scale":[0.00003535270705060589,0.000047854758376059555],"translate":[131.12951129511293,2.9488129661951064]},"objects":{"PLW":{"type":"MultiPolygon","arcs":[[[0]],[[1]],[[2]],[[3]],[[4]],[[5]],[[6]],[[7]]]}},"arcs":[[[19348,247],[-509,-247],[-509,71],[-102,247],[305,211],[204,71],[407,-71],[204,-282]],[[916,1553],[-712,-71],[-204,212],[305,353],[611,247],[611,35],[204,-247],[-305,-318],[-510,-211]],[[31059,49223],[-204,-247],[-204,318],[204,35],[204,-106]],[[86150,82427],[-407,-177],[-408,283],[-305,423],[102,318],[611,35],[305,-212],[204,-353],[-102,-317]],[[88085,84509],[-306,-177],[-102,106],[204,388],[1018,1376],[204,-35],[102,-70],[0,-142],[102,-141],[-204,-106],[-204,-352],[204,-283],[-102,-70],[-305,0],[-204,-71],[-407,-423]],[[92973,89837],[-713,-494],[-408,-106],[-305,35],[-306,141],[-203,212],[0,247],[0,388],[102,71],[916,-706],[102,35],[407,142],[1019,670],[203,176],[0,247],[-102,247],[0,141],[204,-35],[204,-70],[102,-106],[101,-106],[0,-177],[-407,-70],[102,-177],[204,-211],[101,-177],[-101,-141],[-408,-70],[-509,0],[-305,-106]],[[95722,91919],[407,-318],[-203,-423],[-204,-71],[-305,212],[-204,317],[-102,177],[-407,106],[-306,-71],[-509,-318],[0,283],[0,282],[204,141],[407,0],[509,-106],[713,-211]],[[99795,97000],[-305,-706],[-611,-565],[0,-141],[305,-282],[0,-141],[-101,-106],[-306,-529],[-611,-635],[-204,-424],[204,-811],[-102,-283],[-102,-70],[-203,35],[-306,35],[-305,106],[-102,35],[-204,-70],[-203,-282],[-204,-71],[-306,35],[-101,71],[-102,141],[-204,494],[-204,670],[-203,318],[-204,106],[-204,0],[-101,35],[101,282],[102,212],[102,247],[306,141],[203,106],[204,-247],[204,-35],[305,141],[102,282],[-102,177],[-204,176],[-509,247],[306,141],[305,388],[408,177],[0,106],[0,282],[0,35],[305,388],[306,283],[509,141],[713,35],[712,141],[102,353],[-203,1094],[-204,388],[-102,247],[102,106],[305,-35],[204,-141],[102,-142],[407,-705],[102,-988],[-204,-988]]]}