{"type":"Topology","transform":{"scale":[0.00010019000379005688,0.00005844224373307731],"translate":[14.124741247412487,48.99462653862645]},"objects":{"POL":{"type":"MultiPolygon","arcs":[[[0]]]}},"arcs":[[[54761,93469],[179,-173],[503,-174],[791,-57],[2048,-87],[3881,-231],[2874,-145],[2875,-144],[3593,-202],[4312,-231],[2766,-145],[2803,-144],[2300,-116],[1904,-116],[683,232],[180,173],[251,462],[0,29],[252,116],[215,-29],[611,-318],[108,-29],[215,58],[108,-29],[108,-87],[36,-144],[72,-145],[36,-86],[144,-87],[323,-58],[72,-86],[-36,-145],[-72,-202],[0,-174],[180,-260],[251,0],[216,87],[215,58],[180,-87],[611,-520],[395,-231],[791,-318],[215,-173],[180,-145],[72,-144],[215,-347],[72,-144],[108,-87],[216,-58],[71,-29],[180,-260],[144,-346],[108,-376],[71,-376],[144,-780],[0,-404],[-144,-260],[-107,-87],[-72,-87],[-36,-57],[0,-203],[36,-144],[72,-116],[107,-86],[72,-87],[36,-87],[-36,-86],[-36,-116],[36,-491],[72,-434],[144,-375],[108,-434],[108,-924],[71,-347],[252,-347],[36,-1069],[215,-1184],[863,-2658],[467,-1012],[216,-549],[395,-1618],[179,-462],[180,-260],[72,-231],[108,-260],[108,-260],[179,-202],[180,-145],[108,-202],[-36,-405],[-108,-260],[-108,-202],[-108,-231],[0,-347],[72,-289],[324,-404],[107,-231],[0,-145],[0,-202],[0,-116],[72,-462],[0,-144],[-36,-116],[-107,-231],[0,-116],[0,-202],[35,-87],[36,-86],[36,-145],[72,-2080],[36,-491],[-144,-752],[-395,-491],[-1329,-953],[-1689,-491],[-863,-549],[-898,-752],[-1221,-1964],[-396,-520],[-179,-289],[-468,-1012],[36,0],[72,-57],[72,-87],[108,-145],[36,-231],[-72,-317],[216,-145],[718,-202],[180,58],[108,-145],[611,-231],[215,-29],[0,-115],[-72,-145],[36,-29],[144,58],[144,-58],[72,-87],[107,-28],[108,173],[72,-87],[72,-86],[72,-87],[179,173],[36,-115],[-36,-203],[-36,-57],[288,-578],[180,-87],[467,29],[179,-116],[72,-144],[72,-144],[36,-116],[108,-29],[108,-87],[71,-202],[0,-202],[72,-202],[144,-665],[108,-289],[-144,-115],[-144,-232],[-179,-462],[-72,-318],[0,-549],[-72,-202],[36,0],[36,0],[0,-29],[0,-86],[-108,-58],[-36,-376],[-144,-144],[180,-318],[180,-260],[-108,-405],[-180,-202],[-215,-116],[-180,-231],[-36,-115],[-36,-174],[-72,-404],[36,-87],[72,-115],[36,-116],[-108,-29],[-36,-58],[36,-115],[72,-116],[36,-58],[-144,-173],[-36,-58],[-107,0],[0,-144],[107,-116],[36,-173],[-72,-462],[36,-232],[108,-260],[216,-404],[-72,0],[-72,0],[108,-260],[179,-58],[144,-87],[36,-231],[0,-115],[72,-231],[144,-116],[179,-58],[144,-115],[-144,-347],[36,-116],[396,-635],[71,-203],[-107,-57],[-72,-116],[0,-173],[36,-231],[-180,-87],[-180,-202],[-143,-231],[-36,-232],[72,-375],[143,-87],[180,0],[180,-115],[575,-1301],[215,-318],[503,-346],[467,-520],[108,-203],[-144,-86],[-36,-145],[144,-346],[252,-434],[72,-231],[143,-722],[0,-116],[-36,-115],[72,-87],[108,-58],[144,-87],[108,-173],[0,-144],[35,-145],[36,-231],[144,-260],[683,-693],[826,-492],[144,-202],[-144,-318],[-287,-58],[-324,0],[-215,-115],[-252,173],[-287,-29],[-216,-202],[-143,-289],[35,-318],[144,-231],[252,-115],[251,-29],[0,-116],[-108,-289],[144,-260],[252,-202],[287,-58],[-72,-404],[72,-347],[252,-665],[0,-28],[-216,-434],[108,-809],[72,-231],[36,-29],[0,-58],[-144,-173],[-180,-231],[-646,-376],[-36,-202],[36,-318],[-36,-231],[-36,-173],[-216,-578],[-539,-231],[-1797,-29],[-359,-116],[-144,-87],[-143,-173],[-108,-231],[-144,-462],[0,-29],[-144,-202],[-790,-954],[-288,-260],[-539,-462],[-431,-376],[-2299,-2716],[-288,-520],[-359,-318],[-395,-491],[-1114,-1762],[-396,-463],[-71,-144],[-72,-347],[-36,-115],[-108,-116],[-180,-58],[-72,-58],[-107,-144],[-611,-1242],[-180,-174],[-108,-58],[-215,-57],[-108,-116],[-72,-144],[-144,-549],[-754,-1127],[-252,-665],[180,-607],[72,-260],[72,-722],[36,-173],[0,-116],[143,-231],[216,-231],[36,-145],[72,-260],[108,-1589],[-36,-231],[-144,-520],[-144,-607],[-179,-375],[-36,-203],[71,-86],[36,29],[144,173],[144,-116],[-36,-28],[323,-261],[288,-433],[179,-144],[432,-289],[143,-174],[0,-144],[-107,-318],[0,-231],[35,-173],[144,-318],[36,-29],[0,-58],[-108,-260],[-215,87],[-216,231],[-180,87],[-107,57],[-180,289],[-108,116],[-108,0],[-215,-87],[-359,58],[-216,-29],[-216,29],[-251,173],[-360,463],[-215,86],[-216,-231],[-323,202],[-791,29],[-359,116],[-503,578],[-216,86],[-539,0],[-467,145],[-107,86],[0,87],[35,116],[0,115],[-107,145],[-108,29],[-216,-29],[-108,0],[-107,58],[-324,231],[-718,144],[-288,231],[-72,549],[-107,607],[-288,520],[-359,376],[-539,289],[-360,404],[-215,116],[-180,-58],[-179,-173],[-144,-174],[-108,-86],[-144,144],[-323,578],[-180,173],[-108,29],[-143,-29],[-72,29],[-108,58],[-180,202],[-107,87],[-180,58],[-719,-87],[-143,-87],[-180,-86],[-144,57],[-395,-86],[-144,0],[-970,318],[-575,317],[-144,29],[-179,-115],[-324,-520],[-143,-203],[-216,-29],[-180,116],[-107,173],[-216,145],[-144,29],[-395,-116],[-144,-58],[-215,-260],[107,-173],[252,-144],[108,-261],[-72,-144],[-180,-58],[-215,0],[-144,-29],[-216,-231],[-323,-520],[-216,-231],[-251,-87],[-180,29],[-144,145],[-179,202],[-180,144],[-144,29],[-179,0],[-216,29],[-180,116],[-862,1184],[-180,29],[-359,-58],[-215,29],[-108,0],[-108,-57],[-144,-232],[-108,-115],[-251,-87],[-216,58],[-826,491],[-180,-58],[0,-289],[-503,-28],[-395,173],[-144,0],[-108,-87],[-36,-115],[0,-145],[-71,-231],[-72,-260],[-36,-58],[-755,-86],[-179,-87],[-216,-289],[-72,-116],[-251,29],[0,29],[-72,-87],[-180,-462],[-72,-202],[-72,-202],[-107,-174],[-72,-606],[-108,-405],[-180,-173],[-323,173],[-539,549],[-252,144],[-323,-28],[-180,-145],[-215,-231],[-108,-173],[-252,-87],[-431,58],[-251,86],[-144,203],[36,231],[395,693],[36,29],[72,29],[36,29],[36,115],[-36,58],[-72,87],[0,29],[0,29],[-144,115],[-36,58],[0,58],[72,144],[36,58],[-72,838],[-72,289],[-71,318],[-108,86],[-324,-173],[-215,0],[-216,29],[-575,202],[36,202],[0,289],[0,87],[72,116],[-431,0],[-180,57],[-179,145],[-72,115],[-144,549],[-180,867],[-108,347],[-251,173],[-72,87],[-180,318],[-71,58],[-72,29],[-36,-29],[-36,-87],[-863,-1069],[-71,-87],[-144,-58],[-108,-28],[-323,28],[-180,-57],[-180,-87],[-143,-144],[-144,-261],[-144,-549],[36,-28],[0,-58],[36,-58],[-36,-116],[-36,-57],[-108,0],[-36,0],[-71,-318],[-36,-231],[-72,-145],[-288,-115],[-251,-58],[-108,0],[-108,58],[-179,144],[-108,58],[-216,-58],[-395,-260],[-252,-29],[-179,58],[-72,173],[36,578],[0,260],[-72,231],[0,232],[72,288],[-288,203],[-970,86],[36,289],[-36,347],[-144,751],[-35,145],[-108,289],[-72,173],[-36,607],[-72,115],[-144,116],[-143,-29],[-144,-58],[-144,-29],[-144,87],[-179,260],[-144,116],[-144,57],[-323,29],[-108,116],[-72,115],[-108,492],[-215,549],[-180,520],[0,462],[252,347],[-252,144],[-36,231],[36,260],[-72,289],[-143,116],[-396,-289],[-251,0],[-719,462],[-395,145],[-395,-58],[36,0],[0,-29],[0,-29],[-252,-260],[-144,-29],[-215,174],[-36,115],[-72,260],[-36,87],[-144,115],[-215,58],[-144,58],[-287,289],[-180,87],[-611,144],[-144,173],[72,318],[-575,405],[-143,58],[-180,28],[36,-375],[72,-29],[72,29],[71,0],[72,-116],[36,-173],[-72,-87],[-323,-115],[-395,0],[-180,-58],[-287,-289],[-360,-116],[-359,87],[-647,693],[-108,174],[-72,202],[-71,231],[-72,174],[-108,144],[-108,116],[0,86],[0,116],[108,87],[0,28],[0,29],[-144,29],[-251,145],[-144,29],[-108,-29],[-72,-58],[-107,0],[-180,58],[-467,693],[-36,116],[72,173],[107,58],[504,29],[251,115],[431,289],[216,174],[72,260],[-144,317],[-108,116],[-36,173],[36,174],[108,318],[36,28],[0,58],[0,58],[-36,29],[-180,289],[-72,58],[-143,57],[-72,-57],[-36,-116],[-36,-116],[-323,-462],[-144,-144],[-252,-87],[-898,173],[-467,-28],[-288,-405],[-71,-29],[-36,-29],[-36,29],[-72,29],[-72,318],[-252,202],[-215,-29],[-108,-318],[-108,116],[-72,173],[-36,231],[0,232],[-35,28],[-36,58],[-36,58],[-36,58],[179,87],[-179,86],[-467,0],[-252,58],[-359,260],[-72,116],[-72,144],[-72,202],[-36,203],[36,57],[-108,29],[-323,-86],[-144,28],[-108,58],[-251,231],[-108,58],[-1006,318],[-251,-29],[-144,87],[-288,202],[-215,29],[-288,-173],[0,-260],[324,-521],[108,-288],[107,-376],[72,-347],[180,-202],[251,-145],[180,-231],[108,-289],[36,-433],[108,-173],[35,-232],[-71,-144],[-108,29],[-108,202],[-72,87],[-36,58],[-144,0],[-35,