{"type":"Topology","transform":{"scale":[0.00002692853856807852,0.000005994509253176135],"translate":[-67.93807938079381,17.923116195514893]},"objects":{"PRI":{"type":"MultiPolygon","arcs":[[[0]],[[1]],[[2]],[[3]]]}},"arcs":[[[2406,21690],[-401,0],[-267,0],[-134,563],[-267,1409],[-1070,2535],[-267,2253],[267,2536],[401,845],[2139,281],[268,-281],[401,-1690],[0,-1127],[-134,-1127],[-401,-2817],[-134,-845],[-133,-563],[-134,-1409],[-134,-563]],[[98929,35774],[-401,-563],[-935,282],[-268,-564],[-668,-1972],[-268,-1126],[-133,0],[-401,1408],[-535,-563],[-669,-1127],[-2941,-3099],[-534,-1126],[-803,1126],[-1203,-563],[-1069,563],[-535,4789],[535,0],[267,0],[669,282],[802,1127],[668,1690],[535,1971],[267,846],[2941,1971],[535,-281],[1337,-1972],[1872,-282],[534,-845],[401,-1972]],[[99598,66760],[401,-2817],[-134,0],[-401,0],[268,-1127],[-401,0],[-268,282],[-267,845],[0,1127],[-268,0],[268,-2817],[133,-1127],[-133,-1690],[-535,3380],[-1604,6197],[0,564],[936,0],[1069,-845],[936,-1972]],[[34358,97182],[3877,-3380],[3877,2253],[535,-281],[1470,-2254],[535,0],[1471,1409],[2005,845],[1069,-564],[936,-1690],[669,564],[2272,0],[1605,-1972],[3074,2817],[2942,-3944],[1738,2254],[1871,-2817],[401,1408],[535,-282],[267,-1408],[134,-1127],[267,-563],[401,845],[268,1690],[401,-563],[-134,-1972],[802,-1690],[0,-1690],[268,-1972],[535,-282],[1336,1690],[0,1127],[-668,282],[-668,1690],[-535,2253],[-401,1972],[2406,-3380],[535,-564],[535,-563],[534,-563],[535,1126],[267,2254],[936,-845],[1605,-1972],[668,1690],[401,-563],[535,-1409],[1069,-1126],[669,-1690],[668,-2817],[401,845],[401,1408],[134,-282],[0,-845],[-134,-845],[-133,-1408],[267,282],[401,845],[267,563],[535,-3944],[669,-1408],[534,1408],[936,-3380],[1337,-563],[669,1972],[267,1126],[267,845],[401,-281],[0,-1127],[-401,-8169],[-133,-7042],[133,-1972],[-133,-1972],[267,-1408],[401,-564],[401,1127],[0,-1408],[0,-1409],[535,-2535],[-401,-1127],[-134,-1408],[-267,0],[-401,2253],[-401,0],[-134,-1690],[401,-2253],[-401,-1127],[-401,282],[-669,1408],[-668,-845],[-668,-1408],[-669,-845],[-668,-1127],[-669,-2817],[-1203,-8732],[-134,-4507],[-534,-2817],[-134,-564],[-936,-563],[-134,-1127],[268,-5070],[-669,-2817],[-1337,-3662],[-2005,-2817],[-802,0],[-802,845],[-802,282],[-401,-282],[-1204,-1972],[-267,0],[-1069,0],[-803,-845],[-2139,-4788],[-401,-282],[-401,0],[-401,0],[-267,-845],[-268,1127],[0,281],[0,845],[402,564],[133,845],[-267,845],[-268,1127],[-802,-2817],[-401,-564],[-534,564],[-936,563],[-401,282],[-134,1127],[-134,1126],[-267,845],[-401,1127],[-401,282],[-535,0],[-936,-1127],[-1069,-3098],[-669,563],[-802,2253],[-535,3099],[-668,1690],[-669,-563],[-534,-282],[-401,-845],[-535,-563],[-1203,-282],[-401,-845],[-401,-1127],[-402,-282],[-668,1409],[-267,-845],[-268,-564],[-133,1972],[-669,282],[-1604,-845],[-267,282],[-1070,1690],[-1471,0],[0,2253],[-401,845],[-401,-563],[-534,-1127],[0,-1408],[534,0],[-401,-2535],[-802,-1691],[-802,-845],[-802,-563],[-1203,0],[-535,-282],[-401,282],[-134,0],[-134,-845],[-133,-1127],[0,-1408],[-669,281],[-534,1691],[-803,3661],[-802,282],[-802,564],[-936,0],[-534,563],[-535,-1690],[-535,-1409],[-668,-563],[-401,282],[-1204,563],[-935,1690],[-401,-1127],[267,-3943],[-401,0],[-535,3662],[-134,1690],[0,4507],[936,1690],[268,845],[267,282],[267,563],[134,1409],[-134,845],[-401,845],[-401,-564],[-535,1127],[0,3099],[268,1408],[401,1127],[-134,1690],[-133,2817],[401,1690],[0,5352],[267,6197],[267,1409],[401,1126],[134,1972],[-134,1690],[-534,1972],[-535,7887],[-401,3099],[-802,845],[-669,563],[-668,5071],[-268,2253],[-401,3099],[134,1126],[1070,1409],[802,1408],[668,1409],[535,1408],[936,3099],[133,3662],[-401,2817],[-133,4225],[668,3944],[1872,2253],[2005,-282],[1337,-2535]]]}