{"type":"Topology","transform":{"scale":[0.00006490929817947266,0.00005334268938248825],"translate":[124.21024210242103,37.676093098602706]},"objects":{"PRK":{"type":"MultiPolygon","arcs":[[[0]],[[1]],[[2]],[[3]],[[4]],[[5]],[[6]],[[7]],[[8]],[[9]]]}},"arcs":[[[16972,1235],[-222,-254],[-444,-253],[-111,-127],[-222,-158],[-333,-63],[-55,126],[444,539],[222,95],[166,-64],[0,127],[55,158],[56,0],[55,32],[56,63],[55,32],[111,0],[444,221],[111,32],[-388,-506]],[[14587,2058],[-167,0],[-55,158],[0,95],[55,63],[333,190],[222,127],[111,0],[55,-64],[0,-95],[-55,-31],[-56,-32],[-221,-190],[-222,-221]],[[12867,2786],[-55,-127],[-56,0],[-55,0],[-166,-190],[-111,-32],[-167,0],[-111,32],[0,95],[56,63],[55,64],[111,31],[111,-31],[56,-32],[55,32],[55,63],[0,32],[-55,95],[55,126],[167,-31],[55,-190]],[[10371,15986],[278,-443],[55,-190],[-665,158],[-333,127],[-277,221],[-333,-253],[-167,158],[56,317],[610,348],[166,63],[111,-190],[222,-63],[167,-126],[110,-127]],[[6101,32858],[-56,-31],[-111,63],[-55,158],[0,158],[166,32],[167,158],[0,-158],[0,-32],[55,-63],[56,-222],[-222,-63]],[[7598,34346],[-111,-95],[-166,0],[-55,95],[55,158],[-55,95],[111,95],[55,158],[166,32],[56,-127],[0,-189],[-56,-222]],[[7432,35486],[111,-127],[-56,-158],[-166,-159],[-166,-126],[-222,0],[-222,158],[-666,-158],[-55,-32],[-56,32],[56,126],[111,64],[111,95],[277,221],[56,-31],[221,31],[389,95],[277,-31]],[[10371,34694],[-332,-348],[-278,-63],[-388,-190],[277,506],[222,-95],[111,222],[-222,190],[0,95],[222,0],[0,95],[0,95],[-55,63],[0,317],[222,126],[0,285],[221,158],[-55,159],[277,31],[444,-190],[-55,-126],[-222,-64],[166,-411],[222,-412],[-333,-190],[-444,-253]],[[277,39727],[-55,-63],[-56,32],[-55,31],[-111,0],[0,95],[55,64],[0,63],[111,63],[-55,95],[55,0],[56,32],[-56,32],[56,31],[55,0],[56,-31],[55,-32],[0,-63],[56,-32],[0,-32],[0,-63],[55,0],[0,-32],[0,-63],[-55,-32],[-56,-31],[-55,0],[-56,-64]],[[97392,91009],[167,-380],[55,-63],[0,-222],[56,-95],[55,-63],[55,-63],[278,-697],[166,-253],[333,-222],[333,-126],[277,-254],[166,-316],[56,-475],[0,-475],[0,-221],[166,-190],[444,-317],[-111,-95],[-388,-126],[-555,-159],[-222,-31],[-221,-159],[-111,-31],[0,348],[0,222],[0,94],[-222,190],[-222,127],[-444,63],[-333,190],[-111,159],[-443,63],[-222,-95],[55,-253],[-221,-190],[-278,-32],[-111,158],[-166,127],[-222,0],[0,-158],[0,-159],[-166,-158],[-167,-158],[56,-253],[0,-127],[55,-127],[111,0],[111,-63],[0,-222],[-55,-126],[-111,32],[-278,253],[-166,-32],[-111,-221],[166,-222],[-166,-63],[-111,-222],[-277,-63],[-56,-412],[-166,-126],[-166,-32],[0,285],[111,380],[-111,348],[-222,0],[-666,-602],[-333,-411],[-221,-158],[-222,-32],[55,-253],[-55,-1077],[-111,-31],[-111,63],[-167,-95],[-221,-253],[55,-32],[56,-126],[-111,-64],[-167,32],[-277,190],[-166,95],[-444,0],[-277,-222],[-111,-348],[0,-158],[-222,0],[-56,-158],[-55,-127],[-167,-443],[0,-317],[-110,-63],[-222,411],[-167,-63],[0,-380],[-333,-158],[111,-63],[111,-95],[111,-222],[-166,-32],[-111,-95],[-166,-253],[55,32],[-55,-158],[-56,-222],[0,-95],[-111,-348],[-111,-127],[-166,32],[-111,190],[-388,126],[-222,-126],[-111,-412],[-111,-475],[0,-601],[-222,-633],[-222,-190],[-55,-317],[-111,-95],[-277,349],[-222,0],[-555,-349],[-222,-538],[-166,-633],[-167,-221],[-388,-190],[-388,-475],[-111,-602],[-222,-759],[-277,-507],[166,-443],[-55,-317],[-56,-284],[111,-539],[333,-411],[277,-285],[222,-158],[333,31],[111,-285],[222,-253],[166,-126],[111,0],[222,31],[111,-31],[111,-190],[0,-64],[-56,-63],[-55,-253],[-56,-63],[-110,-412],[0,-95],[-278,-190],[-166,-411],[-610,-2375],[-111,-823],[277,-696],[-111,-253],[-55,-285],[55,-633],[111,-823],[56,-190],[277,-317],[222,-126],[-167,-127],[-55,-412],[55,-126],[-332,-348],[55,-380],[-166,-443],[-111,-222],[-167,0],[-166,190],[-166,-63],[-333,-64],[-333,64],[-277,-64],[-222,32],[-167,-32],[-443,32],[-278,-222],[0,-348],[-332,-63],[-222,-222],[-167,-63],[-443,32],[-777,-222],[-554,-380],[-610,-285],[-167,-221],[-166,-285],[-278,-602],[-110,-253],[-111,63],[-167,127],[-111,285],[-111,190],[-277,0],[-333,-63],[-222,-159],[-111,-221],[-55,-190],[0,-95],[0,-127],[-55,-126],[-56,-95],[-55,-254],[-56,-95],[-55,-190],[-56,-126],[-111,-127],[-55,-95],[0,-190],[-56,-475],[-166,-63],[-55,-158],[-111,-190],[-555,-665],[-555,-728],[-721,32],[-832,-253],[-1164,-1172],[-610,-506],[-500,-63],[-221,-254],[-500,-126],[-277,-32],[-166,-190],[-499,63],[-500,-158],[-277,-380],[-222,0],[0,190],[-277,-126],[-277,-317],[-56,-475],[167,-95],[443,-158],[56,-190],[111,-127],[-56,-285],[0,-474],[-166,-64],[-167,-126],[-111,-127],[-110,-63],[-111,0],[-167,95],[-333,31],[-166,-126],[-499,-253],[-111,-285],[-166,-159],[-278,-158],[-443,0],[-222,-190],[-278,-285],[-166,-95],[-388,-158],[-278,63],[-443,-31],[-388,-570],[-167,-728],[-388,95],[-333,601],[-277,222],[-444,-190],[-111,-190],[111,-507],[-166,-31],[-333,31],[-166,0],[-167,-63],[-277,-158],[-111,-32],[-166,32],[0,95],[-111,63],[-1997,348],[-111,-95],[0,-253],[-55,-126],[-111,-95],[-167,-64],[-111,-63],[-111,-63],[-277,-444],[-111,-126],[-166,-32],[-333,222],[-277,-443],[0,-317],[-111,-791],[-111,-159],[-1442,-158],[222,-158],[-56,-190],[-443,-222],[-555,64],[-499,-190],[-222,-570],[-277,-190],[-222,253],[-388,190],[-222,-380],[-222,-95],[-278,-158],[-221,-253],[-167,-412],[-443,-285],[-111,-158],[-56,-127],[-111,-284],[-55,-159],[0,-158],[111,-285],[0,-443],[55,-190],[111,-95],[166,32],[333,-190],[278,-348],[110,-444],[-610,-791],[-277,-791],[277,-1235],[389,-1868],[0,-538],[-111,-190],[-167,-63],[-166,63],[-166,190],[0,254],[55,284],[277,507],[-554,696],[-56,254],[-166,221],[-167,63],[-221,-126],[-444,-412],[0,-63],[-111,-158],[-111,-95],[-721,-253],[0,-127],[166,-95],[389,-95],[166,-63],[222,126],[222,64],[222,-64],[55,-316],[-55,-159],[-500,-95],[-166,-63],[-55,95],[-111,95],[-111,32],[-111,31],[-111,-63],[0,-95],[55,-126],[56,-95],[-222,-507],[-111,-538],[-111,-538],[167,-317],[166,-380],[222,-158],[222,-95],[277,-348],[222,-95],[277,63],[56,159],[-56,189],[0,127],[277,0],[333,-696],[333,-190],[1165,95],[332,-95],[222,-159],[111,-158],[167,-158],[221,-63],[1054,0],[222,-32],[166,-127],[333,-601],[499,-633],[111,-222],[56,-253],[222,-317],[554,-506],[56,-253],[55,-64],[167,127],[55,63],[111,-63],[55,-127],[56,-285],[55,-158],[111,-95],[167,-63],[277,-158],[499,-792],[333,-316],[1165,-285],[1830,-2153],[222,95],[721,348],[166,64],[499,-697],[111,-126],[278,-159],[110,-126],[222,-317],[0,-63],[0,-285],[0,-348],[56,-317],[-888,-443],[-388,-316],[-111,-254],[56,-316],[111,-633],[-56,-665],[-222,-602],[-277,-506],[-388,-475],[-777,-823],[-998,-633],[-1054,-348],[-1054,-64],[-1608,64],[-1054,-190],[-166,63],[-222,158],[-166,285],[-167,95],[-2939,-253],[-943,-285],[-444,-32],[-1442,412],[-1941,-158],[-444,63],[-998,-95],[-1054,-411],[-998,-570],[-832,-697],[-111,-95],[-167,-221],[-221,-507],[-278,-728],[-277,-285],[-610,-443],[-222,-285],[-1331,-1931],[-610,-443],[-388,-158],[-333,-32],[-167,-126],[-55,-444],[111,-1614],[-56,0],[-166,-253],[-55,-285],[-111,-32],[-333,-190],[-444,-253],[-277,63],[-2163,1330],[-111,95],[-388,633],[-56,95],[-333,-63],[-277,-95],[-1220,-602],[-333,-126],[-333,-32],[-554,32],[-333,-95],[-333,-190],[-111,-127],[-55,-63],[55,-95],[56,-285],[111,-380],[55,-190],[0,-253],[-55,-285],[-56,-127],[-721,127],[-222,760],[-166,379],[-222,-31],[-111,63],[-111,412],[0,854],[-499,-316],[-166,31],[-111,349],[-111,221],[-222,253],[-222,190],[-166,64],[-222,-190],[55,-253],[222,-190],[167,-95],[0,-190],[166,-507],[0,-253],[-111,127],[-166,95],[-167,95],[-166,63],[-166,32],[-111,-32],[-111,32],[-111,94],[-278,285],[-776,1140],[-55,190],[-111,127],[-333,94],[-111,64],[-56,126],[0,222],[56,348],[-111,95],[-222,0],[-166,64],[-278,158],[-110,31],[-666,32],[-277,63],[-610,285],[-389,95],[-388,0],[-277,-126],[0,-317],[277,-316],[388,-254],[278,-95],[554,95],[167,-126],[-111,-349],[166,64],[167,31],[110,0],[167,-95],[-167,-253],[-166,-253],[333,0],[111,32],[111,95],[111,-127],[-167,-190],[-222,-158],[-221,-95],[-222,-64],[-278,0],[-166,127],[-166,190],[-222,190],[-56,-443],[111,-443],[56,