{"type":"Topology","transform":{"scale":[0.0002508170163152446,0.00012125794632973988],"translate":[-31.2861128611286,30.028526643303962]},"objects":{"PRT":{"type":"MultiPolygon","arcs":[[[0]],[[1]],[[2]],[[3]],[[4]],[[5]],[[6]],[[7]],[[8]],[[9]],[[10]],[[11]],[[12]],[[13]],[[14]],[[15]],[[16]]]}},"arcs":[[[60858,28],[0,-28],[-15,14],[-14,28],[29,-14]],[[61518,919],[-14,-56],[-15,14],[-28,14],[-15,14],[0,14],[0,14],[0,14],[43,70],[29,-42],[0,-56]],[[58977,20526],[29,-209],[-143,390],[-29,70],[-29,83],[-14,84],[-14,97],[71,-111],[72,-181],[57,-223]],[[56681,22977],[115,-14],[100,28],[86,97],[58,42],[86,42],[158,28],[57,-42],[129,-153],[43,-42],[201,-278],[58,-42],[43,-14],[143,-14],[72,-28],[72,-69],[43,41],[43,28],[43,-28],[29,-41],[-72,-28],[-129,-126],[-58,-14],[-43,-69],[-129,-279],[-29,-83],[-71,-237],[-158,-111],[-201,-28],[-316,55],[-660,474],[-158,167],[-129,209],[-115,237],[-29,139],[-14,153],[29,111],[57,56],[29,42],[100,237],[29,28],[29,13],[28,-13],[43,-28],[43,-56],[101,-195],[43,-28],[14,-14],[86,-42],[101,-111]],[[59681,25414],[86,-70],[29,56],[0,-237],[14,-97],[43,-70],[-144,56],[-57,0],[-57,-70],[-58,-111],[-43,-84],[-57,-14],[-86,56],[0,56],[43,14],[43,28],[14,55],[58,265],[71,125],[101,42]],[[93397,57331],[-72,-83],[-101,-42],[-115,14],[-86,56],[0,55],[201,-42],[86,42],[87,167],[14,-27],[0,-28],[14,-56],[-28,-28],[0,-28]],[[24989,57248],[29,-167],[-58,-126],[-143,14],[-230,139],[-129,-55],[-72,0],[-29,83],[-28,98],[-43,97],[-29,84],[43,83],[86,126],[144,55],[158,14],[114,-28],[72,-83],[72,-153],[43,-181]],[[22348,64447],[502,-111],[58,28],[115,111],[57,28],[29,-14],[86,-111],[43,-42],[57,56],[417,208],[559,28],[158,-111],[101,-237],[0,-306],[-86,-265],[-158,-111],[-531,-112],[-173,-83],[-201,-28],[-172,14],[-100,-14],[-58,-56],[-115,112],[-100,69],[-230,98],[-344,28],[-488,598],[-144,307],[72,431],[316,42],[100,-42],[144,-195],[14,-69],[0,-98],[15,-69],[28,-56],[29,-28]],[[12918,69307],[29,-195],[-58,-83],[-129,0],[-301,69],[-101,-14],[-72,-41],[-143,-195],[-58,41],[-28,112],[-43,83],[-101,42],[-560,28],[-86,-70],[-258,404],[-101,251],[0,362],[130,181],[129,56],[287,-14],[158,-42],[402,-404],[129,-97],[14,-14],[43,-28],[72,-112],[43,-27],[86,-28],[259,-153],[186,-28],[72,-84]],[[10621,70045],[-57,-55],[-43,0],[-101,55],[-43,0],[-129,-55],[-43,0],[-86,69],[-115,251],[-72,125],[-186,181],[0,70],[129,42],[115,0],[57,14],[43,41],[43,70],[58,153],[43,56],[344,-265],[86,-125],[58,-376],[-29,-14],[-129,-84],[-29,-41],[29,-56],[0,-28],[14,-14],[43,-14]],[[12172,71730],[789,-501],[574,-501],[302,-181],[143,-126],[72,-153],[-58,-42],[-86,-14],[-158,0],[-57,42],[-129,112],[-129,41],[-58,42],[-72,56],[-57,69],[-57,56],[-101,-28],[-72,70],[-57,-70],[-29,42],[-71,139],[-58,56],[-416,223],[-72,83],[-72,223],[-28,28],[-29,0],[-14,-28],[-15,0],[-43,28],[-14,28],[14,42],[0,28],[-43,13],[-29,28],[-186,265],[-15,56],[0,111],[72,-42],[129,-153],[58,-28],[72,-14]],[[16879,71131],[-14,-69],[-14,-28],[-115,-84],[-101,56],[-272,0],[-86,112],[-58,-84],[-43,-14],[-100,98],[-101,41],[-100,14],[-86,56],[-101,153],[-86,195],[-43,167],[-29,251],[86,195],[144,125],[143,56],[603,-70],[115,-83],[172,-154],[129,-181],[15,-167],[-15,-83],[29,-56],[43,-42],[15,-69],[-29,-42],[-86,-56],[-29,-28],[0,-69],[14,-140]],[[88631,72608],[-72,-126],[-28,28],[43,139],[29,126],[57,69],[14,42],[15,14],[28,14],[0,-42],[-28,-125],[-58,-139]],[[13004,74836],[43,-42],[29,56],[57,-140],[129,-181],[72,-111],[29,-139],[-58,-98],[-71,-56],[-72,-14],[-72,0],[-86,28],[-86,56],[-57,98],[-44,125],[0,125],[72,251],[29,42],[43,14],[43,-14]],[[402,78080],[43,-14],[57,56],[72,-153],[43,-139],[0,-349],[-29,-194],[-71,-223],[-86,-140],[-58,70],[-86,-56],[-86,-14],[-72,14],[-57,56],[-43,111],[-29,168],[0,139],[43,83],[-29,140],[29,125],[29,125],[28,153],[15,140],[72,83],[86,28],[71,0],[-28,-111],[28,-56],[58,-42]],[[746,79459],[-129,-42],[0,56],[-72,250],[-14,42],[14,84],[29,83],[58,56],[43,0],[143,-42],[0,-236],[-72,-251]],[[95176,59086],[15,-42],[0,-42],[14,-28],[29,-13],[0,-42],[-29,-70],[-72,84],[-86,41],[-86,0],[-86,-13],[-86,-56],[-158,-181],[-72,-42],[-230,-251],[-28,-69],[-603,-683],[-144,-195],[-57,0],[-57,42],[-87,28],[-244,14],[-71,42],[-29,-98],[-43,14],[-57,56],[-29,28],[29,-98],[14,-55],[14,-70],[-86,209],[-143,209],[-288,264],[-172,56],[-115,98],[-143,-14],[-316,-70],[-143,70],[-144,97],[-115,-97],[-186,-28],[-173,97],[0,-14],[-215,195],[-172,56],[-187,-28],[-57,-28],[-58,-55],[-114,-223],[-244,0],[-58,-28],[-100,-112],[-58,-27],[-57,-14],[-86,-42],[-86,-125],[-86,55],[-72,-125],[-29,-42],[-43,-28],[-86,-111],[-29,-28],[-72,42],[-43,69],[-43,42],[-57,-42],[29,237],[28,112],[15,55],[158,404],[57,223],[57,195],[-43,251],[72,111],[86,153],[58,362],[-29,153],[-29,126],[72,209],[100,209],[29,194],[72,279],[43,376],[29,223],[0,376],[-15,195],[-43,125],[-57,111],[0,98],[57,362],[15,237],[28,209],[58,41],[115,28],[14,195],[0,42],[-29,-56],[-86,-42],[-100,0],[-43,140],[28,418],[58,445],[-15,279],[-14,195],[-72,208],[-129,42],[-158,167],[14,70],[29,28],[29,14],[29,55],[215,739],[72,584],[86,446],[-15,432],[-28,529],[-43,459],[-101,321],[-100,181],[-129,236],[-144,195],[-115,70],[72,98],[86,-56],[144,-209],[186,-111],[86,-70],[0,-111],[173,13],[401,-181],[201,112],[-129,14],[-100,28],[-287,222],[-43,70],[-15,111],[-14,126],[14,97],[15,84],[43,42],[0,55],[-58,42],[-43,84],[-14,125],[29,83],[-72,28],[-72,-264],[-72,-42],[0,-56],[86,-14],[43,-125],[0,-139],[-43,-56],[-86,14],[-86,28],[-143,125],[-144,84],[-201,-56],[-172,-334],[29,-42],[-230,-153],[-388,-84],[-86,-41],[-57,-84],[-72,-28],[-100,56],[-29,0],[0,42],[0,55],[0,56],[14,28],[29,69],[129,195],[15,251],[0,390],[-87,390],[-129,306],[-57,251],[72,70],[186,27],[172,28],[87,-83],[43,-98],[28,0],[-28,167],[57,56],[129,56],[58,14],[0,41],[57,126],[72,97],[115,139],[143,209],[14,14],[15,28],[14,14],[0,56],[-29,111],[-57,153],[-14,181],[28,126],[-100,-14],[-43,125],[-14,209],[-44,195],[173,585],[100,250],[144,182],[86,27],[158,14],[86,56],[143,181],[58,98],[43,125],[-115,-125],[-172,-209],[-345,-70],[-57,-70],[-72,-236],[-186,-446],[-230,-710],[-115,-237],[-43,-111],[-29,-126],[15,-153],[0,-278],[14,-195],[-57,-195],[-201,-112],[-230,-55],[-258,41],[-72,-97],[-72,-139],[-158,153],[-172,125],[-101,28],[-157,-42],[-87,42],[0,167],[29,139],[-57,362],[0,168],[28,83],[44,98],[100,153],[129,668],[-14,502],[-43,306],[43,195],[14,223],[158,445],[43,223],[86,306],[15,307],[28,264],[-57,404],[-43,167],[-144,237],[-28,84],[43,27],[172,-83],[301,306],[72,112],[86,14],[43,-98],[43,-14],[43,70],[-28,111],[-58,98],[58,167],[86,167],[43,97],[72,70],[114,125],[58,154],[43,125],[72,237],[14,139],[-14,167],[57,223],[29,306],[301,1337],[503,2326],[57,125],[57,-112],[58,-55],[158,0],[0,55],[-58,98],[-57,70],[-72,41],[-186,42],[-72,70],[-43,111],[0,181],[43,237],[129,376],[258,1643],[58,515],[86,376],[43,488],[14,28],[15,14],[14,-168],[-14,-55],[86,209],[57,69],[58,-55],[28,0],[0,55],[-14,28],[-14,42],[-15,56],[15,41],[43,42],[14,-28],[14,-42],[29,-27],[29,27],[43,56],[43,139],[-58,70],[-43,98],[15,83],[72,42],[100,14],[72,42],[57,69],[58,98],[-58,-14],[-100,-84],[-86,-28],[-15,0],[-28,-14],[-87,70],[-28,70],[-43,222],[158,335],[-44,181],[0,-140],[-28,-111],[-29,-28],[-14,112],[-58,-181],[-43,-209],[-28,-223],[-15,-209],[-14,-139],[-43,-195],[-58,-167],[-43,-98],[373,2813],[0,307],[-43,543],[0,292],[72,111],[0,56],[-143,56],[-86,223],[-44,292],[-71,223],[14,111],[-14,98],[-15,83],[-28,112],[14,250],[-29,84],[-28,14],[-15,83],[-14,84],[-58,153],[-14,126],[0,97],[-14,237],[43,278],[-43,181],[-15,181],[-14,112],[-14,139],[-43,251],[-15,181],[-28,139],[-15,153],[-29,139],[0,195],[15,98],[86,55],[244,56],[72,56],[57,70],[58,83],[-445,-209],[-87,-14],[-57,14],[-72,70],[-71,264],[0,237],[28,362],[-28,237],[14,97],[29,70],[287,362],[129,237],[57,306],[43,56],[86,70],[101,55],[86,84],[29,83],[43,167],[29,84],[71,84],[72,13],[144,14],[71,42],[144,153],[72,42],[617,153],[72,56],[100,139],[29,42],[28,14],[72,0],[72,42],[129,139],[29,-84],[43,-125],[-14,-362],[14,-125],[43,-70],