{"type":"Topology","transform":{"scale":[0.00008406168122521837,0.00008301128870032051],"translate":[-62.64962649626496,-27.587418382363623]},"objects":{"PRY":{"type":"MultiPolygon","arcs":[[[0]]]}},"arcs":[[[53404,89421],[43,-203],[43,-41],[128,21],[43,-41],[86,-81],[128,-122],[43,-143],[-471,-142],[-86,-204],[86,-223],[214,-143],[86,21],[43,61],[85,81],[129,0],[85,-41],[86,-101],[43,-102],[-86,-346],[0,-305],[86,-285],[86,-203],[214,-224],[257,-183],[257,-143],[214,-40],[171,-102],[0,-224],[-214,-345],[0,-245],[0,-305],[43,-284],[128,-285],[43,-143],[-43,-264],[43,-163],[171,-244],[43,-122],[0,-142],[-86,-224],[0,-143],[86,-142],[86,-81],[128,20],[86,427],[171,82],[172,-21],[171,-122],[43,-61],[85,-183],[43,-81],[86,-61],[171,-122],[86,-102],[43,-122],[-86,-81],[-129,-61],[-257,-61],[-128,-62],[-128,-142],[-172,-122],[-85,-122],[85,-61],[300,-41],[257,-40],[171,-122],[172,-184],[0,-223],[-129,-122],[-471,-265],[-128,-142],[42,-143],[86,-61],[86,-20],[42,-20],[43,0],[300,-224],[257,-285],[86,0],[43,224],[214,-183],[42,-265],[-128,-284],[-300,-468],[0,-183],[172,-366],[85,-529],[-43,-570],[-171,-508],[-300,-367],[-300,-244],[-85,-101],[0,-143],[43,-101],[85,-61],[43,-61],[86,-123],[214,-61],[128,-122],[-85,-305],[-814,-1159],[-171,-407],[-43,-264],[0,-265],[86,-203],[214,-102],[128,-102],[-85,-244],[-172,-264],[-85,-204],[85,-203],[129,-224],[128,-163],[129,-81],[85,-122],[-556,-793],[42,-244],[43,-204],[-43,-244],[-128,-264],[-86,-204],[86,-163],[171,-203],[86,-285],[-43,-142],[-257,-488],[-128,-102],[-43,-122],[-257,-712],[0,-163],[0,-183],[0,-122],[171,-81],[129,-102],[128,-203],[129,-143],[428,-122],[128,0],[172,82],[85,0],[129,-61],[171,-163],[43,-41],[128,20],[214,163],[129,0],[86,-40],[128,20],[129,81],[-43,21],[0,61],[43,61],[0,40],[42,0],[129,-40],[43,0],[257,101],[128,-20],[171,-41],[257,-20],[129,41],[86,40],[85,21],[129,-41],[171,-488],[128,-244],[172,-143],[214,-40],[257,40],[128,41],[43,20],[43,21],[171,-21],[86,-20],[257,-183],[471,102],[86,0],[257,-82],[128,-20],[171,-61],[386,-224],[85,0],[43,61],[86,-20],[214,-102],[129,0],[42,81],[43,61],[0,41],[171,-20],[557,-122],[214,40],[300,245],[171,40],[43,-61],[43,-183],[86,-61],[128,-20],[43,40],[86,41],[85,20],[214,-20],[343,-122],[86,-61],[0,-20],[43,-61],[42,-41],[215,-41],[85,-20],[43,0],[86,20],[171,41],[385,-20],[172,0],[299,-82],[129,0],[128,82],[0,-204],[43,-40],[129,20],[85,0],[215,-102],[128,-20],[128,325],[129,-183],[128,-305],[43,-163],[257,-40],[172,61],[256,285],[86,101],[43,82],[43,20],[128,-61],[86,20],[428,102],[86,-20],[0,-41],[43,-20],[85,61],[86,81],[86,224],[42,40],[215,-81],[385,-447],[214,-41],[43,102],[-129,203],[86,81],[129,41],[85,41],[429,285],[128,122],[171,345],[43,21],[86,40],[43,61],[85,183],[0,82],[214,244],[86,122],[129,102],[214,61],[856,142],[171,-20],[129,-122],[300,-733],[300,-406],[342,-326],[685,-366],[343,-325],[214,-123],[171,-40],[2056,-102],[171,41],[129,81],[171,-81],[171,-122],[215,-82],[728,-81],[214,-122],[43,81],[128,244],[600,-752],[471,-346],[128,-122],[86,-305],[43,-1017],[85,-427],[214,-387],[300,-325],[386,-204],[257,-81],[171,-82],[86,-142],[42,-264],[-42,-82],[-43,-203],[-43,-102],[43,-102],[85,-203],[0,-102],[-128,-407],[-214,-345],[-129,-366],[0,-448],[300,-915],[0,-224],[-86,-407],[43,-203],[300,-346],[129,-183],[85,-224],[-85,-448],[0,-203],[128,-142],[343,-204],[42,-101],[257,-895],[0,-204],[-257,-549],[-42,-204],[85,-264],[343,-366],[128,-224],[0,-366],[-342,-671],[43,-427],[85,-346],[0,-61],[0,-427],[43,-407],[214,-305],[514,-529],[257,-753],[171,-2319],[129,-325],[257,-265],[385,-142],[728,-61],[386,-82],[428,-142],[428,-81],[429,40],[385,183],[343,143],[728,0],[385,102],[171,81],[429,20],[214,41],[171,102],[257,325],[171,163],[771,386],[1542,509],[214,102],[300,305],[171,81],[300,-81],[2056,-1058],[214,-163],[685,-854],[1113,-631],[300,-162],[43,0],[-257,-204],[-428,-285],[-300,-325],[-86,-387],[0,-183],[172,-386],[42,-448],[129,-162],[257,-346],[86,-265],[171,-386],[0,-346],[-129,-366],[-128,-265],[-471,-630],[-129,-407],[0,-366],[172,-814],[-43,-407],[-428,-1240],[-129,-428],[-343,-447],[-85,-204],[-557,-2176],[-128,-427],[0,-224],[0,-203],[85,-224],[300,-468],[43,-224],[-86,-224],[-428,-325],[-129,-224],[-256,-793],[-300,-427],[-214,-265],[-343,-285],[-257,-447],[-171,-427],[0,-143],[0,-244],[43,-264],[85,-224],[86,-224],[0,-305],[-86,-285],[0,-20],[-43,-224],[215,-386],[42,-244],[-214,-102],[-385,20],[-129,-101],[0,-326],[214,-630],[43,-244],[43,-163],[300,-305],[43,-143],[0,-264],[-129,-224],[-128,-183],[-43,-203],[86,-529],[0,-224],[-86,-183],[-129,-41],[-257,-20],[-128,-41],[-43,-122],[0,-122],[43,-122],[43,-366],[128,-387],[0,-264],[-257,-773],[43,-183],[214,-244],[43,-163],[-43,-122],[-171,-183],[-86,-163],[0,-20],[0,-61],[0,-244],[0,-549],[-171,-367],[0,-61],[-43,-81],[-128,-732],[-43,-183],[-129,-183],[-342,-367],[-343,-264],[-171,-183],[-129,-224],[43,-163],[43,-183],[43,-223],[0,-265],[-43,-305],[-128,-264],[-172,-183],[-85,-62],[-86,21],[-43,61],[-85,61],[-557,0],[-257,-81],[-214,-163],[-129,-244],[-171,-550],[-86,-223],[-85,-163],[-172,-183],[-214,-102],[-557,-41],[-257,-81],[-770,-691],[-86,-204],[171,-488],[-43,-265],[-214,-142],[-257,-41],[-471,21],[-171,61],[-214,101],[-257,102],[-300,0],[-599,-305],[-557,-61],[-214,-61],[-214,-122],[-215,-203],[-128,-224],[-86,-244],[0,-570],[-128,-183],[-300,-20],[-343,20],[-214,-20],[-171,-183],[-43,-265],[-43,-203],[-214,-102],[-300,-61],[-42,-183],[299,-509],[43,-122],[43,-142],[-43,-122],[-128,-244],[0,-82],[43,-101],[-43,-163],[-86,-285],[-214,-203],[-257,-122],[-300,-41],[-300,-244],[-428,-448],[-471,-325],[-728,366],[-300,82],[-128,61],[-129,122],[-171,447],[-171,244],[-257,82],[-257,-21],[-300,-20],[-43,-20],[-257,0],[-257,40],[-771,285],[-42,0],[-257,61],[-300,20],[-343,-162],[-214,-143],[-428,-468],[-257,-101],[-343,-82],[-300,-142],[-42,-264],[42,-326],[-42,-264],[-129,-244],[-257,-224],[-214,-305],[-171,-387],[-214,-285],[-386,-81],[-385,142],[-343,265],[-300,325],[-257,326],[-471,529],[-771,122],[-299,-82],[-557,-142],[-600,-427],[-428,-82],[-428,244],[-728,651],[-429,163],[-428,-41],[-428,-162],[-1199,-590],[-386,-82],[-471,21],[-85,20],[-300,0],[-129,41],[-85,61],[-343,244],[-128,61],[-514,142],[-129,21],[-128,61],[-86,81],[-171,163],[-129,61],[-257,61],[-42,20],[-300,0],[-1199,-163],[-300,41],[-86,21],[-171,61],[-1970,874],[-129,61],[-1199,224],[-514,163],[-556,101],[-129,21],[-385,142],[-685,143],[-257,40],[-343,0],[-728,-101],[-171,-21],[-1328,163],[-3212,-264],[-1071,-407],[-42,-41],[42,590],[-42,244],[-129,244],[-300,183],[-171,163],[-43,142],[43,346],[171,244],[257,163],[600,81],[85,122],[-42,204],[0,203],[42,102],[43,102],[43,81],[86,102],[128,40],[43,-40],[43,-82],[0,-61],[0,-20],[86,-61],[85,-20],[86,61],[0,203],[0,81],[43,102],[128,163],[214,244],[86,163],[-171,142],[-43,163],[85,162],[215,102],[514,143],[256,81],[129,163],[86,101],[556,41],[172,122],[-86,224],[-214,142],[-129,163],[129,264],[214,61],[214,-61],[171,-20],[172,142],[-43,102],[-86,143],[0,122],[172,40],[171,0],[86,21],[42,61],[0,935],[86,245],[43,122],[43,20],[42,-41],[386,-61],[128,0],[86,82],[-43,101],[-43,102],[-85,102],[0,142],[43,41],[214,142],[85,61],[-85,82],[-86,162],[-86,82],[-257,183],[-85,81],[-43,203],[43,184],[85,183],[0,203],[43,102],[172,101],[42,143],[-299,244],[-43,142],[85,204],[429,630],[43,183],[42,183],[-85,387],[0,203],[128,82],[171,40],[257,102],[215,143],[0,162],[-172,122],[-214,82],[-128,122],[0,224],[85,-41],[129,-61],[43,-61],[42,-82],[129,122],[86,245],[128,406],[129,122],[770,245],[386,223],[1370,936],[172,183],[0,163],[-557,163],[85,183],[429,305],[43,101],[85,122],[0,143],[-300,81],[-42,82],[42,81],[257,102],[257,122],[172,101],[85,61],[129,163],[-214,407],[-43,224],[214,101],[214,82],[214,163],[214,183],[129,162],[-129,21],[-128,40],[-86,82],[-85,101],[257,346],[128,122],[257,102],[128,20],[129,-20],[128,20],[129,61],[43,102],[43,265],[42,61],[343,-41],[171,0],[86,81],[43,265],[128,101],[172,21],[171,142],[43,224],[171,1037],[-43,204],[-86,142],[-128,