{"type":"Topology","transform":{"scale":[0.000013752275044125558,0.000013306121947895144],"translate":[34.198541985419865,31.21221930949173]},"objects":{"PSE":{"type":"MultiPolygon","arcs":[[[0]],[[1]]]}},"arcs":[[[3665,0],[-1309,3553],[-524,1269],[-1832,2792],[1832,1015],[1048,1142],[3141,2539],[1571,2411],[3403,2284],[1309,2284],[5497,4949],[2618,3300],[261,381],[2095,-1650],[1309,-1523],[0,-1650],[-2356,-1903],[-262,0],[-1047,-635],[-8115,-6979],[-1571,-2665],[0,-1269],[523,-2538],[-261,-1269],[-2356,-2539],[-3927,-2411],[-1047,-888]],[[98952,88070],[262,-507],[261,-762],[-523,0],[0,635],[-524,0],[0,-635],[262,-634],[0,-2285],[785,-1142],[-261,-888],[-262,-1396],[262,-1396],[785,-888],[-524,-254],[-261,-127],[-262,-254],[0,-507],[1047,0],[-1047,-3554],[-262,-1142],[262,-888],[0,-635],[-524,-253],[-523,-254],[0,-508],[523,-380],[-1309,-1904],[0,-888],[786,-889],[-1309,-888],[-262,-1269],[0,-3553],[785,-1650],[262,-888],[0,-1015],[262,-635],[262,-761],[0,-635],[-262,-381],[-524,-127],[-523,-126],[-262,-635],[1833,-6091],[-786,-889],[0,-507],[1571,-4061],[-2356,-2284],[-1833,-3807],[-1570,-3300],[-1047,-5457],[-524,-5583],[0,-127],[0,-127],[0,127],[-4974,-381],[-4188,-2157],[-7853,-5838],[-4451,-1396],[-8900,0],[-4450,-507],[-1833,-508],[-2094,-254],[-1832,254],[-1571,1015],[-785,2538],[1047,2538],[3141,4823],[524,2411],[0,2157],[261,2031],[1309,2030],[0,254],[1309,1396],[6021,3807],[2356,2284],[1309,1015],[1571,508],[4450,888],[262,-380],[523,-127],[262,127],[262,380],[0,1650],[0,1269],[-524,888],[-1309,762],[-4974,1015],[-3926,1523],[-1047,254],[-524,-381],[-1309,-1142],[-523,-381],[-524,-127],[-1309,0],[-2356,381],[-785,1269],[262,254],[523,1015],[1833,634],[2094,1016],[-1047,2538],[-1309,2918],[262,2285],[0,253],[0,254],[0,254],[0,254],[0,127],[0,1649],[0,1396],[-786,7107],[-523,1269],[-1047,2411],[0,635],[1047,1142],[2879,2284],[524,888],[262,1016],[-262,761],[-524,508],[-785,253],[262,1016],[262,2411],[261,888],[262,254],[1047,254],[262,253],[524,1523],[261,1269],[786,3934],[1309,2158],[2094,1142],[2094,1015],[2356,1142],[1832,1904],[1048,634],[1308,127],[0,-127],[1048,-381],[2094,-1522],[1309,-381],[4450,127],[2094,-127],[2356,-1269],[524,-1777],[0,-2284],[523,-1904],[1833,-507],[1570,0],[1833,-381],[5759,-1396]]]}