{"type":"Topology","transform":{"scale":[0.00019595191901878515,0.00019690696451066662],"translate":[-154.5369453694537,-27.64145285499987]},"objects":{"PYF":{"type":"MultiPolygon","arcs":[[[0]],[[1]],[[2]],[[3]],[[4]],[[5]],[[6]],[[7]],[[8]],[[9]],[[10]],[[11]],[[12]],[[13]],[[14]],[[15]],[[16]],[[17]],[[18]],[[19]],[[20]],[[21]],[[22]],[[23]],[[24]],[[25]],[[26]],[[27]],[[28]],[[29]],[[30]],[[31]],[[32]],[[33]],[[34]],[[35]],[[36]],[[37]],[[38]],[[39]],[[40]],[[41]],[[42]],[[43]],[[44]],[[45]],[[46]],[[47]],[[48]],[[49]],[[50]],[[51]],[[52]],[[53]],[[54]],[[55]],[[56]],[[57]],[[58]],[[59]],[[60]],[[61]],[[62]],[[63]],[[64]],[[65]],[[66]],[[67]],[[68]],[[69]],[[70]],[[71]],[[72]],[[73]],[[74]],[[75]],[[76]],[[77]],[[78]],[[79]],[[80]],[[81]],[[82]],[[83]],[[84]],[[85]],[[86]],[[87]]]}},"arcs":[[[52177,9],[-56,-9],[-73,43],[-37,86],[-18,154],[55,137],[110,35],[92,-52],[37,-43],[37,-43],[-19,-25],[-73,-60],[-19,-18],[19,-8],[0,-95],[18,-8],[-37,-60],[-36,-34]],[[35054,19141],[-166,-26],[-55,0],[-73,26],[0,42],[92,26],[92,26],[220,8],[-18,-34],[-37,-26],[-18,-17],[-37,-25]],[[25886,21559],[-220,-17],[-55,25],[-37,52],[0,86],[18,25],[74,17],[128,9],[129,-43],[37,-77],[-74,-77]],[[99962,23077],[-183,-206],[-56,8],[-36,9],[-92,51],[0,35],[110,8],[165,129],[129,34],[-37,-68]],[[16167,26044],[-18,-9],[-18,0],[-19,137],[-55,121],[-37,111],[56,103],[55,-9],[36,-51],[56,-69],[18,-43],[-18,-128],[-19,-137],[-37,-26]],[[93697,28496],[-55,-17],[129,103],[0,-17],[-18,-34],[-56,-35]],[[80065,29303],[-422,0],[92,42],[110,-17],[110,-17],[110,-8]],[[71100,30143],[-129,-77],[-147,43],[-92,120],[19,154],[110,60],[92,-69],[147,-231]],[[97317,31138],[55,-95],[-349,215],[110,-17],[92,-35],[92,-68]],[[92669,31395],[0,-43],[-37,26],[-55,0],[-37,-9],[-55,-34],[55,60],[55,17],[74,-17]],[[91897,31952],[-74,-51],[56,60],[-19,26],[-37,25],[-36,9],[92,26],[36,-35],[-18,-60]],[[91346,32038],[0,-43],[-55,69],[-19,26],[37,0],[18,-18],[19,-34]],[[90813,32107],[-18,17],[18,-9],[18,0],[-18,-8]],[[90831,32210],[37,-35],[18,-60],[-18,0],[0,9],[0,8],[-18,9],[-19,17],[-18,26],[-18,0],[-37,-26],[37,52],[36,0]],[[78559,34722],[-19,0],[56,26],[-37,-17],[0,-9]],[[81627,34842],[110,-171],[37,-223],[-110,-95],[73,86],[19,52],[-129,308],[-18,26],[-19,9],[-92,-26],[19,17],[55,17],[18,0],[37,0]],[[72147,40528],[-73,-17],[91,68],[55,52],[-18,60],[-128,77],[36,17],[55,-26],[74,-51],[18,-52],[0,-68],[-55,-34],[-55,-26]],[[78283,42106],[-36,-43],[18,43],[-18,25],[0,18],[-19,25],[-37,9],[56,0],[36,-26],[0,-51]],[[80359,42440],[-36,-26],[-37,9],[-19,0],[-18,26],[55,8],[37,0],[18,-17]],[[67866,42903],[55,-77],[-18,-94],[-18,77],[-37,51],[-74,18],[-55,-26],[74,68],[73,-17]],[[70640,43281],[129,-60],[37,-112],[-129,-43],[92,95],[-55,51],[-129,17],[-91,-26],[146,78]],[[80341,45030],[0,-17],[-184,94],[37,0],[37,-8],[73,-18],[37,-34],[0,-17]],[[92264,46608],[166,-60],[147,-94],[73,-78],[257,-94],[129,-86],[-37,-111],[0,8],[0,26],[0,34],[-18,35],[-18,43],[-56,25],[-55,26],[-165,51],[-37,18],[-37,25],[-18,26],[-55,43],[-239,120],[-55,17],[-18,-26],[0,-42],[0,-18],[-19,18],[0,25],[-18,17],[-37,9],[110,43]],[[70714,46917],[37,-69],[0,17],[-37,60],[-74,60],[-293,129],[-92,68],[-37,60],[-18,18],[128,-95],[349,-180],[37,-68]],[[89582,47260],[55,-138],[-478,489],[129,-60],[147,-128],[147,-163]],[[69942,47997],[37,-137],[-129,180],[-238,172],[-111,205],[-55,60],[-220,180],[37,-34],[202,-86],[128,-231],[111,-103],[146,-103],[92,-103]],[[58515,49772],[55,-128],[0,-9],[-18,26],[-37,43],[-18,51],[-19,-43],[-18,-26],[-37,0],[-18,26],[55,77],[55,-17]],[[70126,49661],[-92,0],[-73,17],[-55,26],[0,60],[18,60],[55,120],[110,103],[111,180],[183,111],[368,163],[110,69],[129,-17],[36,-103],[-55,-103],[-92,-86],[-165,-180],[-239,-137],[-165,-120],[-129,-138],[-55,-25]],[[19879,50664],[-19,-60],[-55,43],[74,69],[0,-52]],[[61124,50999],[-92,-112],[55,103],[-367,352],[128,-78],[184,-128],[92,-137]],[[26713,50424],[202,-51],[404,-43],[110,-129],[74,-232],[-37,-222],[-184,-121],[-73,18],[-276,77],[-91,34],[-166,206],[-128,223],[-37,180],[-37,34],[-37,0],[-36,-34],[-19,-51],[-18,-18],[-110,-17],[-294,-94],[-111,0],[-73,8],[-165,60],[-294,43],[-55,35],[-92,300],[-37,43],[-55,34],[-37,86],[-37,103],[-18,94],[37,240],[147,146],[202,77],[239,60],[220,17],[239,-34],[202,-86],[184,-111],[36,-52],[56,-68],[18,-78],[18,-94],[-18,-334],[18,-103],[129,-146]],[[24251,51607],[-110,-223],[-74,-137],[-110,-86],[-92,0],[-128,61],[-147,102],[-111,120],[-36,95],[55,60],[92,43],[92,0],[36,-43],[19,-52],[36,0],[37,18],[19,17],[36,8],[37,17],[37,9],[55,-34],[18,60],[37,34],[73,9],[74,0],[55,-26],[0,-52]],[[56714,51796],[56,-77],[-129,94],[-184,43],[92,9],[92,-26],[73,-43]],[[46591,51796],[129,-214],[-275,343],[91,-52],[55,-77]],[[66856,52096],[0,-34],[0,26],[0,8],[-19,77],[-18,43],[-55,35],[-74,17],[-73,8],[110,17],[92,-34],[37,-86],[0,-17],[0,-60]],[[82105,52208],[36,-26],[-110,0],[0,34],[0,17],[19,35],[55,85],[110,43],[-147,-128],[-18,-35],[0,-8],[36,-9],[19,-8]],[[45636,52396],[74,-300],[-37,69],[-18,60],[-19,77],[0,94]],[[58552,54000],[-19,-9],[-36,0],[-19,18],[-37,8],[-36,34],[-19,18],[-18,25],[55,0],[55,-17],[37,-34],[37,-43]],[[25335,54103],[-73,-60],[0,17],[0,17],[18,34],[37,18],[18,0],[18,8],[-18,-34]],[[3142,54900],[-19,0],[-36,60],[-56,163],[-36,69],[36,0],[19,-26],[18,-43],[0,-51],[37,-52],[37,-68],[0,-52]],[[18152,55055],[-19,-43],[-55,8],[0,-34],[-18,-17],[-37,-17],[-37,0],[-92,77],[-36,34],[-19,43],[37,69],[55,26],[55,0],[37,17],[18,43],[37,-9],[55,-34],[19,-60],[0,-35],[0,-68]],[[16186,54720],[-184,-94],[-73,-17],[-37,34],[-37,0],[0,-51],[-18,-26],[-37,-17],[-37,-9],[-55,0],[-92,60],[-55,172],[-37,463],[19,77],[55,60],[73,9],[92,-18],[92,-42],[37,-35],[55,-128],[312,-395],[-73,-43]],[[53371,55475],[73,-69],[55,-94],[19,-51],[-74,60],[-55,94],[-73,43],[-111,-95],[0,26],[0,17],[19,43],[147,26]],[[17876,55252],[-73,-17],[-19,60],[-18,60],[18,60],[55,120],[37,60],[18,9],[19,-78],[92,-163],[0,-25],[-37,-17],[-37,-35],[-55,-34]],[[52875,55792],[36,-60],[-55,17],[-36,26],[-74,52],[18,34],[56,-17],[55,-52]],[[56623,55972],[110,-77],[165,-171],[-330,223],[-276,-9],[-221,26],[441,34],[111,-26]],[[55759,55921],[202,-26],[-257,17],[-202,155],[-202,103],[184,-35],[275,-214]],[[15616,56127],[-18,-26],[110,9],[55,-9],[19,-17],[0,-17],[36,-43],[0,-26],[-18,-26],[-37,-17],[-55,-26],[0,-162],[-18,-69],[-55,26],[-37,17],[-276,120],[-36,26],[0,34],[36,180],[55,60],[111,17],[147,-8],[-19,-43]],[[14238,56564],[0,-111],[-73,0],[-74,68],[-36,95],[18,77],[73,34],[56,-60],[36,-103]],[[54675,56495],[37,-111],[-37,9],[-128,223],[-166,120],[-165,60],[-110,42],[18,0],[110,-25],[166,-26],[73,-34],[147,-163],[55,-95]],[[11703,56864],[-55,-34],[-55,17],[18,34],[92,-17]],[[52489,56778],[-18,-85],[-19,103],[-18,34],[-147,180],[73,-51],[92,-86],[37,-95]],[[51589,57482],[0,-18],[73,26],[92,-17],[74,-43],[36,-34],[-165,51],[-92,-17],[-55,69],[37,-9],[0,-8]],[[41888,58425],[-55,-129],[-147,17],[-110,60],[-55,86],[73,112],[147,43],[111,-69],[36,-120]],[[46151,57422],[55,-69],[-92,60],[-147,292],[-129,137],[-110,248],[-73,258],[-74,120],[-37,249],[0,-86],[37,-120],[55,-103],[55,-43],[37,-60],[37,-266],[36,-60],[19,-43],[202,-231],[129,-283]],[[45544,58854],[-496,-43],[257,94],[147,26],[92,-77]],[[61528,59025],[-257,-454],[36,120],[74,128],[73,120],[74,86]],[[73543,59360],[92,-35],[-18,-85],[-37,77],[-129,8],[-147,-85],[111,94],[128,26]],[[47547,59634],[275,-257],[-349,309],[74,-52]],[[44093,59737],[-18,-51],[-258,248],[184,-120],[92,-77]],[[69795,60037],[-91,-94],[-56,8],[-36,18],[0,34],[36,34],[147,17],[37,0],[-37,-17]],[[32133,59814],[-55,-17],[-111,69],[-36,120],[18,103],[73,34],[19,-26],[55,-120],[37,-43],[55,-43],[0,-43],[-55,-34]],[[41117,60029],[-19,-26],[-36,94],[-19,43],[-37,43],[19,-17],[55,-43],[18,-60],[19,-34]],[[92,60020],[-37,-26],[-18,9],[36,34],[19,60],[-19,34],[-18,35],[-55,8],[55,17],[37,-34],[0,-51],[18,-60],[-18,-26]],[[48374,59754],[0,-137],[-92,223],[-276,412],[-165,102],[147,-25],[73,-95],[129,-231],[147,-155],[37,-94]],[[50615,60406],[-55,-43],[-55,0],[-37,