{"type":"Topology","transform":{"scale":[0.000008640172802592133,0.00001600787259721395],"translate":[50.75150751507516,24.559224866153897]},"objects":{"QAT":{"type":"MultiPolygon","arcs":[[[0]]]}},"arcs":[[[6667,11709],[2083,105],[2917,1372],[833,1582],[-833,5907],[-1250,1582],[-5000,4536],[0,949],[1250,1794],[0,1160],[0,1160],[-834,528],[-2916,844],[-834,2215],[-416,2215],[-834,1477],[834,1160],[-417,1266],[-417,1477],[0,1371],[834,3375],[0,1266],[-1667,4747],[1250,2637],[0,1266],[-1250,738],[2917,2004],[2500,-1371],[2500,-2110],[3333,-211],[-2083,2532],[-417,1055],[0,1160],[0,633],[417,739],[416,843],[-833,739],[-833,316],[-2500,211],[-1667,317],[1250,844],[1667,211],[1666,0],[1667,421],[417,422],[416,950],[834,211],[416,-211],[834,-528],[833,-105],[833,-528],[-416,-1054],[-834,-1688],[0,-1266],[417,-527],[833,-1161],[417,-316],[833,-317],[1250,106],[0,211],[0,316],[417,1477],[416,1477],[417,633],[1250,633],[833,-211],[834,-422],[1666,0],[834,422],[1666,1793],[834,844],[-3334,-633],[-2916,-317],[-2500,528],[-1667,1688],[0,843],[833,2954],[0,317],[1250,421],[417,317],[-417,316],[-416,317],[0,316],[0,1899],[1666,-211],[417,422],[417,738],[833,317],[833,-211],[834,-528],[416,-738],[0,-738],[1667,527],[1250,844],[0,1055],[-417,1055],[-833,-422],[-1667,844],[0,1371],[3334,3586],[416,1161],[417,2848],[833,-317],[417,-211],[417,-316],[416,0],[2917,3692],[2083,1687],[3334,633],[1666,211],[5000,950],[834,316],[833,950],[2500,1371],[833,949],[2083,-422],[2500,422],[4167,1266],[9167,-2426],[1666,-1055],[417,-1160],[-417,-1583],[0,-1371],[1250,-527],[2500,-422],[417,-1055],[417,-1266],[416,-1160],[1667,-844],[1667,-106],[833,-105],[5000,211],[2916,-106],[2084,-421],[2083,-528],[2083,-738],[1250,-739],[1250,-949],[834,-1055],[2083,-6856],[0,-844],[-417,-739],[-833,-316],[-833,211],[-417,949],[-833,211],[-1250,-316],[-834,-528],[-416,-738],[416,-633],[834,-422],[1250,0],[416,422],[417,422],[2083,-1371],[-1666,-1477],[-2084,-422],[-416,1582],[-1667,-211],[-4167,-1055],[1667,-316],[2083,-527],[1250,-633],[834,-633],[-417,-1372],[-1667,-527],[-2083,-316],[-1667,-422],[-833,316],[-417,106],[0,-3270],[0,-950],[0,-105],[-833,-528],[-833,-527],[-834,-633],[417,-633],[4167,-3586],[833,-844],[0,-950],[-417,-2637],[-416,-3270],[416,-1371],[417,-738],[1667,-317],[6666,-527],[834,-528],[1250,-1266],[416,-1054],[417,-1161],[0,-5168],[-1250,-6435],[833,-738],[-1250,-528],[-1666,-3797],[-1667,-1161],[-3750,-2215],[-1250,-1476],[-833,-317],[-1250,-105],[-834,-211],[-416,-633],[-2917,-5591],[-417,-316],[-416,-739],[-1250,-527],[-833,-1161],[-834,-2637],[-1250,-949],[-5000,-1371],[-833,-422],[-417,-1477],[-1666,-949],[-1667,-739],[-833,-949],[-1667,949],[417,844],[1250,1055],[416,1266],[-833,633],[-2083,211],[-4167,-211],[0,1055],[-833,0],[-1250,-422],[-1250,-211],[-2084,-106],[-2083,-422],[-833,-633],[416,-422],[0,-105],[-7916,-3059],[-5833,-950],[-6667,-105],[-7083,527],[-5834,1266],[-5416,3059],[-8333,6857]]]}