{"type":"Topology","transform":{"scale":[0.00009457389146837196,0.00004625059392802629],"translate":[20.241202412024137,43.650279479447704]},"objects":{"ROU":{"type":"MultiPolygon","arcs":[[[0]]]}},"arcs":[[[84164,39174],[114,-255],[38,0],[228,36],[305,-255],[228,-402],[-76,-438],[343,-1168],[190,-511],[228,-256],[191,-73],[380,-292],[914,-365],[875,-657],[1409,-438],[419,73],[304,0],[152,73],[115,219],[-305,182],[-76,110],[-38,146],[-38,219],[38,146],[304,219],[-38,329],[38,328],[267,73],[152,-73],[305,-292],[228,-36],[114,-146],[191,-256],[228,-183],[228,110],[38,146],[38,438],[77,183],[76,73],[76,36],[228,0],[153,110],[532,657],[457,182],[153,110],[152,219],[114,73],[228,37],[77,36],[38,183],[76,146],[152,182],[228,183],[191,36],[152,-73],[228,0],[115,73],[76,73],[76,110],[76,146],[76,73],[114,-37],[153,-73],[76,-73],[837,-109],[1447,-767],[494,-621],[115,-109],[266,-329],[152,-730],[77,-840],[-153,-620],[76,-146],[0,-146],[-38,-183],[-38,-146],[-76,37],[-304,0],[0,-146],[152,-329],[114,-365],[190,-292],[343,-73],[-228,-365],[-115,-584],[-114,-1935],[-38,-365],[-152,-585],[-38,-328],[0,-329],[-38,-328],[-76,-219],[76,-439],[-267,-620],[153,-402],[-77,-255],[-76,-73],[-114,-37],[-114,-73],[-152,-329],[-77,-109],[-190,146],[-114,-37],[-114,-73],[-114,-36],[-2056,-475],[-1332,-109],[-381,-183],[-1066,-1095],[-304,-438],[-267,-548],[-76,183],[38,292],[-152,401],[-76,329],[228,146],[267,73],[380,292],[419,146],[228,256],[191,365],[76,511],[-38,256],[-152,292],[-305,474],[38,-328],[38,-183],[0,-219],[-190,37],[-152,-146],[-115,-73],[-152,328],[-38,402],[0,1278],[76,438],[495,255],[152,292],[-114,219],[-457,438],[-114,73],[-343,0],[-342,183],[-114,-36],[-38,-110],[0,-219],[-77,-183],[-114,-73],[-228,-36],[-114,-73],[-381,-511],[-114,-256],[-76,-474],[0,-110],[114,-110],[38,-146],[-38,-109],[-38,-73],[-38,-37],[-38,-73],[38,-182],[76,-183],[76,-109],[228,-146],[533,-767],[-152,-219],[-38,-73],[-114,0],[114,-146],[38,0],[0,-183],[-152,-109],[0,-219],[76,-219],[152,-183],[-114,-109],[-114,-37],[-495,-36],[-76,-73],[-647,-548],[-114,-146],[-115,-329],[0,-255],[76,-146],[153,219],[-38,-292],[-229,-73],[-38,-329],[38,-328],[76,-110],[571,146],[267,219],[228,329],[229,438],[-153,438],[724,-365],[152,-183],[76,-365],[-114,-438],[-191,-329],[-228,-109],[190,365],[153,402],[38,365],[-229,219],[0,-183],[76,-146],[-38,-73],[-190,-73],[-152,146],[-76,0],[-38,-36],[-38,-110],[-77,-146],[-190,-219],[-342,-511],[-191,-146],[-495,-402],[-152,-182],[190,511],[38,219],[-152,36],[-152,-73],[-76,-146],[-38,-255],[114,0],[-76,-219],[76,-183],[76,-109],[152,-110],[-418,-182],[-153,-219],[0,-329],[38,109],[77,110],[38,73],[152,-109],[114,-183],[-76,-292],[-152,-548],[-76,-584],[76,-438],[76,0],[76,146],[76,256],[38,511],[114,146],[229,219],[304,620],[191,293],[190,146],[190,73],[153,219],[76,292],[114,438],[-76,-438],[-76,-365],[-686,-1972],[-494,-547],[-990,-1862],[-76,-512],[-38,-255],[-153,146],[-152,-110],[-152,-182],[-114,-219],[-38,-292],[-38,-292],[-39,-804],[77,-292],[152,-438],[152,-693],[38,-329],[-38,-183],[76,-146],[-152,110],[-114,-37],[-114,-182],[-77,-183],[77,-401],[190,-1753],[190,-1132],[0,-109],[-38,-183],[-76,-219],[-76,-401],[-152,-621],[-38,-292],[-229,-730],[-76,-219],[-152,-1205],[-76,-183],[0,-219],[38,-182],[-38,-219],[-38,-219],[0,-219],[0,-219],[-38,-219],[-1523,-147],[-2246,585],[-2208,1460],[-342,438],[-495,2483],[-229,620],[-609,-109],[-723,-584],[-685,-256],[-419,840],[-76,109],[-190,658],[-267,146],[-609,-292],[-2017,-37],[-115,110],[-190,547],[-152,183],[-571,401],[-229,365],[39,512],[-153,182],[-38,37],[-266,-37],[-191,183],[-1142,328],[-761,694],[-266,-256],[-1256,-182],[-990,-876],[-381,-183],[-457,0],[-152,-36],[-190,-183],[-114,-73],[-191,-37],[-380,-182],[-2094,-438],[-876,-183],[-228,-73],[-837,-547],[-838,-329],[-381,-292],[-380,-621],[-191,-438],[-76,-328],[-1294,-1388],[-76,-255],[-114,-292],[-495,-950],[-305,-255],[-342,-548],[-38,-73],[-229,-621],[-456,-255],[-77,0],[-647,-37],[-190,-219],[-152,-219],[-229,-219],[-228,-146],[-190,-73],[-229,-146],[-228,-36],[-457,36],[-76,0],[-152,-73],[-457,-292],[-229,-73],[-456,73],[-381,365],[-381,402],[-38,36],[-342,292],[-419,146],[-1370,183],[-1257,657],[-2245,-256],[-495,110],[-457,256],[-1713,949],[-343,73],[-380,-183],[-609,-657],[-153,-73],[-228,0],[-1903,-146],[-76,37],[-3693,1387],[-609,511],[-228,73],[-914,-292],[-152,37],[-305,73],[-1142,912],[-1675,146],[-989,-219],[-381,-292],[-381,-109],[-304,-219],[-838,-110],[-1408,-182],[-343,109],[-266,329],[-114,438],[0,474],[266,1643],[114,475],[191,182],[228,73],[419,183],[228,73],[381,292],[152,657],[-76,657],[-228,183],[-229,110],[-495,109],[-380,256],[-2246,2263],[-38,37],[-38,292],[38,1059],[-76,292],[-191,146],[-456,73],[-419,292],[-343,438],[-266,547],[-191,621],[0,183],[0,328],[0,183],[-38,146],[-228,292],[-38,182],[0,293],[38,292],[38,182],[76,110],[114,36],[343,37],[152,73],[76,219],[38,365],[77,365],[152,219],[190,110],[229,-37],[228,-109],[381,-402],[228,-73],[190,36],[267,183],[152,292],[76,365],[-533,876],[-152,183],[-837,146],[-343,256],[-381,401],[-723,1205],[-152,146],[-191,36],[-266,37],[-114,-146],[-381,-584],[-190,-183],[-457,-146],[-152,-182],[-38,-329],[-1218,-3176],[-153,-219],[-228,-73],[-228,36],[-229,146],[-190,256],[-114,620],[-115,146],[-114,110],[-114,146],[-38,183],[-38,255],[-38,146],[-38,146],[-267,1059],[-114,146],[-343,73],[-951,730],[-190,73],[-153,-73],[-418,-255],[-457,-146],[-533,0],[-533,219],[-381,584],[-114,401],[-38,366],[-114,365],[-191,255],[-190,73],[-647,-73],[-914,146],[-152,110],[-190,584],[-191,219],[-190,110],[38,292],[114,219],[115,182],[304,146],[609,-36],[305,73],[418,182],[153,183],[38,401],[-114,366],[-153,182],[-342,219],[-267,183],[-533,146],[-228,219],[0,109],[0,146],[-38,110],[-152,36],[-153,37],[-38,182],[76,219],[77,183],[76,73],[304,37],[76,73],[153,146],[38,109],[0,146],[38,292],[38,110],[76,146],[38,109],[0,73],[0,183],[0,109],[0,37],[76,182],[76,147],[114,73],[153,0],[114,182],[38,256],[-38,292],[-114,182],[-267,438],[-266,329],[-305,256],[-1104,474],[-456,37],[-191,109],[-342,365],[-191,292],[-342,767],[-153,183],[-114,-37],[-190,-255],[-114,-73],[-114,36],[-77,110],[-114,146],[-76,146],[-533,328],[-342,219],[-191,219],[-380,767],[-686,876],[-342,730],[-152,219],[-191,147],[-190,73],[-152,146],[-77,292],[267,292],[152,219],[0,292],[-114,511],[-305,767],[-38,365],[77,547],[114,402],[38,183],[38,292],[-38,1131],[38,219],[38,220],[0,182],[-76,219],[-114,73],[-153,-36],[-76,-219],[-76,-219],[-114,-183],[-152,-37],[-153,37],[-114,146],[-114,292],[-228,475],[-115,219],[0,146],[-38,73],[0,438],[-38,183],[-76,146],[-190,182],[-76,73],[-343,913],[-152,219],[-229,146],[-380,36],[-191,146],[-571,731],[-190,182],[-419,256],[-190,219],[-152,328],[-229,986],[-114,329],[-685,1205],[457,766],[1675,73],[266,584],[419,-146],[419,-255],[342,-402],[76,-109],[153,-73],[76,0],[571,182],[228,146],[152,256],[76,219],[0,36],[0,292],[39,146],[76,37],[114,-37],[114,-36],[76,110],[0,182],[-114,475],[0,219],[38,109],[419,511],[114,73],[114,73],[229,73],[190,0],[114,-73],[190,-219],[77,-73],[114,37],[152,109],[76,37],[191,-73],[380,-219],[229,0],[76,73],[114,0],[76,-73],[76,-146],[190,-219],[191,73],[495,876],[76,73],[304,-37],[115,147],[114,328],[76,402],[76,949],[76,475],[190,292],[229,109],[419,37],[266,255],[-76,475],[-305,840],[38,438],[115,365],[190,292],[152,401],[38,840],[38,402],[191,292],[228,73],[381,-37],[228,146],[229,439],[38,255],[38,110],[114,255],[304,37],[191,182],[190,402],[38,438],[-266,256],[-38,73],[-38,36],[-39,73],[39,110],[0,146],[38,109],[76,110],[190,839],[152,365],[229,293],[380,146],[115,146],[76,255],[0,256],[-38,219],[0,255],[0,256],[38,73],[38,0],[495,584],[76,146],[190,1059],[38,36],[-76,256],[-76,110],[-114,0],[-76,73],[-39,109],[0,73],[381,694],[267,328],[494,475],[229,292],[76,183],[38,401],[38,183],[114,219],[229,292],[114,182],[38,256],[0,219],[-38,183],[38,255],[38,256],[114,292],[38,219],[153,767],[38,255],[418,840],[191,292],[190,146],[457,219],[228,584],[0,730],