{"type":"Topology","transform":{"scale":[0.00002030440608609148,0.000017679580811479994],"translate":[28.85608856088561,-2.82612129680372]},"objects":{"RWA":{"type":"MultiPolygon","arcs":[[[0]]]}},"arcs":[[[79609,99521],[-354,-477],[-532,-669],[0,-573],[177,-668],[709,-478],[0,-859],[0,-287],[-177,-287],[-177,-382],[177,-382],[354,-286],[355,95],[355,191],[177,0],[709,-477],[177,-287],[178,-1528],[354,-764],[887,-1719],[177,-1146],[532,-669],[0,-477],[0,-191],[-177,-287],[0,-286],[0,-478],[177,-860],[709,-573],[1419,-668],[532,-478],[709,-764],[354,-286],[3369,-1433],[887,-95],[1064,-669],[177,-1528],[0,-1433],[-177,-668],[-355,-382],[355,-669],[886,-1337],[532,-669],[177,-477],[532,-2006],[532,-1337],[709,-669],[1241,573],[355,-1241],[-177,-1433],[-532,-4489],[0,-573],[0,-287],[532,-764],[0,-573],[-532,-1528],[177,-573],[355,-2292],[-178,-955],[-531,-860],[-178,-859],[355,-1051],[-887,-669],[-177,-382],[-355,-477],[1419,-287],[177,-1432],[-532,-3343],[887,286],[886,-573],[709,-859],[532,-764],[355,-1720],[-1596,-6303],[-532,-2484],[355,-3820],[-355,-1146],[-354,-1051],[-709,-573],[-887,-382],[-709,-573],[-709,-191],[-355,-191],[-355,-95],[-532,95],[-2482,1433],[-532,191],[-709,-96],[-532,-477],[-709,-1528],[-532,-573],[-1064,-96],[-1064,382],[-1063,191],[-887,-668],[-1596,95],[-1773,860],[-2659,2483],[-178,477],[-354,765],[-177,382],[-178,-96],[-1595,382],[-178,191],[-886,-286],[-355,-478],[-177,-382],[-355,-287],[-532,-668],[-709,-478],[-886,-286],[-1064,-287],[-709,0],[-710,191],[-1418,860],[-709,0],[-178,-382],[0,-478],[0,-382],[-2305,-3247],[-886,-669],[-1064,0],[-1064,478],[-1064,764],[-886,860],[-1418,2005],[-710,573],[-532,191],[-354,96],[-532,-96],[-355,96],[-886,859],[0,96],[-355,286],[-354,287],[-532,0],[-178,-382],[0,-478],[-354,-2960],[354,-4298],[-1063,-4298],[-178,-5826],[0,-573],[-354,-1242],[-355,-1242],[-709,-1146],[-532,-1050],[-1064,-1147],[-886,-668],[-1064,-191],[-1241,0],[-1064,382],[-532,0],[-355,-478],[-177,-1241],[-177,-478],[-532,-382],[-1064,-95],[-1064,95],[-1950,764],[-532,287],[-355,0],[-1418,-669],[-355,-191],[-532,-191],[-354,0],[-1241,-191],[-887,-668],[-886,-287],[-1064,669],[-1951,382],[-886,191],[-887,-96],[-2127,-1050],[-1241,-96],[-355,1051],[0,668],[-532,1242],[-177,668],[177,573],[709,956],[178,668],[-355,669],[-1064,1146],[0,95],[-177,764],[0,669],[0,191],[-532,573],[-887,573],[-1063,287],[-2128,286],[-1064,382],[-3014,1528],[-886,96],[-2837,-191],[-1064,-1242],[-887,-5730],[-709,1050],[-1064,573],[-1418,96],[-709,382],[-1773,1337],[-355,478],[355,4297],[-355,1338],[-532,573],[-532,286],[-532,382],[-177,669],[177,764],[887,859],[-177,669],[-532,1051],[-178,1146],[0,1241],[355,1433],[709,669],[1241,573],[1064,286],[887,573],[709,860],[532,1050],[354,860],[178,573],[0,478],[532,573],[531,191],[1419,-96],[2127,669],[1596,1528],[1241,2197],[887,2674],[177,2388],[0,2005],[-1418,8883],[0,2101],[177,2006],[887,2483],[1950,3343],[1241,2388],[1064,2196],[532,1051],[2482,2292],[355,669],[1418,3247],[532,860],[886,286],[3724,191],[0,96],[177,95],[177,96],[178,286],[886,1720],[1773,2005],[1951,1624],[1950,764],[1950,-95],[1064,95],[887,287],[886,668],[887,669],[709,477],[1241,191],[532,-95],[1064,-764],[354,-96],[532,191],[178,1146],[531,573],[355,382],[532,96],[355,0],[531,-382],[1419,-2292],[177,-1146],[178,-2388],[531,-1146],[710,-955],[1063,-287],[1064,96],[1064,477],[3369,2101],[354,191],[532,1242],[710,764],[177,96],[1418,955],[2128,859],[532,573],[177,860],[355,2197],[354,764],[355,286],[355,96],[354,0],[355,95],[886,573],[2128,2388],[709,955],[532,955],[0,382],[177,860],[178,286],[177,191],[177,191],[709,382],[355,287],[177,860],[355,2387],[355,764],[886,287],[709,-96],[887,-286],[886,-96],[710,191],[709,382],[709,96],[709,-287],[532,-191]]]}