{"type":"Topology","transform":{"scale":[0.00016794335885038283,0.00013545902318022198],"translate":[21.81081810818108,8.681532797446877]},"objects":{"SDN":{"type":"MultiPolygon","arcs":[[[0]],[[1]]]}},"arcs":[[[92025,89092],[-65,0],[-64,174],[0,225],[43,224],[86,149],[64,-49],[22,-13],[21,-100],[-64,-486],[-43,-124]],[[89753,98291],[-22,-112],[-21,-37],[-22,-13],[-85,-12],[-108,-50],[129,-125],[64,-87],[0,-898],[150,-1009],[-64,-212],[86,-63],[21,-87],[0,-87],[43,-87],[64,-75],[43,-75],[322,-885],[771,-1384],[494,-561],[643,-947],[42,-125],[0,-137],[-42,-124],[-86,-63],[-107,50],[-129,-100],[-107,100],[-150,337],[-43,62],[-43,87],[-21,88],[43,37],[64,-25],[43,-62],[43,-75],[21,-62],[150,-125],[64,-38],[65,25],[-22,63],[-150,199],[-86,287],[-64,100],[-86,-38],[-171,150],[-43,-75],[-64,12],[-22,75],[-43,88],[22,99],[43,75],[0,87],[-65,100],[-150,37],[-107,-124],[-21,-200],[0,-174],[43,-38],[64,-12],[21,-50],[-21,-87],[-22,-62],[22,-187],[0,-88],[-22,-87],[-64,-62],[-64,-25],[-43,-38],[0,-124],[43,-63],[171,-236],[150,-437],[86,-461],[43,-972],[86,-462],[278,-872],[0,-486],[-21,-112],[-21,-125],[-65,-62],[-171,24],[-22,-99],[22,-212],[-43,-524],[43,-299],[0,-112],[128,-436],[65,-262],[21,-237],[43,-349],[-107,-287],[0,-50],[-22,-74],[-64,-113],[-21,-62],[0,-199],[43,-250],[364,-1171],[43,-250],[0,-486],[-22,-125],[-21,-87],[-107,-162],[-22,-112],[43,-449],[0,-137],[0,-62],[22,-75],[107,-187],[128,-424],[236,-1571],[43,-760],[22,-87],[42,-50],[65,-38],[21,-49],[0,-50],[-21,-100],[0,-50],[150,-237],[64,-374],[129,-473],[64,-299],[64,-387],[86,-137],[129,-274],[128,-287],[193,-212],[43,-87],[43,-87],[64,-38],[86,25],[64,50],[43,-13],[343,63],[215,100],[21,-138],[129,-74],[107,-25],[128,12],[43,-87],[0,-125],[107,-99],[-42,-287],[85,62],[65,25],[64,-62],[107,-125],[665,-224],[257,-287],[171,-324],[258,-299],[150,-137],[257,-113],[86,-112],[-86,-124],[-150,-100],[-43,-249],[171,-424],[279,-312],[322,-87],[235,50],[43,274],[107,37],[215,150],[43,-75],[-65,-62],[-85,-63],[-43,-49],[-22,-63],[0,-75],[0,-87],[-85,-87],[-86,-25],[-64,0],[-86,0],[-43,-75],[86,13],[214,37],[64,-12],[65,-38],[43,-50],[64,-50],[86,-24],[150,-13],[85,-37],[86,-25],[64,37],[22,62],[-86,50],[107,100],[107,-137],[193,-362],[-64,-99],[107,-75],[150,-13],[107,75],[43,-112],[22,-287],[43,-99],[128,-25],[43,112],[0,174],[-86,150],[108,-75],[235,-311],[43,-113],[0,-112],[22,-75],[64,-162],[-21,-74],[-836,-836],[-172,-286],[-364,-1135],[-172,-311],[-107,-113],[-300,-174],[-107,-112],[-22,-150],[0,-149],[-21,-150],[-86,-112],[-150,-25],[-107,75],[-86,112],[-86,62],[-214,-75],[-43,-12],[-21,-62],[0,-50],[21,-50],[0,-75],[-64,-137],[-107,-100],[-86,-12],[-22,162],[0,149],[0,125],[-64,75],[-128,0],[-151,-62],[-407,-325],[-193,-286],[-107,-112],[-150,-38],[-129,50],[-171,212],[-129,37],[-214,-137],[-257,-548],[-236,-150],[-236,-50],[-793,-286],[-64,-50],[-22,-88],[65,-336],[21,-125],[-43,-311],[-21,-150],[-129,-287],[-43,-162],[-43,-149],[-343,-474],[-557,187],[-171,-13],[-279,-211],[-172,-13],[-107,13],[-321,-63],[-43,13],[-236,174],[-64,25],[-150,25],[-108,50],[-85,75],[-107,50],[-108,-13],[-43,-62],[-21,-63],[21,-62],[108,-199],[21,-137],[-21,-138],[-150,-249],[21,-87],[64,-75],[65,-87],[0,-87],[0,-300],[0,-25],[43,-74],[0,-38],[0,-37],[-43,-50],[-22,-37],[-21,-437],[-150,-448],[-65,-100],[-192,-175],[-86,-99],[-65,-138],[0,-124],[0,-250],[-21,-137],[-64,-299],[0,-100],[43,-162],[64,-137],[107,-112],[86,-137],[0,-25],[43,-125],[0,-137],[-22,-124],[-21,-162],[43,-150],[107,-299],[0,-162],[-43,-187],[-257,-312],[-107,-187],[-193,-673],[-258,-922],[-300,-973],[-150,-311],[-300,-374],[-64,-162],[-322,-1409],[-21,-312],[86,-324],[-193,-162],[-129,-224],[-300,-1072],[-107,-212],[-429,-511],[-64,-125],[0,-162],[64,-698],[129,-1234],[43,-412],[64,-723],[86,-922],[85,-910],[150,-1359],[-535,-2019],[-43,-150],[21,-187],[22,-187],[107,-361],[21,-374],[-107,-324],[-257,-736],[-22,-149],[-21,-424],[-43,-200],[-900,-1545],[-579,-2431],[21,-150],[43,-112],[22,-62],[0,-63],[-43,-112],[-107,-112],[-65,-125],[0,-162],[150,-286],[22,-113],[0,-187],[-107,-822],[-65,-137],[-85,-50],[-172,62],[-43,25],[-43,37],[-43,25],[-64,13],[-43,0],[-1800,-312],[-150,-62],[-22,-13],[-64,-37],[-22,-25],[0,-37],[-42,-187],[-22,-88],[-21,-74],[-43,-75],[-65,-25],[-107,-13],[-64,-25],[-43,-74],[-1115,-2282],[-64,-199],[-21,-212],[-22,-87],[-43,-100],[-64,-62],[-129,-87],[-64,-63],[-43,-75],[-107,-324],[-64,-411],[-43,-175],[-129,-162],[-214,-149],[-64,-75],[0,-62],[0,-38],[-22,-137],[0,-62],[-171,-250],[-408,-186],[-128,-63],[-236,-187],[-86,-137],[-85,-174],[-65,-175],[-43,-174],[0,-150],[43,-287],[-21,-299],[43,-150],[128,-299],[22,-137],[-22,-149],[-750,-2020],[-21,-162],[64,-199],[107,-137],[64,-163],[-21,-224],[-386,-1409],[0,-87],[43,-100],[193,-149],[21,-112],[-43,-250],[-107,-187],[-321,-299],[-107,-124],[-22,-88],[0,-87],[-43,-137],[-64,-112],[-64,-13],[-86,25],[-86,-12],[-86,-75],[-64,-237],[-64,-50],[-65,25],[0,112],[22,212],[-43,112],[-64,88],[-172,137],[-729,785],[-64,25],[-107,-37],[-729,-611],[-86,-112],[-107,-150],[-236,-548],[-514,-885],[-43,-262],[43,-312],[279,-1620],[0,-337],[-43,-312],[-22,-37],[-64,-75],[0,-37],[0,-87],[21,-175],[-21,-87],[-129,-249],[-364,-399],[-729,-2556],[-193,-1097],[22,-561],[-1008,0],[-21,13],[0,25],[-22,37],[-21,37],[-43,212],[-21,324],[42,574],[108,661],[385,947],[22,75],[0,50],[0,49],[-22,163],[-42,149],[-22,224],[64,487],[0,149],[0,200],[-42,124],[-258,811],[-85,137],[-1287,1296],[-1307,1297],[-472,698],[-43,49],[-64,38],[-1308,598],[-64,50],[0,87],[43,113],[171,349],[22,87],[21,137],[-300,2742],[-300,2730],[0,113],[22,74],[21,38],[86,112],[64,125],[86,211],[21,75],[86,985],[-21,860],[343,1421],[42,611],[-2829,37],[-22,-24],[0,-38],[0,-50],[0,-37],[0,-100],[-21,-174],[0,-100],[0,-87],[43,-349],[64,-250],[22,-87],[0,-100],[0,-174],[-1994,-13],[-1972,-12],[1565,-2144],[21,-50],[22,-112],[21,-88],[22,-747],[-86,-1197],[21,-773],[86,-499],[429,-984],[-22,-175],[-107,-237],[-1393,-1458],[-1415,-1459],[-64,-137],[-386,-1221],[-386,-699],[-150,-211],[-665,-985],[-1286,-1558],[-1265,-1559],[-428,-212],[-1265,-87],[-686,-25],[-64,-25],[-129,-50],[-64,-74],[-86,-63],[-86,38],[-85,75],[-1587,1745],[-1393,1109],[-1415,1097],[-257,-199],[-1586,-948],[-343,-249],[-172,-175],[-21,-1059],[-257,-536],[-515,-586],[-1372,-374],[-707,-324],[-729,-474],[-129,-124],[-450,-424],[-386,-461],[-128,-287],[0,-312],[21,-274],[86,-175],[-21,0],[-2380,25],[-2358,25],[-300,399],[-600,1546],[-64,-25],[-86,-25],[-600,-37],[-751,137],[-43,0],[-128,-50],[-22,0],[-493,75],[-857,0],[-257,62],[-1544,-50],[-2293,-960],[-65,0],[-364,25],[-129,87],[-278,212],[-1115,1621],[-1115,1620],[-471,212],[-86,100],[-64,112],[-365,723],[-21,50],[-22,25],[-42,37],[-22,13],[-150,62],[-107,50],[-215,150],[-42,50],[-43,49],[0,38],[-22,37],[-43,1147],[0,37],[0,38],[-42,62],[-258,387],[-21,25],[-64,-13],[-258,-87],[-128,-75],[-65,-12],[-42,-13],[-236,13],[-43,0],[-86,-38],[-128,-25],[-193,0],[-43,-12],[-257,-75],[-429,-187],[-22,0],[-85,-37],[-65,-13],[-235,13],[-65,0],[-86,-25],[-85,-38],[-43,-25],[-64,-25],[-86,-12],[-22,0],[-85,-13],[-22,-12],[-107,-62],[-43,0],[-21,0],[-65,12],[-43,-12],[-64,-25],[-21,-13],[-43,13],[-22,0],[-42,12],[-65,38],[-21,12],[-86,13],[-21,0],[-43,-13],[-65,-25],[-42,-12],[-65,12],[-43,0],[-128,-75],[-86,-12],[-150,12],[-64,-12],[-86,-37],[-86,-38],[-43,-25],[-43,-37],[-64,-87],[-279,-798],[-21,-75],[0,-62],[0,-75],[21,-38],[43,-149],[22,-75],[0,-37],[0,-50],[0,-38],[-65,-224],[-171,-386],[-21,-138],[-65,-137],[-43,-74],[-85,-100],[-150,-274],[-86,-113],[-215,-149],[-192,-212],[-65,-38],[-43,-24],[-64,-13],[-64,-12],[-22,0],[-21,-38],[-22,-37],[-21,-162],[21,-1957],[-21,-88],[-43,-174],[-364,-499],[-172,-199],[-43,-87],[-42,-125],[-108,-1409],[-21,-50],[-22,-62],[-535,-1134],[-43,-100],[0,-50],[0,-785],[-22,-50],[-64,-50],[-300,-112],[-536,-75],[-129,-37],[-664,-499],[-172,-112],[-343,-312],[-43,-62],[0,-112],[-42,-38],[-322,-62],[-622,125],[-171,-38],[-107,25],[-236,125],[-343,-38],[-386,100],[-193,0],[-193,