{"type":"Topology","transform":{"scale":[0.000061597231938479,0.00004386967616831419],"translate":[-17.53757537575376,12.305219618615155]},"objects":{"SEN":{"type":"MultiPolygon","arcs":[[[0]]]}},"arcs":[[[85622,56312],[116,-693],[293,-385],[117,-308],[116,-269],[293,-154],[233,-77],[176,0],[-59,-269],[-117,-154],[0,-154],[0,-270],[117,-115],[176,-77],[117,-116],[0,-385],[-59,-192],[-351,-424],[-116,-230],[0,-231],[-59,-308],[-58,-231],[-117,-154],[-292,-231],[-59,-424],[0,-462],[175,-1000],[59,-462],[0,-1001],[175,-38],[1520,-770],[117,-308],[-59,-270],[-234,-115],[117,-308],[176,-308],[175,-231],[643,-308],[234,-192],[175,-347],[584,-1924],[0,-501],[-116,-923],[-351,-1732],[0,-963],[175,-577],[234,-385],[351,-308],[292,-462],[58,-423],[0,-462],[-58,-924],[-292,-1039],[-526,-770],[-1403,-1039],[234,-270],[234,-461],[292,-886],[234,-808],[350,-770],[292,-462],[936,-962],[117,-154],[116,-346],[117,-116],[176,-115],[117,-39],[175,-77],[117,-269],[-59,-385],[-233,-1232],[58,-269],[117,-39],[409,-308],[175,-115],[59,-154],[58,-462],[117,-154],[175,-231],[59,0],[117,115],[701,732],[0,423],[117,462],[175,385],[234,192],[234,-38],[117,-192],[117,-231],[117,-154],[175,-39],[292,77],[409,39],[117,-116],[-58,-308],[58,-231],[175,-38],[234,77],[117,77],[0,-501],[117,-423],[409,-770],[351,-462],[58,-192],[0,-270],[-234,-423],[-58,-231],[58,-423],[117,-270],[234,-231],[117,-308],[58,-808],[59,-346],[292,-116],[234,-192],[175,-193],[176,-154],[292,-115],[175,-77],[0,-154],[-117,-193],[-58,-115],[234,-462],[116,-269],[59,-154],[58,-77],[117,-77],[0,-77],[-117,-116],[0,-77],[0,-192],[-58,-462],[-59,-231],[234,-77],[234,115],[117,270],[0,385],[175,-193],[59,-231],[58,-269],[0,-577],[-58,-154],[-117,-77],[-117,-154],[-59,0],[-116,77],[-117,38],[-117,-77],[0,-115],[58,-154],[117,-116],[59,-115],[-117,-231],[-59,-231],[-58,-231],[58,-385],[-58,-77],[0,-115],[-59,-116],[0,-154],[59,-38],[58,0],[59,-39],[58,-115],[117,-154],[58,-193],[0,-231],[0,-269],[0,-270],[-116,-154],[0,-115],[175,-423],[0,-193],[-117,-308],[-234,-77],[-234,-77],[-116,-616],[-176,-115],[-58,-154],[0,-346],[58,-39],[117,-77],[117,-115],[117,-231],[0,-231],[-117,-732],[0,-231],[58,-153],[0,-193],[0,-269],[-350,-193],[-117,-154],[175,-77],[117,-115],[175,-462],[176,-154],[-59,192],[117,231],[117,77],[117,-385],[0,-192],[117,-347],[58,-230],[117,307],[59,116],[175,-385],[-58,-539],[-59,-616],[-58,-616],[-468,39],[-1052,539],[-526,77],[-1403,-154],[-701,-154],[-1227,-654],[-643,-154],[-1286,77],[-351,115],[-993,577],[0,39],[-59,0],[-116,0],[-59,-39],[-175,-154],[-585,-461],[-234,-77],[-350,38],[-994,462],[-409,-39],[-292,-192],[-526,-654],[-585,-462],[-2746,-1001],[-293,192],[-409,963],[-292,308],[-701,346],[-351,116],[-292,0],[-292,-77],[-293,-154],[-467,-347],[-117,-77],[-59,0],[-233,0],[-59,116],[0,154],[-58,192],[-468,731],[-292,270],[-292,192],[-351,39],[-1052,-77],[-351,77],[-58,192],[-58,231],[-293,154],[-467,39],[-176,77],[-175,231],[0,192],[0,154],[0,77],[-409,500],[-584,462],[-643,0],[-234,-924],[-59,-423],[-175,-231],[-292,-38],[-292,154],[-293,-39],[-292,39],[-234,192],[-175,346],[-117,462],[59,347],[292,808],[58,385],[0,462],[-58,423],[-234,308],[-234,39],[-292,-39],[-292,-38],[-292,231],[-176,-270],[-117,116],[-116,38],[-117,-38],[-117,0],[-234,-77],[-58,-39],[-59,77],[-175,231],[-59,39],[-117,0],[-292,-116],[-117,-38],[-175,38],[-175,193],[-176,38],[-117,0],[-467,-154],[-117,-38],[0,-77],[-59,-39],[-116,0],[-59,39],[-117,115],[-117,77],[-58,0],[-701,270],[-5260,269],[-5728,38],[-4266,39],[-1520,0],[-5728,38],[-1344,0],[-4442,0],[-759,39],[-468,-116],[-409,-269],[-994,-924],[-993,-616],[-818,-885],[-59,-38],[-4091,-2656],[-585,-154],[-2805,231],[-117,0],[-1286,-116],[-350,77],[-994,462],[-584,77],[-1228,-269],[-116,-77],[-59,-77],[-58,-39],[-176,39],[-350,192],[-176,39],[-175,-77],[-1110,-809],[-1286,-962],[-468,-308],[-818,0],[-877,-269],[-292,-39],[-2221,193],[-584,-193],[-351,-346],[-117,308],[-58,269],[-117,501],[-59,154],[-292,231],[-350,500],[-176,269],[-58,308],[0,963],[58,192],[117,192],[59,231],[116,231],[819,655],[350,38],[526,-77],[526,462],[176,193],[58,192],[117,192],[58,231],[643,616],[293,-462],[233,-885],[234,-192],[0,346],[175,269],[293,116],[292,-77],[584,-423],[468,-193],[526,-346],[292,-39],[351,231],[350,654],[293,193],[409,0],[292,-154],[351,-77],[350,346],[176,77],[117,-192],[116,-270],[117,-192],[1228,654],[292,116],[409,38],[234,77],[234,231],[233,154],[351,0],[292,-231],[409,-462],[293,-269],[116,-231],[176,-38],[1052,-39],[117,-77],[175,-308],[117,-77],[117,39],[409,154],[175,154],[176,269],[233,192],[351,-192],[117,115],[58,39],[117,38],[234,-231],[117,0],[58,77],[117,-38],[117,-192],[117,-385],[59,-193],[116,-115],[117,-116],[117,-38],[234,-39],[175,77],[760,424],[292,423],[468,885],[175,193],[176,115],[116,154],[59,308],[-117,154],[-175,77],[-59,154],[117,154],[-175,539],[-117,693],[-59,693],[117,577],[234,154],[175,0],[293,0],[175,0],[234,154],[175,154],[117,231],[58,269],[351,-462],[292,-115],[176,231],[58,654],[-234,-385],[-233,39],[-234,115],[-292,77],[-234,-154],[-409,-423],[-293,-77],[-175,0],[-234,-39],[-233,-154],[-59,-346],[0,-1309],[175,-885],[0,-231],[0,-346],[0,-193],[-58,-154],[-351,-462],[-175,-231],[-818,-1039],[-176,-154],[-175,-38],[-175,115],[-176,154],[117,693],[-526,308],[-1110,269],[-818,-693],[-293,-115],[-58,77],[-59,154],[-116,192],[-176,77],[-234,-77],[-233,-192],[-234,-77],[-175,77],[-234,192],[-409,385],[0,116],[0,154],[0,115],[-59,77],[-175,39],[-117,38],[-117,77],[-58,193],[-234,577],[-59,77],[-58,38],[-117,116],[-58,462],[-59,269],[-117,0],[0,-154],[0,-115],[-175,-462],[-58,-154],[-59,-770],[-467,-385],[-702,-154],[-175,-115],[-292,-308],[-117,-39],[-176,0],[-409,154],[-584,0],[-175,-77],[-351,-192],[-175,-39],[-176,0],[-526,154],[-175,-77],[-234,-192],[-117,-77],[-58,-77],[-117,-270],[-59,-230],[-175,-154],[-643,269],[-584,423],[-234,308],[-117,308],[-58,39],[-117,77],[-176,77],[-58,192],[0,231],[117,193],[175,154],[117,38],[0,154],[-234,0],[-175,192],[-58,270],[-59,308],[-117,-1848],[-117,0],[-233,385],[-585,693],[-58,462],[-234,-193],[-117,-269],[-117,-231],[-292,-77],[-175,77],[-117,154],[-59,231],[0,308],[234,577],[292,462],[234,539],[-117,770],[-58,-616],[-59,-154],[-58,-192],[-59,-116],[-117,-77],[-292,-385],[-175,-231],[-59,-308],[0,-500],[117,-808],[-58,-347],[-468,-308],[-701,-808],[-584,-269],[-293,230],[-117,616],[0,770],[59,808],[292,809],[409,423],[585,-231],[0,308],[-234,270],[-351,77],[-292,-116],[-292,-577],[-234,-193],[-175,77],[117,193],[0,192],[0,193],[-117,192],[350,654],[59,347],[-59,385],[-117,0],[-116,-231],[-59,-116],[-117,77],[-58,347],[58,269],[59,308],[584,1193],[59,270],[0,308],[-59,539],[-58,269],[58,462],[175,962],[0,577],[0,385],[-58,193],[0,539],[58,231],[117,192],[234,347],[59,230],[233,539],[585,193],[701,0],[2689,-39],[2454,-38],[3624,-39],[2104,-38],[1052,0],[409,0],[584,-39],[117,116],[59,1616],[0,385],[0,1617],[58,308],[234,154],[1110,154],[760,308],[176,0],[1110,-154],[234,38],[526,231],[350,270],[410,192],[467,0],[1812,-539],[584,0],[526,154],[526,270],[468,423],[351,577],[58,655],[58,1385],[234,501],[409,539],[293,500],[409,192],[409,-423],[760,-924],[818,-808],[1052,-731],[526,-193],[643,-77],[233,-115],[526,-462],[293,-116],[350,-77],[176,-154],[350,-654],[409,-539],[585,-308],[584,-115],[585,115],[526,193],[175,-116],[468,-577],[175,-193],[234,-192],[234,-77],[467,-38],[234,-77],[175,-270],[117,-231],[176,-192],[175,-154],[584,-424],[409,-154],[468,-38],[935,115],[877,-231],[467,0],[351,270],[760,808],[234,154],[292,-38],[701,346],[643,39],[643,231],[1227,153],[818,462],[468,963],[58,1193],[-409,1078],[-117,192],[-409,269],[-117,154],[0,39],[-116,192],[-117,424],[-59,192],[-292,308],[-351,270],[-409,192],[-350,77],[-234,-38],[-351,-270],[-175,-115],[-176,-39],[-292,39],[-175,0],[-292,-116],[-760,-539],[-935,-269],[-292,-193],[-936,-769],[-935,-462],[-292,-116],[-292,77],[-409,231],[-1169,1155],[-117,154],[-175,231],[-117,308],[-176,1000],[-175,424],[-234,385],[-292,346],[-701,462],