{"type":"Topology","transform":{"scale":[0.0000036360727210909436,0.0000018574535714066356],"translate":[103.63963639636398,1.2636128508521836]},"objects":{"SGP":{"type":"MultiPolygon","arcs":[[[0]]]}},"arcs":[[[88118,68181],[6931,-2727],[3960,-2727],[990,-3637],[-2970,-10000],[-4951,-10909],[-5940,-9090],[-5941,-3637],[-6930,-909],[-4951,-4545],[-9901,-12727],[-990,-2728],[-990,-1818],[-1980,-909],[-2970,-1818],[-6931,909],[-2970,1818],[-1980,2727],[-1981,7273],[-5940,5455],[-6931,2727],[-5940,1818],[-11881,-909],[-4951,2727],[-1980,7273],[990,8182],[8911,22727],[990,10000],[990,6363],[2970,5455],[3961,4545],[2970,909],[5940,-1818],[5941,1818],[7921,7273],[3960,2727],[6931,-909],[6930,-4545],[20792,-20909],[7921,-5455]]]}