{"type":"Topology","transform":{"scale":[0.00011847836955554326,0.00005499751165519613],"translate":[-38.086580865808656,-59.472822969558635]},"objects":{"SGS":{"type":"MultiPolygon","arcs":[[[0]],[[1]],[[2]],[[3]],[[4]],[[5]],[[6]],[[7]],[[8]],[[9]],[[10]],[[11]]]}},"arcs":[[[92281,31],[-516,0],[-183,61],[-152,184],[31,185],[60,122],[92,31],[820,31],[0,-123],[-91,-154],[-31,-184],[-30,-153]],[[91035,31],[-91,-31],[-91,31],[-91,30],[-91,93],[-243,153],[-213,215],[-91,215],[273,153],[395,0],[0,-61],[0,-92],[0,-92],[61,-184],[0,-185],[61,-153],[121,-92]],[[97204,7430],[-213,-61],[-304,92],[-182,307],[-31,399],[213,307],[304,92],[273,-123],[547,-460],[-212,-246],[-183,-184],[-212,-123]],[[99938,17900],[0,-184],[-30,61],[-31,31],[-30,0],[-365,307],[-1093,429],[-244,492],[31,92],[61,123],[60,184],[31,215],[61,123],[121,61],[881,0],[274,-92],[273,-276],[-121,-614],[30,-154],[122,-307],[30,-123],[-61,-368]],[[98601,30703],[152,-31],[243,0],[-121,-215],[-152,-92],[-304,-184],[-213,31],[-243,153],[-182,246],[-91,307],[304,491],[151,123],[183,-92],[30,-123],[61,-369],[91,-153],[91,-92]],[[96535,43506],[-61,0],[0,-31],[-30,-31],[-31,-61],[-60,123],[-91,-31],[-152,123],[-274,276],[152,215],[213,-30],[182,-246],[152,-307]],[[83712,50138],[-152,-185],[-212,0],[0,215],[152,185],[182,-31],[30,-184]],[[92676,50138],[-486,-154],[-274,92],[-91,92],[-30,246],[61,184],[152,123],[152,92],[151,31],[122,-31],[182,-153],[152,-154],[31,-215],[-122,-153]],[[88878,57506],[-91,-184],[-122,123],[-182,307],[-61,92],[152,246],[182,92],[183,-62],[182,-153],[0,-123],[-122,-92],[-121,-246]],[[9025,90481],[0,-123],[-61,0],[-31,-30],[-60,-62],[-31,-30],[-212,-62],[-92,0],[-91,62],[0,122],[152,0],[-334,246],[-31,246],[61,92],[91,30],[92,62],[121,30],[152,-184],[274,-399]],[[182,99477],[-91,-31],[-91,0],[61,215],[152,62],[304,-31],[-335,-215]],[[3373,99631],[-31,-185],[1672,62],[607,245],[335,62],[0,-123],[-517,-368],[61,-123],[-61,-246],[-182,0],[182,-215],[122,-123],[151,-30],[213,0],[61,0],[152,92],[61,30],[516,0],[486,-429],[92,-31],[30,307],[152,61],[152,0],[121,92],[-30,185],[121,30],[183,0],[121,31],[-152,-276],[61,-92],[122,0],[91,0],[0,-215],[-91,-123],[-213,-184],[61,-154],[-31,-153],[-30,-154],[-61,-153],[243,30],[183,246],[152,307],[182,307],[182,123],[274,92],[243,-31],[61,-337],[-365,-430],[-152,-246],[122,-184],[182,61],[668,553],[-30,61],[-91,154],[-31,31],[152,92],[213,-31],[425,-184],[244,-154],[60,-92],[0,-184],[-91,-215],[31,-215],[-61,-153],[61,-123],[91,-31],[91,61],[30,123],[31,461],[30,153],[213,92],[850,-215],[-60,-122],[152,0],[91,-31],[91,-92],[0,-123],[-61,-153],[-30,-62],[-31,-153],[-152,92],[-151,30],[-122,-61],[-152,-184],[243,-92],[91,-62],[-30,-123],[-91,-30],[-213,0],[-121,-62],[243,-184],[243,31],[516,245],[486,154],[61,-123],[91,-184],[92,-92],[121,153],[61,-122],[0,-62],[0,-92],[-61,-123],[-121,154],[-122,0],[-274,-154],[-121,-123],[-699,-675],[-61,-31],[-60,-30],[-31,-123],[0,-62],[61,-122],[0,-123],[-61,-185],[213,-30],[152,30],[152,93],[577,614],[213,122],[152,-214],[91,153],[121,-61],[61,-246],[-30,-276],[-61,-62],[-91,0],[-61,-30],[-30,-154],[0,-92],[60,-61],[31,-93],[-61,-184],[91,-184],[31,-184],[-31,-215],[-91,-184],[334,522],[183,122],[152,-61],[212,-522],[152,-246],[182,-61],[152,154],[0,245],[-91,307],[-61,369],[-30,122],[-182,307],[-61,154],[-30,92],[-31,154],[0,215],[547,-246],[274,-215],[30,-276],[122,30],[91,0],[60,-61],[31,-154],[30,-214],[0,-123],[0,-123],[-91,-123],[243,-246],[0,-61],[-121,-123],[-61,-368],[121,-92],[699,30],[-30,-245],[0,-215],[-61,-215],[-152,-61],[61,-185],[61,-122],[61,-62],[121,-31],[0,-153],[61,-92],[121,-62],[92,-61],[60,31],[122,92],[61,-31],[121,-215],[213,31],[91,-62],[30,-153],[31,-215],[61,-123],[91,-61],[-152,-184],[-183,-185],[-364,-552],[91,-123],[152,-276],[91,-62],[152,-61],[760,61],[121,92],[243,246],[91,61],[92,-30],[-31,-215],[-152,-553],[-182,-460],[-61,-31],[213,-829],[30,-399],[-243,-31],[183,-491],[364,-369],[426,-276],[334,-92],[0,-154],[-122,-30],[-121,-92],[-91,-154],[-31,-123],[-91,-61],[-152,0],[-273,123],[-183,-369],[-243,-123],[-273,93],[-243,122],[-395,430],[-243,154],[-274,30],[91,-184],[91,-153],[122,-92],[121,-31],[122,-62],[152,-307],[121,-153],[92,-62],[91,-30],[213,0],[91,-62],[152,-245],[91,-92],[0,-123],[-91,0],[-92,0],[-91,31],[-60,92],[0,-92],[30,-185],[30,-92],[-243,0],[-91,62],[-91,184],[-31,-215],[31,-123],[0,-153],[-91,0],[-183,92],[-91,30],[-61,-61],[-60,-92],[-91,-92],[-244,0],[-121,30],[-91,123],[-61,215],[91,0],[61,31],[91,92],[-334,246],[-395,644],[-152,93],[-213,184],[-304,460],[0,246],[-91,-31],[-121,277],[30,276],[-91,307],[-61,368],[-304,676],[-638,1105],[-91,123],[-122,31],[-121,61],[-122,92],[-60,123],[30,215],[122,215],[30,153],[-91,246],[-213,246],[-213,184],[-152,61],[-243,0],[-91,-61],[-152,-246],[-121,-61],[-122,30],[-121,93],[-122,214],[-121,215],[-92,185],[-881,491],[-61,31],[-60,-31],[-61,0],[-30,92],[0,61],[30,215],[30,31],[0,92],[31,123],[30,92],[-30,123],[-31,30],[-30,-30],[-30,61],[-122,184],[-182,123],[-183,62],[-152,0],[61,122],[-182,123],[61,184],[60,93],[122,0],[121,-31],[-212,307],[-334,0],[-669,-184],[-91,61],[-334,215],[-152,184],[-91,92],[-31,92],[0,123],[31,154],[30,153],[-91,62],[-122,61],[-121,92],[-122,154],[-121,123],[-61,61],[-152,-92],[-91,31],[-152,122],[-182,62],[-152,0],[-243,-184],[-517,-93],[-152,-61],[-152,-154],[-61,123],[-60,62],[-92,30],[-91,-92],[-91,277],[30,122],[639,338],[121,0],[-152,277],[-486,245],[-122,338],[365,0],[395,153],[699,492],[-213,122],[-759,-30],[-304,-92],[-122,30],[-182,185],[-91,30],[-790,0],[-213,-61],[-61,-184],[61,-185],[182,-61],[-152,-92],[-668,-184],[-334,61],[-183,-31],[61,62],[31,123],[30,61],[-122,92],[-273,399],[304,246],[152,153],[121,215],[-152,62],[-273,-31],[-152,92],[517,369],[243,245],[152,399],[-1003,0],[-486,-123],[-152,62],[-152,153],[-122,31],[-456,-246],[-273,-30],[-213,215],[-182,92],[-304,-430],[-182,31],[30,153],[31,184],[60,123],[122,31],[-61,153],[-30,62],[-61,31],[-91,0],[152,122],[425,0],[426,215],[182,31],[182,-61],[274,-246],[152,-61],[182,30],[182,123],[182,154],[152,184],[0,184],[183,0],[212,-61],[183,-123],[-91,-31],[-31,-61],[-30,-92]]]}