{"type":"Topology","transform":{"scale":[0.00008766175322629847,0.00032520634847019376],"translate":[-14.416344163441636,-40.398654128963656]},"objects":{"SHN":{"type":"MultiPolygon","arcs":[[[0]],[[1]],[[2]],[[3]]]}},"arcs":[[[51581,36],[-329,-36],[-493,47],[-821,140],[0,21],[82,52],[123,20],[123,11],[534,5],[165,-5],[82,-26],[123,-83],[41,-26],[246,-52],[83,-21],[41,-47]],[[24558,9990],[-164,0],[-287,73],[-370,67],[123,31],[205,73],[124,36],[41,11],[534,-11],[205,-31],[164,-36],[247,-31],[-41,-26],[-42,-16],[-82,-10],[-82,-11],[-369,-83],[-206,-36]],[[99794,75325],[123,-52],[82,-47],[0,-46],[-41,-42],[-82,-52],[-164,-26],[-124,-21],[-164,-31],[-41,21],[-41,5],[-41,11],[-41,10],[-164,-47],[-206,-26],[-205,-5],[-164,21],[-124,41],[41,32],[83,36],[41,42],[82,46],[164,47],[205,36],[165,26],[164,5],[328,0],[124,16]],[[493,99978],[41,-15],[41,0],[123,15],[82,-47],[411,-83],[205,-57],[-123,-20],[-287,-32],[-124,-20],[-123,-16],[-287,-5],[-165,-11],[-164,16],[-82,36],[0,37],[-41,36],[123,47],[164,104],[165,36],[41,-21]]]}