{"type":"Topology","transform":{"scale":[0.000030168603369050496,0.00003076618551911794],"translate":[-13.300333003330024,6.918658127689341]},"objects":{"SLE":{"type":"MultiPolygon","arcs":[[[0]],[[1]]]}},"arcs":[[[23389,22557],[238,-164],[1313,55],[597,-165],[477,-329],[358,-385],[358,-439],[-358,-274],[0,-329],[239,-988],[-120,-549],[-238,-384],[-358,-330],[-239,-494],[0,-548],[239,-1043],[0,-439],[-478,-330],[-477,-109],[-597,164],[-238,494],[596,0],[-477,824],[-477,823],[-716,604],[-716,219],[-478,55],[-2983,768],[-1074,549],[-2864,384],[-3341,933],[0,220],[1193,274],[120,439],[477,440],[477,164],[1313,220],[3580,0],[597,55],[1193,329],[2028,165],[597,-55],[716,-275],[-477,-549]],[[99999,50878],[0,-1647],[-955,-4006],[-596,-1208],[-120,-768],[239,-878],[239,-659],[0,-604],[-836,-768],[-716,-384],[-596,-165],[-716,-110],[-2626,0],[-715,-109],[-716,-385],[-478,-603],[-835,-1373],[-358,-329],[-835,-439],[-239,-274],[-119,-275],[-120,-384],[120,-7848],[-836,-110],[-238,-110],[-1552,-823],[-1193,-1043],[-4415,-5269],[-358,-384],[-358,-329],[-478,-165],[-1312,-274],[-1313,-769],[-4892,-3787],[-597,-713],[-2148,-2745],[-358,-219],[-2625,-1207],[-597,-110],[-1193,-1811],[-597,-494],[-119,-165],[119,-329],[477,-714],[120,-439],[-120,-274],[-119,-165],[-238,-110],[-716,-55],[-120,-219],[120,-659],[-120,-494],[-238,-603],[-239,-549],[-955,-494],[-119,-549],[119,-823],[-238,-165],[-1074,-494],[-597,439],[-1313,329],[-716,330],[-596,439],[-478,439],[239,55],[119,55],[120,109],[119,220],[-835,0],[-478,-55],[-238,-165],[-239,0],[-239,714],[-477,494],[-1790,1427],[-4654,2634],[-7756,2799],[-7995,3074],[-6444,1976],[1074,823],[1193,55],[1193,-384],[1194,-494],[-120,274],[-119,220],[-239,109],[-358,55],[-238,55],[-239,439],[-358,165],[-597,274],[-358,0],[-596,-274],[-239,110],[-239,219],[-358,165],[-119,274],[358,604],[358,604],[716,549],[358,494],[358,329],[597,-165],[358,165],[358,55],[835,0],[239,0],[358,164],[238,0],[239,-55],[358,-274],[239,-55],[596,165],[597,329],[597,275],[954,54],[-119,110],[-119,220],[0,164],[596,165],[597,55],[477,219],[119,659],[-238,0],[-239,-55],[-239,0],[-119,-55],[-239,-109],[-238,274],[0,165],[-358,-55],[-358,0],[-358,-55],[-119,-220],[-120,-274],[-238,-165],[-478,-110],[-477,-219],[-597,0],[-358,-55],[-716,-329],[-716,-165],[-716,-274],[-358,-110],[-238,55],[-597,110],[-358,54],[-835,275],[-239,604],[-119,713],[-597,439],[0,220],[239,164],[0,165],[119,274],[-119,275],[-239,-220],[-239,-109],[-238,-55],[-120,219],[-238,0],[0,-494],[-836,769],[478,1097],[1193,1702],[597,-275],[119,-164],[239,219],[-239,439],[0,439],[239,385],[477,109],[-716,439],[-597,-548],[-954,-1482],[-1671,-988],[-1074,-384],[-477,384],[-239,0],[-2148,384],[-238,0],[-239,55],[-239,110],[-1312,878],[-597,219],[-358,330],[-239,603],[-119,549],[0,439],[358,275],[597,274],[-597,-110],[-1671,-658],[-1551,988],[-477,823],[-239,384],[-597,165],[-358,109],[-358,385],[-716,823],[597,110],[1193,603],[597,165],[477,-55],[597,-164],[1074,-494],[-716,713],[-835,549],[-716,659],[-478,1591],[-119,110],[-119,110],[0,219],[238,439],[120,439],[238,494],[239,385],[358,329],[-1074,164],[-477,385],[-239,658],[-477,824],[-358,219],[-478,220],[-358,274],[-238,494],[119,494],[0,384],[119,439],[239,384],[-239,-54],[-238,-165],[-120,-110],[-238,-110],[-239,-55],[-239,0],[-119,0],[-239,55],[-1432,-219],[-835,-330],[-835,-493],[-835,-604],[-478,-604],[-238,0],[0,494],[0,1372],[-120,714],[0,384],[120,384],[-358,274],[-1194,1812],[-119,0],[0,164],[-119,0],[-239,55],[0,275],[-239,329],[-835,1098],[-239,109],[-119,330],[-239,329],[-358,110],[478,549],[119,274],[0,384],[0,329],[-477,604],[-120,329],[716,-109],[120,-110],[238,110],[120,-55],[119,-275],[597,220],[596,0],[597,-220],[477,-274],[478,-439],[596,-1098],[1194,-603],[835,-714],[835,-604],[597,110],[238,0],[0,274],[-358,55],[-358,165],[-238,274],[-120,385],[358,0],[0,219],[-954,220],[-835,274],[-478,494],[239,768],[358,330],[1074,329],[358,274],[238,330],[239,329],[239,165],[477,-165],[0,384],[119,330],[120,329],[238,274],[358,-109],[2148,-110],[597,-165],[358,-55],[239,110],[716,439],[358,110],[-597,165],[-716,-110],[-716,55],[0,384],[597,768],[1193,2525],[-835,-988],[-478,-878],[-716,-659],[-1193,-329],[-597,0],[-477,110],[-477,0],[-836,-494],[-596,-55],[-478,164],[-357,440],[715,164],[358,384],[358,439],[597,385],[0,219],[-239,55],[-238,55],[-120,110],[-119,219],[-239,0],[-238,-988],[-239,-384],[-358,-165],[-596,165],[-478,384],[-596,769],[-358,-165],[-239,0],[-119,220],[-120,384],[-238,-549],[358,-384],[477,-220],[477,-164],[-477,-220],[955,-659],[119,-768],[-597,-659],[-596,-603],[119,-275],[0,-274],[-239,-220],[-238,-109],[-358,109],[-120,220],[-954,1427],[-239,549],[-239,933],[-238,603],[-358,549],[-239,384],[-239,330],[0,549],[120,988],[119,54],[-119,3403],[835,1043],[477,110],[120,-110],[119,-219],[239,-220],[2506,0],[596,110],[597,274],[954,110],[1910,-55],[-1313,384],[-239,-55],[-238,-219],[-597,0],[-597,110],[-357,219],[-358,-165],[-597,-109],[-477,55],[-239,329],[0,219],[-239,110],[-238,-55],[-120,55],[-119,275],[119,109],[120,55],[358,604],[596,329],[836,110],[835,55],[0,274],[-597,165],[-835,-165],[-1313,-494],[-835,-54],[-835,164],[-597,494],[-239,769],[-119,-165],[-119,0],[0,-55],[0,-274],[-478,494],[-238,-55],[0,-110],[-120,-110],[-119,-219],[-716,603],[119,1537],[-477,604],[0,164],[716,549],[1551,439],[836,165],[477,-110],[1313,-768],[716,-275],[477,110],[1074,714],[1193,603],[597,330],[477,549],[477,1042],[239,494],[358,439],[119,55],[597,55],[119,55],[-119,274],[-358,549],[-239,330],[239,933],[477,988],[716,494],[597,-659],[716,384],[716,0],[597,0],[716,110],[596,439],[716,1262],[597,275],[477,109],[0,275],[-119,274],[0,275],[239,329],[238,165],[478,329],[238,-55],[120,-110],[119,0],[119,220],[120,165],[119,109],[239,220],[119,164],[1193,3568],[0,165],[-119,109],[0,165],[358,110],[119,55],[119,55],[120,109],[0,110],[358,1098],[119,274],[358,110],[239,-55],[358,0],[119,275],[0,1427],[119,54],[478,933],[358,330],[1074,603],[119,0],[0,110],[0,439],[0,165],[239,0],[119,-55],[119,110],[0,164],[-119,330],[0,110],[477,2414],[-119,330],[0,219],[0,220],[239,274],[1193,659],[1551,549],[4893,1043],[835,-55],[597,-330],[596,-549],[716,-493],[716,-220],[478,-110],[596,0],[1074,220],[6206,1317],[238,274],[120,1976],[14081,110],[7040,0],[835,-55],[1194,-329],[477,-55],[358,-274],[239,-769],[358,-2140],[238,-385],[2506,-1481],[1313,-1263],[1193,-1482],[836,-1427],[358,-1097],[238,-330],[120,-109],[596,-220],[239,-165],[119,-219],[239,-878],[238,-275],[836,-603],[358,-330],[119,-274],[119,-878],[239,-275],[358,-164],[239,-220],[0,-494],[-239,-768],[119,-604],[358,-494],[478,-494],[596,-329],[0,-220],[-358,-219],[-238,-275],[358,-164],[596,0],[239,55],[358,-55],[358,0],[239,-55],[358,-604],[477,-329],[358,-275],[358,-164],[1432,-1208],[119,-384],[-119,-384],[-239,-329],[-119,-440],[0,-274],[119,-549],[-119,-274],[-239,-384],[-358,-220],[-358,-165],[-358,-219],[-596,-1043],[-358,-1372],[238,-1207],[1194,-330],[1432,55],[1312,-165],[716,-219],[478,-274],[0,-220],[0,-220],[0,-54],[-478,-1921],[-119,-1153],[0,-2360],[119,-329],[239,-933],[0,-110],[0,-384],[0,-110],[119,-110],[239,-164],[119,-55],[1313,-1757],[477,-384],[239,-329],[1432,-1811],[-239,-714],[-477,-658],[-597,-385],[-835,-55],[-597,-164],[-716,-494],[-477,-714],[-477,-933],[-597,-494],[-239,-384],[0,-439],[0,-384],[-119,-220],[-358,-54],[-477,-2800],[-478,-823],[-596,-658],[-836,-1098],[-238,-1043],[596,-604],[239,1098],[716,659],[835,329],[1194,-55],[477,-219],[955,-604],[358,-55],[596,219],[1194,769],[1909,1866],[358,494],[835,1592],[358,439],[358,329],[358,274],[597,165],[954,165],[239,0],[955,-275],[238,-164],[239,-110],[358,55]]]}