{"type":"Topology","transform":{"scale":[0.000024120482407236204,0.000012867087467380758],"translate":[-90.11430114301143,13.157951139905919]},"objects":{"SLV":{"type":"MultiPolygon","arcs":[[[0]]]}},"arcs":[[[31194,97768],[597,-262],[1642,-394],[1343,-1181],[2089,-788],[1045,-1312],[1940,-1050],[299,656],[597,2100],[448,525],[298,262],[299,-131],[149,-262],[298,-656],[150,-657],[149,-787],[-149,-787],[-150,-788],[448,-787],[1493,-263],[597,-656],[298,-918],[149,-2363],[150,-656],[1194,-1574],[298,-788],[448,-1181],[149,-919],[0,-393],[0,-656],[149,-788],[299,-525],[448,263],[447,525],[597,393],[747,0],[1045,-1181],[746,-1968],[597,-2362],[298,-2231],[747,262],[1791,-262],[597,262],[447,525],[299,131],[298,-918],[0,-1313],[-298,-1312],[0,-1050],[597,-787],[895,-263],[299,-131],[298,-394],[150,-525],[149,-656],[-149,-393],[0,-132],[298,132],[1045,262],[1045,-131],[3134,-1837],[1940,-263],[299,-262],[448,-657],[-150,-262],[0,-131],[0,-132],[-149,0],[0,-131],[149,-918],[0,-788],[-149,-1050],[0,-1049],[149,-788],[448,-2100],[0,-1181],[-448,-1050],[1194,0],[747,919],[746,525],[1642,656],[447,0],[597,-394],[299,-131],[149,263],[0,393],[0,525],[149,263],[150,0],[447,0],[299,-263],[298,-131],[299,919],[448,262],[447,131],[448,263],[299,525],[149,525],[149,525],[299,525],[447,393],[448,-131],[299,131],[149,1050],[-149,263],[-299,525],[-149,393],[0,1444],[0,262],[448,263],[597,0],[149,-131],[1045,-394],[597,0],[2089,525],[1194,-131],[448,-788],[597,-2887],[597,-1312],[746,-1313],[747,-1443],[298,-1837],[1940,1706],[597,262],[299,-131],[597,-656],[298,-263],[150,263],[597,656],[298,262],[448,0],[746,-393],[448,131],[448,525],[298,787],[448,525],[597,131],[448,-525],[298,-2099],[299,-919],[298,-262],[597,-394],[149,-263],[747,-1049],[1194,-1838],[746,-525],[-448,-1181],[-746,-3412],[-299,-1312],[299,-1312],[-149,-788],[-448,-787],[-448,-919],[-149,-1312],[149,-2887],[-149,-1444],[-1045,-4462],[-149,-2099],[448,-1838],[298,-262],[896,525],[597,-394],[298,-656],[299,-919],[0,-1050],[0,-1049],[-747,-1444],[-3283,-2756],[-299,394],[-298,656],[-299,1706],[-1194,-3806],[-298,-2099],[746,-1050],[597,-263],[1343,-2493],[747,-919],[149,-393],[0,-1050],[-448,-1575],[-746,-1181],[-3134,-2887],[-747,-1181],[-149,-1313],[896,-1181],[-1493,-656],[-5671,787],[-1344,525],[-298,0],[-747,-525],[-3582,-656],[-3731,1181],[-1045,-656],[-597,394],[-597,262],[0,394],[1045,131],[0,1181],[-448,1444],[-746,1050],[149,-656],[448,-1181],[149,-788],[-1492,0],[-746,-131],[-597,-394],[447,-394],[299,132],[448,131],[597,131],[0,-656],[-1045,-656],[-1045,0],[-746,918],[-299,1969],[448,-394],[149,-131],[448,1050],[0,394],[-597,656],[-895,1968],[-448,656],[149,-1181],[149,-918],[150,-788],[-150,-787],[-597,656],[-1791,787],[-746,657],[-597,2231],[-448,393],[-448,131],[-1343,525],[-597,0],[-1642,-656],[-2388,-131],[-447,-394],[149,-393],[298,-263],[299,-131],[298,262],[1194,-525],[3284,657],[448,-132],[597,-525],[149,-524],[597,-1182],[298,-393],[0,-656],[-746,262],[-597,263],[-1194,656],[0,-525],[3433,-1313],[1791,-1049],[746,-1444],[-298,-919],[-746,263],[-747,787],[-597,788],[-597,525],[-10746,3674],[-1343,1050],[-10149,8792],[-4926,5512],[-2835,2231],[-3135,1313],[-1343,0],[-1045,524],[-5970,-131],[-2537,1181],[-1194,394],[-2537,1575],[-1493,-525],[-3881,-131],[-597,918],[-447,2756],[-150,1837],[-447,788],[-896,918],[-3433,3544],[-2835,2362],[-2985,2625],[-896,5249],[0,1181],[149,1312],[150,1181],[298,1181],[597,919],[1045,1050],[597,787],[298,1050],[299,1181],[298,1050],[597,1050],[4030,5118],[896,1575],[447,525],[1791,1312],[597,0],[747,-262],[1194,-1575],[597,-525],[597,656],[0,394],[0,131],[-299,1181],[0,525],[0,656],[1791,5774],[896,1575],[1045,1575],[1044,787],[4478,1969],[298,525],[0,1181],[-149,394],[-597,393],[-149,394],[0,525],[-149,1181],[0,262],[-299,919],[-149,262],[-149,394],[-299,263],[-895,262],[-299,1050],[299,656],[447,525],[299,787],[-149,919],[-299,787],[-298,788],[298,1312],[597,788],[597,-132],[448,-787],[149,-1444],[597,657],[1045,2231],[298,262],[448,394],[597,-132],[448,-524],[448,-263],[746,263],[895,1706],[448,262],[0,-1444],[299,657],[0,131],[1194,-1575]]]}