{"type":"Topology","transform":{"scale":[0.0000010800216003240876,9.118408441450885e-7],"translate":[12.385923859238602,43.89174602904092]},"objects":{"SMR":{"type":"MultiPolygon","arcs":[[[0]]]}},"arcs":[[[0,35185],[10000,27777],[13333,11111],[10000,9259],[30000,12963],[26666,3704],[6667,-11111],[3333,-18518],[-3333,-18519],[-6667,-11111],[0,-1852],[-3333,-1851],[0,-1852],[-3334,-3704],[3334,-3703],[-16667,-24074],[-29999,-3704],[-26667,12963],[-13333,22222]]]}