{"type":"Topology","transform":{"scale":[0.00010451009019135265,0.00013686055632955606],"translate":[40.96660966609667,-1.6964631032521993]},"objects":{"SOM":{"type":"MultiPolygon","arcs":[[[0]]]}},"arcs":[[[5443,0],[0,148],[34,457],[-34,135],[-104,161],[-379,370],[-482,469],[-482,481],[-482,481],[-483,469],[-447,432],[-517,518],[-482,481],[-483,469],[-241,234],[-241,247],[-241,234],[-241,247],[-35,555],[0,519],[0,506],[-34,801],[0,790],[0,790],[-35,802],[0,493],[0,494],[0,592],[0,913],[0,913],[0,913],[0,913],[0,913],[0,913],[0,913],[0,913],[0,913],[0,790],[0,123],[0,913],[0,913],[0,913],[0,913],[0,913],[0,913],[0,777],[0,778],[0,789],[0,778],[0,530],[-34,987],[0,950],[0,383],[138,209],[310,247],[792,592],[792,593],[793,592],[757,592],[517,543],[482,543],[517,543],[482,543],[793,875],[826,876],[793,876],[792,876],[138,149],[138,74],[34,98],[0,222],[69,136],[172,123],[655,309],[551,333],[344,123],[310,62],[827,12],[723,0],[1103,148],[1481,186],[1447,185],[654,98],[413,124],[345,172],[34,13],[276,234],[138,235],[172,518],[138,247],[69,74],[69,74],[723,444],[792,506],[1068,394],[1102,395],[1068,395],[689,235],[1068,185],[723,135],[930,161],[310,49],[827,222],[345,62],[585,-25],[482,-12],[483,-25],[516,-25],[483,-24],[516,-13],[483,-24],[482,-25],[517,-25],[482,-24],[517,-13],[447,-24],[35,0],[482,-25],[517,-25],[482,-12],[517,-25],[482,-24],[517,-25],[275,86],[758,630],[551,456],[1034,851],[1033,864],[999,851],[1033,852],[104,98],[930,765],[1033,852],[1034,863],[999,852],[585,456],[586,457],[585,456],[586,457],[586,456],[585,457],[586,456],[585,457],[414,308],[206,148],[173,136],[447,321],[414,320],[206,136],[448,346],[483,345],[447,333],[483,346],[447,345],[483,346],[447,333],[483,345],[448,346],[482,345],[448,346],[482,333],[448,345],[482,346],[448,345],[482,333],[448,346],[482,345],[379,272],[69,74],[482,333],[448,345],[482,346],[448,345],[482,333],[448,346],[482,345],[448,346],[482,333],[586,666],[551,666],[586,667],[585,666],[551,666],[586,654],[586,666],[551,666],[585,667],[586,666],[551,666],[586,666],[585,654],[551,667],[586,666],[586,666],[0,814],[0,827],[0,827],[0,814],[0,827],[0,814],[0,827],[0,814],[0,827],[0,814],[0,826],[0,815],[0,826],[0,815],[0,826],[0,827],[344,12],[1275,185],[1240,173],[379,124],[137,148],[104,61],[103,-37],[103,-49],[104,0],[620,49],[172,25],[138,49],[517,222],[172,25],[138,62],[241,320],[137,124],[173,37],[206,12],[448,0],[35,13],[137,61],[104,25],[103,0],[276,-49],[861,-62],[448,37],[275,173],[69,0],[172,74],[104,24],[69,13],[103,74],[69,12],[69,0],[69,-12],[34,-25],[35,-12],[861,24],[172,-24],[585,234],[173,123],[103,50],[345,-12],[103,37],[69,37],[103,37],[413,86],[207,99],[792,481],[414,74],[206,86],[310,272],[276,197],[138,123],[34,148],[0,173],[69,161],[35,160],[103,136],[207,222],[137,86],[138,49],[104,13],[275,86],[35,50],[34,37],[34,12],[69,0],[69,-37],[69,-12],[207,49],[413,123],[345,62],[103,49],[241,25],[655,-345],[999,-74],[551,-346],[206,-49],[724,0],[206,-37],[311,-124],[206,-37],[207,0],[241,-24],[172,-62],[241,-49],[-137,-235],[-104,-296],[-172,-222],[69,-346],[-69,-222],[-172,-111],[-172,-209],[-310,-210],[-311,-321],[-206,-173],[-35,-49],[0,-74],[35,-111],[0,-62],[0,-172],[-69,-161],[-310,-493],[-35,-124],[-34,-481],[-69,-308],[138,-334],[413,-197],[414,-12],[172,-148],[-241,-161],[-207,-345],[-103,-124],[-104,-98],[-34,-161],[-35,-172],[104,-1012],[103,-1296],[241,-579],[-69,-74],[-206,-25],[-241,-62],[-69,-123],[69,-321],[-69,-148],[-69,-99],[-172,-37],[-207,-12],[-172,-49],[-173,-112],[-68,-135],[68,-111],[207,-25],[1447,222],[103,-12],[104,-25],[68,12],[35,50],[-35,86],[-103,37],[-69,37],[-34,50],[-35,160],[0,148],[-69,160],[-103,148],[138,-98],[172,-87],[103,-86],[173,-74],[103,-49],[103,-37],[207,-124],[103,-49],[173,-25],[172,-24],[69,12],[103,37],[103,25],[207,-13],[172,-24],[69,-161],[138,-62],[-69,-135],[-138,-247],[-103,-25],[-34,-37],[-69,-37],[0,-98],[-69,0],[-172,49],[-138,0],[-138,25],[-172,-50],[-276,50],[-69,135],[-34,87],[-69,86],[-138,37],[-1447,-136],[-689,-185],[-861,-395],[-172,-234],[-69,-444],[103,-420],[-275,-555],[34,-333],[104,-234],[34,-87],[-34,-86],[-69,-99],[-138,-518],[34,-74],[-103,-160],[-69,-136],[-103,-358],[-103,-271],[-69,-74],[34,-210],[0,-74],[-69,-136],[-69,-444],[-172,-197],[0,-223],[69,-382],[241,-469],[35,-148],[-35,-136],[-69,-135],[-585,-728],[-207,-124],[-413,-123],[-138,-86],[-138,-111],[-276,-346],[-69,-111],[104,-469],[-35,-160],[-137,-272],[-276,-259],[-1033,-629],[-310,-222],[-242,-247],[-172,-222],[-103,-296],[-172,-605],[-173,-259],[-447,-419],[-69,-148],[34,-444],[-34,-136],[-138,-272],[-138,-123],[-138,-62],[-206,-49],[-69,-111],[-69,-148],[-103,-136],[-620,-617],[-69,-98],[-138,-235],[-276,-641],[-206,-284],[-345,-222],[-1206,-580],[-861,-654],[-172,-210],[-103,-259],[-69,-518],[34,-86],[138,-74],[35,-161],[0,-185],[-69,-136],[-276,-296],[-276,-234],[-103,-124],[-34,-320],[-35,-124],[-999,-1320],[-516,-678],[-620,-556],[-1482,-1567],[-689,-1048],[-447,-518],[-483,-1000],[-1171,-1888],[-34,-160],[34,-160],[103,-309],[0,-160],[-137,-642],[-310,-555],[-827,-1061],[-965,-1271],[-1481,-1727],[-482,-790],[-241,-259],[-689,-506],[-965,-1221],[-1136,-938],[-1206,-1246],[-1412,-2159],[-1034,-1148],[-1033,-839],[-2515,-2060],[-826,-901],[-1482,-1147],[-1240,-987],[-1584,-1283],[-241,-198],[-1723,-1530],[-1274,-876],[-724,-653],[-1309,-839],[-723,-543],[-586,-333],[-34,-62],[-35,-74],[-68,-62],[-35,-25],[-172,-49],[-69,-111],[-103,-148],[-69,-148],[-138,-74],[-379,-136],[-896,-715],[-103,-111],[-172,-222],[-103,-99],[-379,-185],[-173,-210],[-172,-123],[-1929,-950],[-1102,-469],[-999,-444],[-3273,-1432],[-310,-148],[-206,-37],[-104,-24],[-1894,-679],[-1619,-851],[-103,-74],[-104,-25],[-1309,-728],[-1205,-567],[-2067,-1234],[-1068,-839],[-207,-74],[-413,-185],[-103,-74],[-35,-62],[-34,-74],[0,-148],[-35,-25],[-172,-37],[-69,-37],[-69,-62],[-654,-518],[-207,-98],[-207,-50],[-103,-61],[-448,-432],[-1068,-444],[-379,-210],[-447,-481],[-173,-74],[-137,-37],[-414,-260],[-1825,-1344],[-1757,-1506],[-965,-715],[-895,-679],[-1895,-1616],[-1171,-962],[-551,-346],[-620,-382],[-655,-506],[-241,-247],[0,-74],[0,-62],[-34,-49],[-242,-37],[-68,-49],[-379,-383],[-35,-123],[104,-74],[-104,-124],[-34,-37],[0,50],[0,37],[0,37],[-69,37],[-482,-309],[-104,-74],[-34,-123],[-172,-123],[-310,-223],[-930,-876],[-35,-61],[0,-62],[-34,-37],[-69,-25],[-35,-24],[-413,-457],[-241,-197],[-138,-74],[-138,-62],[-206,-37],[-276,12],[-138,-24],[-103,-74],[207,-37],[0,-136],[-104,-160],[-69,-74],[-138,-62],[-137,-124],[-104,-160],[-34,-136],[-35,-61],[-344,-185],[-103,-37],[-35,49],[-34,308],[0,284],[-35,124],[-69,0],[35,-112],[-35,-86],[-68,-74],[0,-86],[0,-87],[68,-98],[0,-87],[35,-86],[69,-49],[69,-25],[34,-62],[-34,-99],[-104,-148],[0,-86],[-69,-86],[-206,-161],[-69,-49],[0,-99],[-69,-74],[-34,-74],[-379,-333],[-35,-74],[35,-62],[68,0],[104,37],[69,50],[-138,-198],[-207,-12],[-206,111],[-69,197],[-35,0],[0,-148],[104,-259],[0,-135],[-35,-136],[-999,-1234],[-241,-210],[-172,-209],[-379,-556],[-172,-111],[-207,-98],[-344,-432],[-207,-124],[69,0],[-241,-197]]]}