{"type":"Topology","transform":{"scale":[0.000002520050400756015,0.00000388376655839599],"translate":[-56.39636396363963,46.75219592422221]},"objects":{"SPM":{"type":"MultiPolygon","arcs":[[[0]],[[1]]]}},"arcs":[[[89999,1304],[-10000,-1304],[-11428,435],[-7143,3043],[8571,5652],[4286,2609],[7143,2174],[4285,869],[7143,435],[5714,-869],[-1428,-3479],[-1429,-1304],[-2857,-1304],[0,-1305],[-1428,-1739],[5714,-1304],[2857,-435],[-10000,-2174]],[[48571,63478],[-2857,-2174],[-4286,-1305],[-2857,435],[0,1305],[-1429,1304],[-1428,435],[-2857,0],[-5714,-1739],[-5715,869],[-2857,0],[0,-2609],[1429,-1304],[2857,-435],[1428,435],[4286,-869],[1429,0],[2857,-435],[1428,-870],[1429,-1739],[-1429,-1304],[-1428,-870],[-1429,-869],[0,-10435],[2857,-3044],[2857,-1304],[11429,0],[15714,-6087],[-5714,-7826],[-15714,-7391],[-22857,-7391],[-4286,-870],[-5714,1305],[-2857,3478],[1428,1739],[0,2174],[-7142,2608],[-1429,3044],[7143,3913],[14285,6087],[5715,10000],[-2858,10434],[-19999,20870],[-1429,3913],[-1428,9565],[-1429,3913],[0,2609],[2857,3043],[4286,2174],[4285,1739],[5715,0],[4285,-1304],[-7142,-2609],[-4286,-2174],[0,-3043],[5714,-2609],[7143,-1739],[12857,-1304],[21428,-7392],[0,-2608],[0,-3479],[-1428,-3478],[-5714,-2174],[-1429,-2608]]]}