{"type":"Topology","transform":{"scale":[0.000041400828012420324,0.000039394901655379966],"translate":[18.84438844388444,42.235251727286]},"objects":{"SRB":{"type":"MultiPolygon","arcs":[[[0]]]}},"arcs":[[[33739,98327],[1565,-1414],[261,-386],[522,-1157],[347,-386],[435,-257],[957,-300],[434,-214],[1305,-858],[435,-171],[869,-43],[522,-172],[348,-257],[782,-1071],[174,-86],[435,-214],[174,-172],[87,-214],[0,-514],[87,-86],[0,-172],[261,-257],[521,-557],[261,-343],[261,-171],[348,-43],[348,43],[261,214],[174,257],[173,257],[348,43],[261,-86],[174,-257],[0,-214],[-87,-257],[-87,-257],[87,-1329],[-87,-343],[-87,-214],[-261,-472],[-174,-643],[87,-428],[696,-901],[261,-600],[0,-343],[-348,-257],[-609,-343],[174,-342],[348,-172],[435,-86],[435,-171],[348,-257],[782,-858],[1565,-1028],[870,-900],[435,-258],[782,-257],[1218,-385],[174,-172],[260,-171],[174,-129],[261,-43],[261,86],[435,300],[261,43],[348,-215],[782,-900],[435,-343],[783,-428],[434,-129],[1044,-43],[2521,-557],[696,-300],[609,-386],[608,-514],[261,-214],[87,-343],[-87,-300],[-261,-215],[-347,0],[-261,-85],[-174,-172],[-174,-214],[0,-43],[0,-129],[0,-214],[0,-86],[-87,-128],[-174,-172],[-87,-128],[-87,-343],[0,-172],[-87,-128],[-348,-172],[-173,-85],[-696,-43],[-174,-86],[-174,-214],[-174,-257],[87,-215],[348,-43],[348,-42],[87,-129],[0,-171],[0,-129],[521,-257],[1218,-172],[608,-214],[783,-257],[348,-214],[261,-429],[-87,-472],[-348,-214],[-957,-214],[-695,-86],[-1391,43],[-696,-172],[-261,-214],[-261,-257],[-87,-343],[435,-129],[435,-257],[435,-686],[347,-128],[2087,-172],[1479,86],[434,-86],[435,-300],[261,-428],[87,-429],[261,-471],[869,-686],[1218,-257],[1217,0],[1044,171],[956,300],[348,86],[435,-86],[2174,-857],[782,-86],[261,-171],[609,-1243],[87,-172],[87,-171],[87,-300],[87,-215],[260,-171],[261,-129],[261,-171],[261,-729],[435,-300],[522,-171],[521,-43],[522,86],[348,257],[2782,3729],[87,386],[348,214],[1044,171],[434,215],[870,686],[261,171],[609,-43],[434,-43],[348,-171],[1652,-1415],[870,-471],[782,-300],[1914,-172],[347,-214],[1218,-1029],[-174,-428],[-348,-343],[-609,-215],[-434,-42],[-522,85],[-870,472],[-522,128],[-521,43],[-435,-128],[-348,-257],[-174,-429],[-87,-429],[-174,-257],[-347,-86],[-783,-42],[-261,-43],[-174,-129],[-87,-214],[-87,-343],[0,-343],[87,-214],[522,-343],[87,-172],[0,-214],[0,-386],[0,-214],[435,-729],[608,-643],[783,-514],[956,-343],[1044,-86],[435,-171],[174,-343],[-87,-1243],[87,-343],[87,-43],[-1044,-343],[-261,-171],[-348,-472],[-347,-343],[-87,-42],[0,-129],[0,-129],[0,-85],[87,0],[-261,-772],[-87,-257],[87,-257],[174,-557],[0,-215],[-348,-386],[-435,-85],[-435,43],[-521,-129],[-261,-300],[-174,-386],[-348,-257],[-522,0],[-348,-43],[-782,-128],[-522,-172],[-261,-343],[-87,-300],[0,-728],[-87,-429],[-87,-86],[-174,-343],[-87,-128],[-87,-772],[-173,-771],[-348,-600],[-87,-558],[261,-686],[608,-557],[87,-214],[-87,-429],[0,-171],[87,-343],[174,-343],[174,-300],[261,-257],[261,-214],[696,-300],[260,-215],[174,-300],[0,-600],[174,-300],[0,-43],[0,-43],[-87,-85],[0,-86],[0,-86],[87,-86],[87,-85],[0,-43],[0,-86],[-87,-43],[0,-128],[-87,-129],[0,-129],[348,-471],[435,-1200],[261,-472],[261,-257],[869,-300],[174,-128],[348,-343],[174,-129],[261,-43],[521,43],[261,-86],[174,-128],[261,-429],[87,-43],[87,-128],[261,-86],[435,43],[260,-43],[348,-129],[174,-43],[174,-128],[1739,-1329],[348,-343],[87,-214],[0,-472],[87,-171],[174,-171],[609,-472],[608,-686],[348,-257],[435,-171],[1217,-215],[348,-128],[87,-300],[0,-343],[-261,-815],[-435,-857],[-521,-557],[-174,-129],[-435,-171],[-174,-129],[-87,-171],[-174,-472],[-174,-171],[-956,-772],[-348,-343],[-348,-85],[-696,-129],[-260,-128],[-174,-215],[-87,-343],[-435,-1200],[-174,-300],[0,-43],[-348,-257],[-695,-257],[-696,-129],[-1826,386],[-696,-86],[-348,-171],[-87,-129],[-174,-85],[-434,42],[-348,0],[-174,-128],[-435,-472],[-261,-171],[-608,-257],[-174,-129],[-174,-171],[-87,-86],[0,-129],[87,-85],[522,-1072],[347,-386],[348,-214],[87,-86],[0,-85],[0,-86],[-87,-43],[-261,-257],[-695,-943],[174,-343],[-87,-600],[-87,-300],[-261,-986],[-87,-514],[87,-43],[1217,-900],[783,-429],[261,-300],[174,-343],[173,-386],[-86,-514],[-348,-943],[-261,-429],[-261,-128],[-348,-43],[-348,-129],[-347,-386],[-435,-943],[-348,-342],[-435,-129],[-956,0],[-522,-214],[-435,43],[-435,128],[-347,214],[-435,343],[0,172],[-87,428],[-87,129],[-174,-43],[-696,-514],[-3304,-1072],[-870,-128],[-347,43],[-435,42],[-783,215],[-1304,514],[-261,43],[-261,-86],[-869,-557],[-174,-43],[-957,0],[-435,-86],[-2347,-1114],[-348,-129],[-348,-343],[-348,-171],[-435,0],[-869,171],[-1131,0],[-347,129],[-174,686],[-957,1114],[0,600],[522,429],[1478,343],[435,386],[174,385],[-174,815],[87,386],[174,257],[956,771],[1218,1543],[260,600],[0,86],[-173,214],[-87,129],[87,43],[173,86],[0,43],[87,85],[87,515],[0,42],[261,172],[261,86],[261,128],[87,215],[-174,557],[-435,257],[-174,86],[-695,128],[-522,-43],[-1044,-343],[-347,0],[-435,215],[-783,728],[-348,258],[-608,171],[-2348,257],[-609,-43],[-348,0],[-347,86],[-261,129],[0,85],[87,86],[87,129],[87,386],[347,857],[87,428],[0,515],[0,128],[-173,215],[-522,0],[-783,128],[-261,129],[-434,300],[-261,128],[-261,43],[-609,0],[-261,86],[-695,600],[-87,815],[-87,771],[-348,557],[-435,86],[-261,-214],[-348,-129],[-434,214],[-261,300],[-348,1329],[-348,600],[-435,257],[-1565,43],[-522,172],[-260,128],[-2000,858],[-1740,814],[-173,214],[86,0],[87,343],[87,343],[-87,129],[348,214],[174,-43],[87,0],[-174,343],[-174,172],[-261,171],[-434,300],[-261,86],[-348,85],[-609,-85],[-608,-172],[-1913,-1114],[-522,-172],[-783,0],[-174,-128],[-174,-343],[87,-257],[261,-472],[174,-557],[174,-257],[174,-172],[174,-42],[261,42],[261,0],[174,-171],[-87,-643],[-522,-814],[-696,-772],[-435,-386],[-347,0],[-261,43],[-261,43],[-174,-214],[-261,-386],[-87,-171],[-261,-129],[-435,-129],[-434,0],[-435,-85],[-348,-429],[-261,-686],[435,-343],[522,-257],[87,-300],[174,-214],[-609,-600],[-1131,-343],[-1999,-343],[260,986],[-87,600],[-347,428],[-1479,558],[-1304,728],[-696,215],[-1304,128],[-261,43],[-348,86],[-1391,1114],[-87,43],[-783,643],[-1478,772],[-261,214],[-174,257],[-173,257],[-174,172],[-261,85],[-261,-85],[-522,-429],[-261,-171],[-869,-43],[-783,43],[-609,171],[-434,300],[-435,472],[-783,985],[-174,0],[-174,-128],[-347,-86],[-522,43],[-1044,257],[-521,172],[-348,300],[-783,771],[-87,0],[-782,557],[-261,300],[-435,729],[-261,343],[-1478,1114],[-957,1158],[-434,257],[-3305,1114],[-608,429],[-435,686],[0,728],[435,558],[608,0],[261,428],[261,600],[261,386],[261,86],[696,-86],[260,0],[261,129],[609,343],[174,42],[435,-171],[434,-386],[348,-514],[174,-429],[174,-214],[261,214],[261,558],[348,42],[869,-300],[174,86],[87,129],[-87,85],[-174,129],[-87,300],[-87,343],[87,343],[87,300],[609,471],[0,686],[-609,1415],[-522,814],[-2434,2057],[-1305,1586],[-695,729],[-870,472],[-261,128],[261,214],[87,172],[-174,300],[0,214],[174,215],[174,171],[522,86],[348,43],[347,-86],[609,-343],[609,-429],[348,-171],[347,43],[348,85],[1218,43],[1391,-85],[609,42],[608,129],[957,557],[435,386],[173,386],[-173,471],[-261,215],[-261,-43],[-174,-172],[-87,-43],[-174,129],[-435,343],[-782,343],[-87,171],[-435,472],[-435,300],[-87,128],[-87,472],[-174,214],[-174,0],[-260,-214],[-174,-43],[-174,86],[-261,171],[-1044,600],[-434,343],[-174,343],[0,514],[-348,558],[-435,428],[-348,257],[-348,43],[-782,-128],[-261,0],[-261,85],[-522,172],[-1043,171],[-435,172],[-435,386],[-521,900],[-261,471],[0,515],[174,514],[347,343],[348,343],[0,685],[-348,1158],[0,386],[870,214],[174,128],[174,172],[174,214],[0,172],[0,385],[87,172],[87,128],[261,129],[87,86],[1130,1414],[348,772],[174,257],[261,214],[521,300],[261,258],[174,471],[870,3043],[87,129],[173,43],[87,43],[0,257],[-87,214],[-86,129],[-174,128],[-174,129],[-87,86],[0,-43],[0,-43],[-261,0],[-261,43],[-522,343],[-174,0],[-174,-43],[-260,-43],[-1044,171],[-261,-43],[-435,-128],[-260,0],[-87,128],[-87,215],[-174,128],[-261,-42],[-2174,-1158],[-435,-128],[-521,-43],[-696,-172],[-522,729],[-87,514],[609,258],[348,-43],[521,-429],[348,