{"type":"Topology","transform":{"scale":[0.00011797435947539206,0.00008724966003143939],"translate":[24.1220412204122,3.4908462698274576]},"objects":{"SSD":{"type":"MultiPolygon","arcs":[[[0]]]}},"arcs":[[[84314,68356],[122,-2864],[122,-3310],[122,-3328],[-30,-271],[-31,-271],[-122,-252],[-183,-271],[-824,-1006],[-183,-136],[-153,-58],[-488,0],[-274,-58],[-153,-38],[-122,-78],[-92,-77],[-366,-407],[-30,-19],[-92,-19],[-397,58],[-183,309],[-183,407],[-274,290],[-153,39],[-122,-58],[-122,-97],[-183,-39],[-122,78],[-122,135],[-153,116],[-152,-19],[30,-78],[0,-38],[-61,-78],[-580,-77],[-122,19],[-61,0],[-61,-38],[-122,-136],[-91,-19],[-916,271],[-152,-39],[-245,-290],[31,-39],[30,-58],[-91,-77],[-122,-39],[-122,-78],[-31,-77],[0,-97],[0,-193],[-30,-58],[-31,-78],[0,-58],[0,-39],[92,-58],[0,-38],[0,-155],[-92,-213],[0,-77],[31,-136],[61,-116],[61,-77],[61,-136],[61,-58],[122,-58],[0,-155],[-61,-58],[-92,-39],[-61,-77],[-91,-136],[-31,-96],[0,-116],[0,-155],[31,-58],[91,-116],[31,-59],[0,-232],[-92,-155],[-91,-116],[-153,-96],[-244,-59],[-31,-58],[-30,-96],[-31,-116],[-61,-117],[-488,-658],[-91,-193],[-61,-116],[-31,-232],[-30,-78],[-61,-58],[-31,-116],[0,-19],[-122,-155],[-31,-136],[214,-755],[92,-174],[122,-116],[30,-97],[31,-116],[30,-58],[61,-38],[244,-39],[183,-116],[123,-20],[30,97],[61,19],[275,97],[61,-19],[244,-136],[275,-58],[61,-19],[152,-155],[122,-213],[153,-193],[488,-155],[92,0],[213,193],[61,39],[366,97],[214,19],[153,-77],[91,-78],[153,-58],[91,-58],[61,-96],[122,-213],[92,-78],[183,-77],[549,77],[92,-38],[244,-213],[244,-97],[92,-58],[122,-174],[244,-504],[427,-425],[92,-20],[183,-38],[91,-20],[244,-193],[1068,-1452],[122,-309],[61,-387],[0,-1084],[31,-58],[61,-20],[397,-425],[213,-388],[183,-154],[153,38],[122,97],[122,-97],[92,-193],[30,-232],[0,-368],[0,-116],[31,-271],[61,-116],[61,-20],[61,-77],[91,-136],[336,-348],[30,-58],[61,-213],[62,-39],[61,-38],[30,-39],[1190,-387],[549,-523],[61,-154],[62,-175],[30,-193],[31,-232],[-31,-20],[-92,-77],[0,-20],[0,-58],[31,-116],[31,-58],[61,-464],[91,-116],[153,-39],[366,0],[183,-39],[122,-77],[580,-503],[61,-136],[30,-213],[122,-155],[61,-38],[61,-484],[92,-465],[183,-638],[92,-658],[61,-233],[335,-793],[61,-290],[0,-678],[31,-232],[305,-697],[183,-561],[122,-213],[153,-193],[152,-252],[61,-213],[92,-619],[0,-136],[-92,-251],[-30,-116],[0,-136],[61,-135],[122,-194],[30,-135],[-30,-155],[0,-136],[-31,-116],[31,-154],[61,-252],[702,-1316],[122,-310],[61,-658],[91,-232],[367,-368],[702,-542],[305,-348],[61,-232],[61,-136],[-61,-135],[-61,-116],[-61,-116],[-31,-155],[31,-97],[274,-600],[153,-193],[152,-97],[184,38],[213,194],[336,503],[183,174],[152,39],[184,0],[183,-39],[152,-58],[183,-135],[367,-407],[213,-77],[183,58],[153,97],[152,58],[244,-78],[550,-464],[458,-252],[30,-96],[-214,-446],[-61,-270],[31,-233],[152,-425],[92,-271],[0,-252],[-61,-213],[-336,-561],[-30,-155],[-61,-2400],[91,-542],[214,-484],[1129,-1664],[-519,0],[-641,19],[-30,658],[-336,39],[-244,-232],[-30,-465],[0,-19],[-61,-348],[-733,348],[-30,19],[-397,987],[-336,852],[397,1413],[-641,251],[-824,0],[305,891],[-183,309],[-671,-503],[-580,-445],[-152,387],[-580,-310],[-702,-348],[-793,-387],[-672,-348],[-641,-329],[-701,-349],[-824,-406],[-580,-407],[-580,-387],[-580,-406],[-671,-465],[-855,-1141],[-854,-1162],[-854,-1141],[-885,-1142],[-672,-949],[-702,-929],[-945,-1296],[-824,-1084],[-611,-852],[-30,-38],[-336,-252],[-366,-58],[-1343,97],[-793,58],[-244,58],[-183,135],[-1068,1181],[-184,97],[-152,-78],[-488,-522],[-672,-445],[-732,-291],[-1312,-155],[-1556,-174],[-367,-116],[-1586,-1277],[-92,-155],[0,-155],[30,-406],[0,-174],[-30,-155],[0,-78],[-61,-96],[-92,-20],[-549,155],[-152,97],[-123,174],[-61,135],[-91,233],[-92,58],[-91,19],[-641,39],[-122,97],[-61,193],[-31,523],[-30,213],[-122,271],[-611,928],[-183,213],[-61,39],[-183,97],[0,19],[-30,-77],[-672,-1026],[-91,-97],[-153,-77],[-885,-174],[-122,-97],[-122,-174],[0,-20],[-91,-96],[-153,38],[-1098,794],[-702,522],[-305,136],[-367,77],[-396,0],[-214,-97],[-305,-329],[-244,-232],[-61,-38],[-183,-59],[-61,-38],[-275,-271],[-122,-78],[-61,-19],[-183,0],[-92,-39],[-91,-96],[-31,-136],[-30,-135],[-31,-136],[-580,-1103],[-183,-484],[-30,-174],[-92,232],[61,600],[-122,194],[-244,135],[-122,116],[-61,175],[-31,387],[-30,116],[-153,155],[-122,-136],[-152,-213],[-183,-135],[-214,0],[-122,-20],[-122,-77],[-275,-194],[-122,-38],[-152,-39],[-92,0],[-91,39],[-62,96],[0,59],[31,77],[61,135],[61,446],[0,232],[-214,1684],[-91,290],[-92,39],[-91,-20],[-92,-19],[-61,-20],[-183,0],[-61,20],[-336,135],[-671,562],[-580,251],[-549,0],[-153,78],[-61,96],[0,116],[0,117],[-30,135],[-61,116],[-183,329],[-92,271],[-30,271],[-92,213],[-213,155],[-336,97],[-122,96],[-122,252],[-214,522],[-122,213],[-213,155],[-92,19],[-92,0],[-91,20],[-61,116],[-31,135],[61,117],[61,116],[31,116],[-92,232],[-183,232],[-213,174],[-183,39],[-397,0],[-214,252],[-91,426],[0,503],[61,329],[30,135],[-30,97],[-61,194],[0,96],[61,116],[30,58],[31,78],[30,116],[-91,77],[-92,58],[-183,155],[-61,20],[-183,-58],[-61,19],[-122,97],[-244,290],[-122,97],[-336,213],[-92,38],[-274,0],[-244,155],[-92,39],[-61,-19],[-122,-78],[-61,39],[-91,116],[-31,19],[-183,58],[-122,-38],[-61,-136],[-31,-406],[-30,-194],[0,-116],[0,-135],[-153,-194],[-61,-135],[-61,-252],[-61,-232],[-122,-213],[-427,-503],[-92,-174],[-61,-271],[-152,-271],[-122,-39],[-183,39],[-214,0],[-92,-136],[-30,-213],[-61,-193],[-214,-39],[-183,136],[-549,735],[-92,97],[-335,193],[0,-19],[-31,155],[-91,58],[-428,368],[-61,96],[-518,-174],[-184,-19],[-396,38],[-244,-38],[-92,0],[-214,116],[-61,213],[0,271],[-122,213],[-122,58],[-61,-58],[-91,-97],[-122,-78],[-153,0],[-91,-19],[-336,-910],[-122,-251],[-153,-97],[-335,-116],[-92,-97],[-30,-116],[-31,-135],[-61,-97],[-92,-39],[-61,19],[-91,20],[-92,0],[-183,-58],[-122,-116],[-305,-581],[-183,-193],[-183,-155],[-183,-20],[-214,78],[-61,116],[-30,155],[-61,232],[-306,290],[-335,-19],[-397,-97],[-305,58],[-183,155],[-153,213],[-244,406],[-30,233],[-61,77],[-123,19],[-91,-58],[-122,-213],[-92,0],[-274,504],[-31,96],[-30,97],[0,97],[0,116],[30,271],[31,193],[-31,117],[-427,96],[-92,-19],[-61,19],[-91,116],[-31,20],[-91,-58],[-31,-39],[0,-39],[0,-58],[-30,-38],[-31,-20],[-152,97],[-61,0],[-245,-39],[-61,0],[-91,78],[-153,232],[-91,97],[-61,19],[-214,58],[-30,0],[-61,194],[-31,271],[-30,483],[61,658],[-31,252],[-30,97],[-61,135],[-61,116],[-62,58],[-91,0],[-153,-58],[-61,0],[-122,117],[-61,193],[-61,465],[-122,270],[-152,136],[-733,116],[-183,77],[-152,175],[-31,116],[-31,232],[-30,116],[-92,116],[-244,271],[-61,39],[-61,39],[-61,38],[-30,78],[30,503],[0,155],[-91,135],[-244,252],[-123,445],[-244,271],[-488,426],[-183,290],[-122,348],[-244,716],[-31,175],[-30,561],[-61,290],[-31,155],[31,174],[335,1258],[-30,97],[30,213],[-30,97],[-92,77],[-61,-19],[-30,-39],[-31,0],[-30,-19],[-61,-20],[-31,0],[-61,116],[0,78],[31,174],[30,193],[0,78],[0,58],[-152,135],[-31,39],[-30,78],[0,96],[-31,174],[-61,194],[-91,135],[-123,97],[-183,58],[-30,97],[0,116],[-61,194],[-92,77],[-335,174],[-92,0],[-152,-58],[-92,0],[-31,58],[-61,175],[-183,154],[-91,329],[-92,136],[-366,-136],[-183,20],[-92,193],[-91,271],[-92,20],[-152,-78],[-183,-19],[-214,135],[-61,194],[-61,522],[-92,136],[-152,135],[-610,329],[-580,-38],[-275,38],[-488,233],[-153,154],[-61,194],[-91,251],[-92,194],[-152,58],[-336,-310],[-122,-58],[-31,233],[61,232],[122,193],[184,155],[152,116],[153,155],[61,213],[0,232],[-122,174],[-122,39],[-122,0],[-92,58],[0,291],[-31,290],[-122,135],[-366,97],[-152,136],[-214,367],[-122,194],[-183,116],[-122,77],[-92,97],[-61,232],[31,213],[30,213],[0,174],[-152,78],[61,135],[61,78],[91,58],[61,77],[183,465],[275,483],[122,349],[61,116],[0,135],[0,252],[-427,310],[-488,251],[-305,194],[-123,213],[-366,329],[-244,445],[-152,77],[-153,39],[-183,174],[-92,135],[-30,117],[0,135],[-31,155],[-30,58],[30,77],[0,58],[-30,39],[-61,0],[-61,-19],[-31,0],[-61,39],[-61,251],[-30,600],[-61,252],[-397,38],[-92,39],[-30,77],[0,97],[-31,78],[-91,38],[-183,39],[-92,19],[-244,