{"type":"Topology","transform":{"scale":[0.000010008200163002663,0.000016750854025776602],"translate":[6.460264602646021,0.02419713475828189]},"objects":{"STP":{"type":"MultiPolygon","arcs":[[[0]],[[1]]]}},"arcs":[[[15467,3226],[-3237,-101],[-360,101],[-1079,-2117],[-1079,-907],[-1439,1008],[-719,-1109],[-1079,-101],[-720,605],[-719,1008],[0,101],[719,1008],[0,504],[-359,605],[-360,302],[-360,101],[-359,201],[-3598,6754],[-719,605],[719,504],[0,605],[0,1210],[360,403],[1799,1411],[359,504],[360,404],[0,403],[3597,2117],[720,201],[3956,807],[2878,1512],[3237,1209],[3957,-201],[2518,-907],[2158,-1512],[1799,-1714],[1079,-1613],[720,-1613],[-360,-907],[-360,-1109],[-719,-1210],[-720,-705],[-2518,-1412],[-1439,-806],[-2517,-2823],[-720,-201],[-1079,-101],[-360,-302],[360,-1009],[-719,-201],[-1080,-202],[-719,-101],[-1439,-1008],[-360,-201]],[[97481,94959],[0,-1311],[-360,-1209],[-719,-605],[-720,-202],[-1079,-201],[-359,-303],[0,-504],[-360,-706],[0,303],[-360,403],[-359,202],[-360,-202],[-720,-302],[-1079,1008],[-1439,302],[-1438,0],[-1080,403],[-359,1815],[359,1109],[720,-101],[1798,403],[720,605],[360,706],[0,1008],[359,1109],[1439,907],[1799,403],[1798,-202],[2878,-201],[1079,-202],[0,-907],[-360,-202],[-1079,-302],[-1079,-403],[-719,-605],[1438,-202],[1439,-403],[360,-504],[-719,-202],[-1439,-201],[-360,-504]]]}