{"type":"Topology","transform":{"scale":[0.00004078881577223646,0.00004179270535665036],"translate":[-58.06678066780667,1.8326633908026508]},"objects":{"SUR":{"type":"MultiPolygon","arcs":[[[0]]]}},"arcs":[[[84642,11798],[-442,-121],[-529,-81],[-441,-41],[-530,81],[-265,121],[-88,202],[88,243],[-88,242],[-177,566],[89,444],[88,41],[176,-41],[89,41],[0,161],[0,122],[-89,282],[-88,122],[0,485],[-88,121],[-353,161],[-530,202],[-353,0],[-441,-202],[-353,-202],[-1236,-363],[-971,323],[-2383,2303],[-88,202],[88,323],[442,485],[176,323],[-176,243],[-442,-41],[-970,-404],[-530,-323],[-883,-768],[-882,-404],[-265,-81],[-177,0],[-176,203],[88,484],[-88,202],[-883,-80],[-1941,-1455],[-618,40],[-265,324],[-353,161],[-441,-40],[-442,-162],[-441,-404],[-88,-444],[-88,-445],[-177,-363],[-706,-283],[-883,0],[-971,121],[-882,41],[-1412,-122],[-442,41],[-529,0],[-883,-404],[-1941,-485],[-530,121],[-265,202],[-265,525],[-176,202],[-265,122],[-1677,404],[-441,202],[-1324,1050],[-530,323],[-617,41],[-265,-81],[-177,-121],[-176,-445],[-265,-1010],[0,-1050],[-177,-445],[-706,-1050],[-176,-162],[-265,-162],[-265,41],[-265,121],[-176,81],[-353,-40],[-265,-405],[-441,-686],[-265,-687],[-88,-445],[353,-202],[1059,-40],[441,-121],[442,-404],[264,-970],[265,-485],[706,-444],[177,-202],[882,-1091],[883,-687],[176,-283],[89,-323],[-89,-202],[-88,-202],[-88,-323],[88,-1051],[88,-970],[-88,-848],[-794,-808],[-1589,-485],[-1589,323],[-1500,606],[-1589,404],[-1235,-80],[-353,40],[-442,202],[-882,566],[-530,202],[-441,40],[-706,-162],[-441,-40],[-354,40],[-1323,485],[-89,243],[-88,242],[-265,162],[-529,161],[-177,122],[-176,161],[-89,202],[-970,485],[-2383,40],[-707,283],[-2383,3233],[-176,727],[-177,525],[-176,1051],[-353,484],[-177,81],[-618,121],[-176,122],[-177,202],[89,848],[-353,566],[-795,727],[-265,444],[177,324],[88,242],[-176,243],[-353,363],[-177,202],[0,364],[0,202],[88,283],[89,242],[-177,242],[-529,-363],[-353,-121],[-177,242],[177,808],[-89,162],[-617,687],[-89,242],[0,404],[89,283],[88,283],[-177,323],[-529,-283],[-177,162],[-176,929],[-265,444],[-618,647],[-88,323],[88,202],[177,323],[0,243],[-177,121],[-883,-121],[-88,-41],[-176,445],[441,848],[-177,162],[-264,-40],[-530,-243],[-176,-40],[-353,121],[-89,202],[-88,242],[-177,81],[-88,243],[-353,1252],[265,243],[353,282],[265,364],[-88,323],[-795,81],[-353,202],[177,283],[176,242],[0,202],[-88,202],[-88,283],[88,81],[353,0],[88,81],[0,161],[-176,324],[0,202],[-177,525],[-441,364],[-265,444],[441,687],[-88,40],[-88,41],[0,80],[-177,-161],[-264,-121],[-177,-81],[-265,40],[-264,202],[0,162],[176,161],[88,283],[-264,566],[-89,283],[89,283],[88,484],[0,283],[-88,283],[-89,202],[-88,202],[177,283],[88,162],[0,848],[0,323],[-618,1212],[-794,-565],[-706,-121],[-618,202],[-795,323],[89,-445],[-177,-202],[-706,-161],[-88,-81],[-177,-162],[-176,-121],[-89,121],[-88,121],[-88,41],[-177,40],[-264,41],[-89,80],[-353,203],[-264,40],[-265,-485],[-265,0],[-265,40],[-706,445],[-441,202],[-706,162],[-177,80],[-176,81],[-89,121],[-88,283],[0,283],[0,202],[88,404],[0,162],[0,323],[0,121],[353,727],[0,404],[-353,445],[-529,283],[-88,80],[-89,41],[-264,40],[-89,41],[-88,121],[-88,81],[0,121],[-177,323],[-88,445],[-88,161],[-971,566],[-1236,485],[-353,283],[-265,444],[-176,485],[-88,1091],[-89,444],[-529,1091],[-1236,1778],[-353,485],[-1677,1212],[-529,727],[-265,849],[-353,2060],[-265,1010],[0,485],[353,525],[2118,2142],[265,404],[177,444],[88,606],[-88,404],[-177,364],[0,364],[88,444],[177,364],[353,323],[176,323],[177,768],[441,1091],[442,646],[441,1212],[353,647],[265,404],[0,444],[-177,445],[-706,808],[-265,969],[-441,283],[-441,202],[-177,323],[177,808],[441,566],[441,445],[265,404],[530,808],[176,161],[353,81],[177,-81],[264,-81],[354,-80],[529,80],[353,243],[353,646],[618,647],[883,363],[882,81],[971,-404],[1059,364],[530,81],[706,40],[88,-81],[353,-323],[177,-81],[353,0],[353,121],[1941,202],[618,162],[265,121],[177,81],[264,81],[353,40],[177,-40],[176,-81],[265,0],[177,121],[-883,808],[-88,243],[0,323],[88,283],[353,808],[177,687],[176,323],[265,162],[441,-41],[353,-81],[177,-242],[176,-485],[353,162],[353,202],[354,283],[88,323],[-177,485],[-794,969],[-177,404],[0,41],[-176,161],[-177,81],[-353,-40],[-176,-121],[0,-202],[88,-243],[265,-283],[-88,-161],[-177,-121],[-176,0],[-265,40],[-88,121],[0,202],[-89,1657],[-88,80],[-177,0],[-176,41],[-353,-121],[-265,0],[-88,202],[88,283],[177,242],[1235,1172],[265,404],[88,525],[0,525],[89,404],[264,485],[265,323],[265,202],[794,324],[265,242],[265,283],[176,363],[618,2586],[88,2263],[177,768],[0,606],[353,969],[265,687],[618,1051],[88,242],[176,202],[177,162],[618,80],[176,122],[89,121],[88,40],[176,41],[265,363],[177,122],[264,80],[177,41],[265,242],[176,81],[706,-202],[1501,-323],[882,-121],[1236,0],[1942,-81],[1059,-41],[441,-161],[706,-445],[441,-202],[530,-121],[1147,-121],[2648,-606],[1501,-364],[1324,-81],[1147,-282],[794,-243],[795,-162],[1677,-363],[970,-323],[618,-162],[530,-81],[882,-323],[1589,-162],[441,-484],[353,-162],[177,-323],[0,-2101],[177,0],[88,404],[88,363],[-88,808],[-88,445],[-354,889],[-264,565],[353,485],[-265,243],[-265,-41],[-353,0],[-265,283],[-88,485],[88,364],[353,484],[177,243],[353,323],[265,242],[353,283],[441,162],[530,162],[617,0],[2207,121],[1236,81],[1059,40],[5913,-323],[1501,-243],[617,-485],[442,-161],[529,-121],[177,-122],[265,-202],[176,-202],[265,-121],[88,-40],[177,-41],[264,0],[265,-40],[353,-40],[265,80],[265,162],[441,40],[441,-323],[442,-323],[176,-364],[-264,-687],[-354,-404],[707,243],[176,525],[88,525],[89,202],[529,0],[794,-565],[530,-122],[353,81],[177,121],[176,41],[530,-323],[264,-41],[177,41],[265,80],[176,122],[89,161],[176,162],[353,40],[177,-40],[264,-121],[442,-324],[-89,202],[-176,202],[-177,162],[-264,121],[-265,41],[-265,-41],[-176,-161],[-353,-162],[-530,-40],[-353,202],[-353,81],[-441,-203],[-353,0],[-354,324],[-353,161],[-1412,404],[-529,243],[-442,283],[-176,242],[-88,242],[-177,162],[177,243],[264,161],[618,243],[795,121],[970,81],[795,0],[5913,-202],[442,-81],[1059,-121],[971,-162],[4942,-687],[3001,-646],[2295,-445],[2118,-646],[1765,-485],[530,-81],[265,-81],[617,41],[177,-202],[265,-122],[176,-242],[-88,-242],[618,-1091],[88,-445],[-177,-242],[-617,-1091],[-265,-485],[-88,-929],[-353,-1859],[-265,-969],[-353,-526],[-442,-525],[-441,-364],[-176,-242],[-89,-242],[-176,-445],[-1059,-1576],[-442,-525],[-1941,-1374],[-1059,-1050],[-177,-283],[-353,-404],[-265,-970],[-176,-161],[-353,-243],[-89,-161],[-88,-283],[-88,-121],[-1324,-1495],[-441,-687],[-177,-364],[0,-404],[177,-969],[-89,-364],[-88,-121],[-618,-445],[-176,-242],[88,-243],[177,-323],[0,-2949],[88,-324],[176,-121],[265,-81],[177,-121],[353,-444],[0,-404],[-89,-485],[0,-566],[353,-808],[0,-283],[0,-969],[-88,-404],[-529,-889],[-89,-606],[442,-2586],[794,-1495],[177,-1051],[0,-606],[-89,-404],[-264,-444],[88,-404],[265,-323],[264,-202],[883,-202],[265,-202],[88,-485],[-88,-364],[-353,-848],[-89,-364],[0,-606],[265,-404],[795,-727],[176,-243],[265,-808],[176,-242],[353,-243],[177,-161],[618,-1132],[441,-242],[88,-202],[89,40],[176,-282],[265,-485],[265,-283],[88,-81],[265,-121],[882,-243],[265,-202],[530,-727],[176,-242],[530,-1697],[618,-849],[0,-161],[264,40],[265,81],[265,40],[176,-81],[353,-323],[177,-323],[-88,-364],[-177,-525],[-176,-1010],[88,-1818],[-441,-970],[-883,-889],[-88,-323],[-88,-404],[-177,-485],[-265,-404],[0,-40],[-794,-566],[-618,-970],[-883,-1050],[-353,-525],[-529,-1212],[529,80],[265,-363],[88,-525],[-88,-526],[0,-40],[-88,-41],[-177,-80],[0,-162],[265,-162],[0,-80],[177,-566],[88,-323],[-177,-162],[-264,-161],[176,-324],[265,-323],[88,-40],[0,-324],[-176,-727],[0,-121],[-353,-485],[-89,-283],[0,-242],[0,-162],[177,-161],[265,-283],[-265,-162],[-177,-161],[-353,-1132],[-176,-363],[-1854,-2344],[-794,-1737],[-971,-2344],[-441,-565],[-1148,-1172],[-264,-121],[-442,-41],[-529,0],[-265,-121],[-176,-161],[-707,-1616],[-264,-203],[-442,-80],[-882,242],[-353,-40],[-353,-485]]]}