{"type":"Topology","transform":{"scale":[0.00005695313905708565,0.000018523877889392165],"translate":[16.84276842768429,47.750145090722896]},"objects":{"SVK":{"type":"MultiPolygon","arcs":[[[0]]]}},"arcs":[[[99999,71376],[-126,-912],[-127,-1185],[-63,-1276],[0,-912],[-253,-455],[-695,-183],[-316,-547],[-380,-2279],[-189,-911],[-63,-274],[0,-729],[0,-273],[-190,-547],[-379,-730],[-127,-364],[-63,-91],[-126,-638],[0,-456],[63,-456],[0,-1823],[-63,-365],[-64,-547],[-189,-455],[-127,-274],[-189,-365],[0,-729],[0,-1185],[-127,-1094],[-189,-1002],[-316,-821],[-190,-273],[-442,-274],[-253,-273],[-127,-456],[-189,-820],[-127,-365],[-1138,-1914],[-252,-912],[0,-1094],[189,-2188],[-63,-820],[-190,-912],[-63,-3828],[-316,-912],[-316,-456],[-316,-182],[-1011,182],[-316,-91],[-380,-182],[-885,-91],[-252,-182],[-569,-639],[-759,-273],[-885,-912],[-505,-91],[-569,365],[-443,729],[-442,912],[-1012,3099],[-126,638],[-190,2188],[-189,638],[-316,91],[-633,0],[-252,274],[-127,364],[-189,1094],[-127,456],[-126,273],[-316,274],[-569,729],[-253,91],[-948,-547],[-569,0],[-316,-182],[-316,-365],[-190,-547],[-63,-547],[-190,-638],[-316,-273],[-189,182],[-190,365],[-316,273],[-569,-273],[-1391,-1276],[-442,182],[-316,729],[-506,456],[-505,182],[-443,-91],[-632,91],[-948,1185],[-569,183],[-253,91],[-506,1003],[-316,273],[-253,0],[-3729,-1732],[-1075,-182],[-505,-365],[-63,-456],[0,-455],[63,-912],[0,-182],[0,-183],[0,-182],[0,-273],[-253,-639],[-63,-91],[-506,-1185],[-253,-729],[-189,-820],[-696,-4285],[-379,-1549],[-442,-1368],[-506,-1094],[-379,-455],[-253,273],[-190,365],[-316,364],[-190,-182],[-568,-1003],[-317,-273],[-252,91],[-190,182],[-190,-91],[-189,-547],[-63,-364],[-127,-1003],[-126,-456],[-127,-273],[-316,-183],[-695,-911],[-63,-91],[-696,-456],[-379,-456],[-822,-1550],[-379,-273],[-379,273],[-695,1185],[-443,274],[-632,-456],[-126,91],[-190,456],[63,456],[63,456],[0,546],[-316,821],[-379,91],[-822,-273],[-189,182],[-380,911],[-189,365],[-190,91],[-189,0],[-1581,-820],[-316,-365],[-189,-820],[-190,-2097],[-190,-820],[0,-91],[0,-365],[64,-274],[-64,-273],[0,-273],[-948,-1368],[-2339,91],[-1074,-1367],[-190,-91],[-2149,547],[-1075,-365],[-316,91],[-442,0],[-253,-273],[-822,-365],[-1706,-729],[-253,-547],[-506,-2005],[-190,-274],[-316,-182],[-126,-183],[-253,-546],[0,-183],[127,-273],[63,-638],[-190,-2188],[0,-1094],[63,-1094],[569,-1003],[632,-1002],[-442,-365],[-379,-182],[-316,-456],[-569,-1459],[-443,-546],[-505,-92],[-506,274],[-695,547],[-759,91],[-3603,-820],[-1327,-1094],[-633,-183],[-2149,456],[-4045,-547],[-1012,-91],[-1453,820],[-443,456],[-695,821],[-190,455],[-126,547],[-379,638],[-317,547],[-252,274],[-253,-91],[-127,-183],[-189,0],[-253,456],[-569,1823],[-190,274],[-442,182],[-127,182],[-189,274],[-1833,5013],[-506,912],[-1201,365],[-126,91],[-759,456],[-632,273],[-632,-820],[-443,820],[-568,365],[-380,455],[127,912],[-253,365],[-63,91],[126,1003],[63,547],[190,455],[-253,456],[-63,365],[-253,1002],[-190,183],[-316,91],[-189,365],[-443,911],[-126,912],[0,1185],[-127,911],[-252,2006],[0,182],[0,638],[0,274],[-64,182],[-126,91],[-190,365],[-126,91],[-127,182],[-63,365],[-63,182],[-63,365],[-63,273],[0,91],[-127,92],[63,273],[64,365],[63,182],[-127,456],[-126,364],[-190,365],[-126,91],[-379,91],[-127,183],[-63,273],[63,638],[0,274],[63,91],[64,364],[126,2917],[63,730],[190,729],[442,1367],[127,730],[126,546],[253,456],[316,638],[63,274],[64,638],[-190,2552],[63,1003],[253,729],[253,730],[885,5196],[442,1458],[569,1094],[253,638],[126,1003],[127,547],[948,1367],[822,365],[821,-456],[2023,-2097],[253,183],[379,455],[316,365],[443,273],[253,-273],[505,-1094],[632,-273],[3414,2734],[316,547],[569,2097],[316,456],[379,182],[379,-182],[380,91],[316,638],[126,729],[126,1641],[127,820],[253,912],[316,547],[442,91],[948,-91],[569,456],[506,1002],[379,1277],[127,1185],[0,2370],[0,364],[63,1459],[190,1732],[316,1641],[442,1367],[506,1003],[2402,1914],[632,1003],[379,638],[63,2552],[506,-273],[379,547],[759,1823],[569,638],[189,273],[64,547],[63,1003],[63,365],[379,455],[759,-182],[505,547],[127,0],[126,0],[569,-638],[506,-273],[506,91],[695,1276],[379,273],[695,0],[1707,-273],[506,-638],[-127,-912],[0,-729],[127,-729],[0,-821],[-63,-1823],[126,-547],[316,-182],[443,91],[695,820],[379,183],[190,-183],[316,-455],[189,-183],[190,0],[443,183],[505,364],[127,456],[63,729],[126,1003],[63,0],[190,0],[63,182],[64,365],[-64,182],[0,183],[-63,91],[253,1732],[253,820],[253,456],[316,273],[316,183],[569,-91],[189,91],[253,182],[127,274],[1517,3372],[63,274],[63,91],[126,-91],[127,-182],[316,-1003],[126,-274],[443,-547],[189,-1093],[316,-2735],[253,-1732],[127,-365],[316,-456],[316,-182],[758,0],[-126,-365],[0,-273],[0,-912],[-63,-638],[1011,-638],[379,-91],[380,0],[568,547],[190,-273],[127,-1003],[126,-912],[126,-2643],[-63,-183],[-126,-455],[0,-183],[63,-182],[253,-365],[0,-91],[0,-91],[126,-273],[63,-183],[-63,-364],[-63,-92],[-126,-91],[-64,-91],[-695,-2188],[-63,-729],[253,-638],[442,-273],[759,-183],[442,274],[190,547],[379,729],[316,456],[569,91],[442,-456],[949,-1732],[569,-547],[316,547],[189,1276],[127,1915],[189,547],[127,638],[126,638],[316,1458],[127,274],[0,-91],[442,-92],[126,365],[380,912],[316,273],[1327,274],[63,182],[127,820],[126,730],[0,455],[63,365],[190,273],[253,0],[695,-547],[885,92],[0,911],[316,182],[1454,-1549],[379,-182],[443,273],[189,365],[253,729],[190,182],[190,0],[379,-91],[632,182],[316,-91],[1517,-3737],[316,-365],[379,-91],[316,0],[253,-91],[316,-456],[316,-638],[253,-456],[316,-91],[443,273],[379,730],[569,1641],[379,729],[253,91],[379,0],[316,182],[127,456],[-190,820],[-442,456],[-190,547],[379,821],[253,182],[695,365],[253,-92],[380,-455],[189,-547],[316,-365],[379,91],[253,638],[569,1641],[316,365],[253,-91],[1011,-1003],[1707,-1003],[253,0],[695,274],[253,-183],[316,274],[253,273],[1264,274],[316,-183],[190,-273],[316,-638],[190,-183],[126,-91],[253,91],[190,-91],[316,-547],[568,-1823],[253,-456],[190,274],[253,547],[316,547],[316,182],[379,-364],[632,-1277],[948,-911],[633,-1185],[505,-1641],[190,-1914],[126,-1732],[506,-730],[1264,-455],[569,-730],[190,-182],[189,0],[380,91],[189,-91],[190,-456],[0,-364],[-63,-365],[0,-273],[189,-274],[822,-456],[948,0],[379,-273],[885,-1823],[632,-365],[1391,-91],[569,-638]]]}