{"type":"Topology","transform":{"scale":[0.00003150063000945019,0.000014403708149181109],"translate":[13.36513365133652,45.423285612824515]},"objects":{"SVN":{"type":"MultiPolygon","arcs":[[[0]]]}},"arcs":[[[99999,74911],[-800,938],[-229,235],[-342,117],[-686,-117],[-343,0],[-229,234],[-571,938],[-229,234],[-342,0],[-458,0],[-342,118],[-458,351],[-114,-469],[-114,0],[-229,469],[-114,-117],[-229,-586],[-685,-352],[-457,-469],[-1029,-586],[-114,-117],[-800,-1407],[0,-586],[0,-469],[114,-938],[343,-1875],[0,-587],[0,-1172],[114,-586],[115,-352],[571,-469],[114,-351],[115,-587],[0,-234],[-229,-117],[-686,0],[-1143,-469],[-228,0],[-572,234],[-457,352],[-685,1055],[-343,234],[-457,-117],[-229,-351],[-229,-587],[-342,-351],[-343,-118],[-115,0],[-1028,352],[0,-1172],[0,-1055],[0,-938],[-229,-938],[0,-117],[-343,-586],[-685,-587],[-686,-586],[-114,0],[-343,-234],[-1029,-235],[-1028,-820],[-1029,-938],[-114,0],[-114,0],[-1372,0],[-571,-235],[-457,-351],[-115,-117],[-342,-469],[-572,-1642],[-686,-586],[-2285,352],[-457,0],[-686,-469],[-457,-938],[-115,-234],[-571,-1759],[-457,-1876],[0,-1758],[457,-1641],[571,-938],[343,-469],[343,-352],[914,-469],[343,-469],[343,-703],[114,-352],[-114,-703],[-343,-821],[-343,-1407],[0,-117],[115,-1407],[0,-2110],[0,-1172],[-229,-821],[-228,-820],[-115,-821],[115,-938],[457,-1407],[0,-937],[-343,-704],[-686,-586],[-571,-234],[-1257,-118],[-1143,352],[-800,234],[-343,-234],[-572,-703],[-342,-235],[-343,117],[-343,235],[-457,0],[-343,-235],[-114,-703],[114,-703],[114,-587],[-343,-468],[-114,-118],[-3086,-1524],[-800,-469],[-1371,-1055],[-229,-469],[-114,-703],[-114,-117],[114,-352],[229,-117],[343,-469],[228,-938],[229,-352],[228,-351],[457,-235],[115,235],[0,234],[228,235],[343,117],[114,117],[115,-117],[457,-938],[114,-117],[457,-1290],[229,-703],[-686,117],[-457,-235],[-343,-351],[-914,-469],[-229,-586],[-114,-469],[-229,-352],[-342,-234],[0,-587],[228,-820],[229,-704],[0,-117],[114,-1758],[343,-1524],[457,-1173],[1600,-1641],[-343,-469],[-571,-1172],[-343,-469],[-343,-117],[-1029,0],[-1714,-938],[-1371,-821],[-1372,352],[-2400,3048],[-228,469],[-1600,0],[-343,469],[-343,234],[-229,118],[-457,0],[-571,820],[-686,704],[-571,0],[-114,-1524],[-686,-1525],[-1372,-820],[-1257,469],[-571,1876],[-2857,1992],[-686,938],[0,352],[114,1172],[-114,586],[-114,352],[-229,235],[-228,117],[-1143,1289],[-343,704],[-343,820],[0,938],[0,1290],[0,1055],[-343,352],[-457,-235],[-114,-117],[-229,-469],[-457,-1407],[-343,-703],[-800,-1407],[-228,-703],[-229,-821],[0,-352],[-114,-1524],[-229,-938],[-343,-1172],[-1257,-1407],[-571,-937],[-1257,-1056],[-1486,-117],[-1486,352],[-1257,821],[-686,351],[-800,-351],[-1485,-1173],[-800,-234],[-115,0],[-800,117],[-800,469],[-800,821],[-457,703],[-457,352],[-800,234],[-457,235],[-228,-235],[-115,-469],[0,-820],[686,-1173],[-457,-938],[-1486,-938],[-457,-703],[-343,-586],[-228,-469],[-1715,352],[-571,351],[-343,587],[-1600,1524],[-3086,-235],[-1028,-117],[-1257,2110],[114,235],[-114,586],[228,703],[0,469],[-343,117],[-228,235],[-114,469],[-115,703],[572,-234],[2742,586],[2515,586],[0,352],[-343,820],[-457,821],[-572,820],[1600,118],[1257,-938],[1486,234],[686,1173],[571,1172],[229,938],[0,117],[-343,0],[-457,469],[-343,586],[-2514,6565],[-2172,1524],[-343,352],[-1257,1407],[-571,351],[-1029,118],[-914,820],[-228,586],[-229,821],[114,2345],[914,3399],[343,938],[115,1407],[342,1407],[-571,1289],[-229,-117],[-914,-234],[-1028,-821],[-915,-117],[-800,1524],[-114,117],[0,117],[-228,235],[-343,703],[457,703],[228,118],[229,586],[0,469],[0,469],[-229,351],[686,1524],[572,587],[2971,3517],[914,2461],[-114,704],[-114,586],[-343,117],[-457,117],[-915,-117],[-800,235],[-914,1406],[-686,587],[-800,351],[-457,352],[-1028,117],[-457,235],[457,-1290],[-915,-117],[-228,586],[-114,938],[-458,938],[-114,1641],[-228,938],[-229,586],[800,821],[114,351],[457,1173],[458,1524],[342,586],[458,117],[342,235],[800,820],[1486,1290],[800,1172],[572,1407],[799,1172],[1143,117],[800,0],[572,469],[228,821],[115,352],[0,1758],[228,352],[114,469],[0,469],[0,469],[458,0],[2171,-821],[457,0],[2057,586],[915,-234],[2857,-2110],[571,-118],[457,118],[572,234],[571,-117],[571,-235],[458,-351],[1714,-2228],[343,-234],[114,0],[2971,-117],[3772,-118],[1028,352],[343,-117],[229,-352],[0,-352],[228,-351],[572,-352],[457,-352],[457,-117],[1143,352],[457,-821],[343,-1289],[343,-587],[571,352],[114,586],[229,586],[229,1290],[457,1055],[343,117],[685,118],[343,117],[343,351],[571,1056],[229,0],[114,0],[229,-118],[228,938],[343,586],[229,469],[114,352],[572,352],[342,-235],[800,117],[686,587],[114,234],[343,821],[343,1172],[229,1055],[228,1172],[343,1173],[572,1172],[342,234],[458,-117],[571,117],[114,0],[686,704],[457,352],[457,-118],[572,-1289],[1142,2579],[1829,821],[800,-118],[571,-117],[2172,-352],[1028,-117],[4115,352],[1714,117],[914,-586],[572,-703],[114,-235],[800,-586],[914,234],[572,704],[114,234],[114,469],[114,586],[0,118],[343,1055],[457,469],[686,351],[686,0],[457,-234],[343,234],[228,117],[115,235],[228,586],[0,938],[115,938],[457,-469],[2514,-469],[800,0],[914,586],[1257,821],[800,117],[915,-352],[2171,-1641],[1257,-352],[343,-351],[686,-1055],[-115,1524],[-342,1172],[-686,586],[-343,1759],[-114,1172],[114,1055],[0,117],[229,2228],[0,469],[-229,117],[0,234],[343,469],[114,117],[1372,469],[114,118],[686,586],[1257,1055],[1143,-352],[228,-117],[1372,234],[2857,352],[343,-234],[571,-938],[114,-235],[229,-234],[457,0],[228,-352],[-114,-703],[-228,-821],[-229,-821],[-114,-234],[-229,-703],[-114,-587],[0,-234],[0,-235],[457,-1992],[343,-704],[343,-820],[228,-587],[457,118],[0,-1056],[229,-234],[114,0],[115,-117],[571,0],[457,-469],[229,-1407],[-229,-352],[-228,-234],[-572,-469],[-343,-703],[115,-469],[114,-469],[686,-704],[1028,-1055],[1257,-2696],[1029,-1407],[457,-2931]]]}