{"type":"Topology","transform":{"scale":[0.00001335626712400688,0.000015788355356956756],"translate":[30.782107821078228,-27.315557441912503]},"objects":{"SWZ":{"type":"MultiPolygon","arcs":[[[0]]]}},"arcs":[[[87331,85988],[1886,-1390],[2157,-962],[5121,-963],[-1078,-1925],[539,-2353],[809,-2353],[539,-2139],[-270,-1711],[-2426,-5027],[-539,-1818],[1078,-6524],[539,-1818],[3504,-5348],[809,-5240],[-270,-16257],[-1347,321],[-1617,1497],[-1348,107],[-4852,0],[0,-1818],[-1348,-5668],[-1078,-5134],[-1347,-5882],[269,-3850],[0,-1284],[270,-4599],[269,-962],[539,-749],[539,-642],[0,-748],[0,-749],[-6469,0],[-7277,107],[-11051,107],[-8086,107],[-5122,749],[-7547,2032],[-5930,1497],[-2695,642],[-6469,1711],[-1078,642],[-1078,855],[-3774,4064],[-7547,5241],[-1617,2246],[-539,1497],[808,2567],[270,1497],[-539,1284],[-809,962],[-2156,1711],[-1078,1177],[-1078,2888],[-539,855],[-809,-855],[-1078,-749],[-1348,-535],[-1348,-107],[-1078,-107],[-539,1498],[-808,4385],[0,8663],[-270,6737],[1617,4813],[7008,6631],[5391,5241],[5121,6952],[4043,7379],[1079,3316],[1078,1283],[6469,4599],[7547,5134],[2156,748],[2695,535],[2157,0],[1886,-428],[8087,-3957],[7816,-3850],[6739,-3423],[1347,-641],[6469,-3209],[2157,-535],[2156,428],[4313,1604]]]}