{"type":"Topology","transform":{"scale":[0.000001008020160302406,4.221485389559437e-7],"translate":[-63.11763117631176,18.01936509989821]},"objects":{"SXM":{"type":"MultiPolygon","arcs":[[[0]]]}},"arcs":[[[99999,32000],[-14286,-32000],[-64285,40000],[-14285,15999],[-7143,20000],[10714,20000],[0,4000],[21429,-8000],[67856,-59999]]]}