{"type":"Topology","transform":{"scale":[0.00010080201603024031,0.00005965803152527109],"translate":[46.20826208262085,-9.756042412402323]},"objects":{"SYC":{"type":"MultiPolygon","arcs":[[[0]],[[1]],[[2]],[[3]],[[4]],[[5]],[[6]],[[7]],[[8]],[[9]],[[10]]]}},"arcs":[[[2893,170],[-107,-170],[-107,85],[0,170],[71,170],[143,141],[107,28],[-36,-198],[-71,-226]],[[12964,934],[-71,-226],[0,254],[35,57],[36,-85]],[[3107,6199],[-143,-85],[-321,-425],[-214,-170],[-715,29],[-821,-397],[-643,-56],[-250,1104],[214,-453],[429,-227],[464,57],[322,283],[178,0],[250,142],[250,198],[143,141],[71,-141],[72,141],[71,-85],[107,-56],[0,141],[-71,113],[-71,142],[-36,198],[0,226],[464,-339],[179,-227],[107,-169],[-36,-85]],[[2179,7019],[-179,-254],[-286,-85],[-321,85],[-179,141],[-107,-113],[-250,57],[-107,-57],[0,57],[0,28],[-36,28],[-35,0],[0,85],[35,0],[357,198],[358,-28],[392,-113],[358,-29]],[[99856,43617],[-250,-651],[107,877],[107,340],[179,170],[-36,-368],[-107,-368]],[[64821,46306],[35,-198],[-35,28],[0,28],[0,57],[0,85]],[[70785,72431],[0,-114],[-36,85],[-35,85],[-36,198],[71,-169],[36,-85]],[[91928,87036],[35,-821],[72,-283],[250,-227],[143,-113],[143,-226],[35,-1925],[36,-142],[-179,57],[-285,368],[-179,396],[107,198],[0,142],[0,85],[0,85],[0,113],[-35,113],[-36,29],[-36,28],[-71,141],[-72,142],[-143,170],[-357,198],[-107,85],[-286,509],[108,0],[71,29],[0,84],[0,170],[71,85],[215,-28],[71,56],[36,227],[71,226],[107,227],[108,56],[107,-254]],[[89785,88111],[-179,-85],[-143,283],[-35,397],[35,311],[143,-85],[179,-198],[107,-311],[-107,-312]],[[94928,90772],[-108,-142],[-107,29],[-143,85],[-107,169],[36,198],[-179,29],[-142,85],[-108,198],[-71,255],[143,84],[71,29],[72,0],[143,-227],[678,-453],[-178,-28],[0,-113],[0,-198]],[[93749,99999],[71,-368],[-71,0],[-71,198],[71,170]]]}