{"type":"Topology","transform":{"scale":[0.00006652933057995879,0.000050117474544863984],"translate":[35.7249572495725,32.313171689455245]},"objects":{"SYR":{"type":"MultiPolygon","arcs":[[[0]]]}},"arcs":[[[99674,95720],[109,-236],[108,-202],[108,-236],[0,-303],[-487,-371],[-974,-977],[-1515,-1752],[-3030,-3436],[-2003,-2325],[-432,-337],[-379,-236],[-4654,-1044],[-974,-169],[-487,-236],[-270,-438],[-1353,-2762],[-108,-540],[-488,-5020],[0,-337],[55,-337],[378,-977],[1191,-2729],[162,-640],[54,-640],[54,-2763],[-54,-606],[-270,-607],[-487,-842],[-704,-1146],[-162,-606],[-108,-1954],[-650,-2460],[-162,-1213],[54,-471],[54,-3268],[163,-3504],[-55,-506],[-108,-505],[-2597,-5458],[-541,-1314],[-325,-540],[-433,-303],[-3734,-1112],[-2164,-1448],[-1677,-1112],[-1678,-1112],[-1677,-1112],[-542,-371],[-1082,-707],[-1677,-1112],[-1678,-1112],[-1623,-1112],[-1678,-1111],[-1677,-1079],[-1678,-1111],[-1623,-1112],[-1677,-1112],[-1678,-1112],[-1623,-1112],[-1678,-1078],[-1677,-1112],[-3680,-2560],[-3192,-2258],[-1299,-876],[-2597,-1853],[-1948,-1348],[-2544,-1853],[-2597,-1853],[-1353,-1011],[-1190,-842],[-2598,-1853],[-1677,-1213],[-2273,-1685],[-2435,-1853],[-216,-67],[-163,0],[-974,303],[-324,0],[-271,-168],[-541,471],[-2056,270],[-541,67],[-271,169],[-812,101],[-324,101],[-217,135],[-1299,1415],[-974,741],[-487,573],[-162,101],[-108,-34],[-162,-168],[-55,-34],[-108,0],[-162,67],[-108,34],[-541,-101],[-217,0],[-162,0],[-54,34],[0,67],[-109,236],[-649,1179],[-162,337],[0,371],[54,337],[-108,202],[-325,34],[-216,-34],[-163,67],[-108,135],[-162,202],[54,-34],[54,102],[0,134],[0,135],[-54,34],[-217,0],[-54,0],[-270,303],[-163,101],[-1569,404],[-162,203],[-54,67],[-109,34],[-54,-34],[-108,-67],[379,673],[757,1011],[109,506],[-55,235],[217,607],[216,505],[109,34],[216,438],[-325,674],[-108,236],[-162,1886],[0,270],[-541,269],[0,304],[162,303],[162,371],[-54,572],[-324,236],[-55,944],[-432,337],[-109,134],[487,809],[-541,438],[325,168],[108,135],[271,202],[0,270],[54,101],[54,337],[54,101],[0,135],[325,236],[378,235],[271,203],[487,438],[216,606],[-162,404],[162,270],[325,135],[379,0],[271,134],[324,236],[217,303],[54,371],[-108,236],[-271,202],[-271,135],[-216,67],[-379,236],[-325,67],[-162,135],[54,438],[54,68],[163,67],[108,67],[0,203],[0,370],[0,169],[108,168],[271,270],[108,235],[216,337],[487,472],[217,438],[108,202],[271,135],[270,67],[271,135],[541,371],[108,-68],[162,-269],[109,-101],[324,0],[271,168],[216,202],[217,101],[270,-67],[758,-404],[541,-169],[325,68],[162,236],[0,438],[-271,168],[-595,101],[-433,371],[-108,134],[-108,203],[0,67],[325,708],[162,370],[270,303],[596,607],[487,674],[324,202],[163,-34],[324,-135],[217,34],[216,135],[109,168],[0,236],[108,270],[324,438],[650,606],[324,674],[433,505],[-54,203],[-379,404],[-108,303],[-54,371],[108,236],[109,235],[54,270],[-54,135],[-109,33],[-108,0],[-108,34],[-162,202],[-325,506],[-108,134],[0,169],[0,168],[54,101],[54,101],[54,135],[54,337],[0,202],[-108,169],[-217,202],[-108,-34],[-108,68],[-216,303],[-271,135],[-216,168],[-109,270],[-108,337],[-216,67],[-433,34],[-433,-34],[-271,-67],[-54,-34],[-54,0],[-54,34],[-54,67],[-163,303],[271,303],[433,236],[270,270],[55,303],[0,303],[0,236],[270,169],[217,-102],[162,-134],[108,101],[54,640],[-378,-135],[-379,0],[-379,135],[-271,269],[-378,708],[-217,168],[-325,-235],[0,-135],[-54,-404],[-54,-203],[-108,-134],[-162,-101],[-920,-34],[-54,34],[-217,134],[-54,34],[-108,-34],[-162,-101],[-55,-33],[-649,67],[-379,34],[-433,-68],[-324,0],[-325,101],[-270,236],[-109,68],[-108,33],[-216,0],[-54,371],[-271,606],[-108,539],[-163,304],[0,168],[0,809],[-54,134],[-270,506],[-54,202],[-109,404],[-487,1415],[109,68],[0,101],[108,101],[0,168],[0,135],[-108,101],[0,169],[108,67],[0,34],[-54,0],[-54,168],[162,270],[54,135],[108,134],[108,304],[-54,303],[-108,269],[-54,236],[0,944],[108,235],[704,1180],[324,337],[-162,539],[-541,1280],[216,674],[-108,337],[-108,1280],[54,303],[-162,135],[-704,1078],[-324,169],[-163,101],[-54,202],[-108,135],[-271,-68],[-216,-67],[-54,-67],[-163,101],[0,202],[55,303],[54,236],[-109,101],[-541,303],[54,101],[0,202],[55,101],[-109,0],[-162,-134],[0,134],[271,102],[324,202],[217,303],[54,371],[0,202],[-163,269],[0,270],[55,135],[378,134],[596,1213],[0,101],[0,472],[-55,371],[-162,471],[-216,438],[-217,270],[758,-34],[379,101],[108,270],[108,404],[379,640],[108,-67],[325,67],[270,135],[325,34],[162,-236],[0,-236],[0,-270],[0,-235],[163,-169],[270,-67],[433,0],[487,-236],[866,-674],[270,34],[163,606],[108,1415],[325,573],[487,169],[378,-102],[217,68],[108,707],[325,135],[595,-269],[325,134],[-54,573],[54,2864],[54,303],[54,135],[108,135],[54,202],[-216,269],[162,169],[217,-236],[162,-135],[216,-101],[379,-33],[108,-34],[109,0],[108,67],[54,101],[54,135],[54,135],[163,67],[270,34],[1136,-169],[271,0],[1082,203],[108,168],[-54,438],[-54,303],[-108,304],[-108,303],[0,33],[-217,203],[-216,101],[-487,67],[-162,169],[54,0],[108,168],[54,303],[54,169],[-54,168],[-54,135],[-54,135],[-54,33],[-271,135],[-108,101],[-54,135],[-271,1078],[-54,337],[54,303],[433,775],[108,843],[0,909],[163,843],[216,471],[54,371],[0,404],[54,438],[163,371],[270,370],[163,371],[-55,505],[163,0],[108,-33],[54,0],[2760,-1011],[920,-67],[324,-68],[271,-135],[271,-168],[270,-236],[433,-438],[108,-269],[54,-405],[-162,-640],[54,-236],[271,-269],[324,-169],[109,34],[162,168],[216,270],[271,135],[270,-34],[217,-67],[325,-34],[919,270],[325,0],[2489,-472],[596,0],[2218,1516],[920,438],[2489,573],[2381,1179],[433,101],[271,202],[1461,977],[1028,438],[487,34],[974,-135],[2868,-909],[757,-438],[1570,-1786],[432,-472],[920,-539],[1083,-135],[2435,135],[324,101],[812,68],[2273,-843],[811,34],[3031,606],[4870,1011],[3246,1280],[1516,978],[541,168],[541,135],[541,269],[1082,775],[2002,1415],[271,202],[325,135],[324,68],[379,33],[703,202],[2003,1180],[703,303],[2868,438],[3571,-741],[650,-304],[324,-101],[4221,203],[6223,1583],[1732,438],[649,404],[1136,1146],[758,1044],[216,135],[271,236],[162,-202],[0,-236],[0,-202],[0,-101],[217,-34],[433,-236],[108,34],[108,135],[54,67],[108,-34],[54,-101],[109,-202],[54,-101],[487,-438],[108,-34],[108,-269],[-270,-1112],[162,-270],[162,-101],[0,-303],[0,-539]]]}