{"type":"Topology","transform":{"scale":[0.000013536270724060798,0.00000668683285706403],"translate":[-72.48132481324812,21.29013927166099]},"objects":{"TCA":{"type":"MultiPolygon","arcs":[[[0]],[[1]],[[2]],[[3]],[[4]],[[5]],[[6]],[[7]],[[8]],[[9]],[[10]],[[11]]]}},"arcs":[[[59308,1263],[-1330,-1263],[-266,253],[798,1262],[532,505],[532,505],[-266,-1262]],[[63031,3030],[-532,-2272],[-532,1262],[532,2273],[532,757],[0,-2020]],[[94680,4798],[-1064,-1768],[-266,505],[266,2778],[266,1263],[798,0],[532,-758],[-532,-2020]],[[99467,23485],[-798,-2273],[-532,2778],[266,3282],[266,3283],[532,2778],[532,-2273],[266,-3788],[-532,-3787]],[[72606,35858],[266,-3283],[-798,-2020],[-1064,-757],[-1330,1515],[0,2525],[798,1263],[798,-253],[532,758],[0,3535],[532,2525],[266,0],[266,-757],[-266,-5051]],[[2128,53030],[-2128,-2273],[0,1010],[798,1515],[532,2778],[266,3030],[0,3031],[1861,505],[0,-4293],[-1329,-5303]],[[75531,56060],[-798,-505],[-1064,2020],[-1861,4546],[-1330,1767],[-3457,2778],[-1330,2778],[532,252],[266,253],[266,505],[0,757],[2659,-3030],[1064,-1010],[1862,-1010],[1595,-1010],[1330,-2273],[798,-3030],[-532,-3788]],[[49734,82322],[531,0],[798,253],[532,252],[4521,-1262],[2128,757],[1064,253],[1064,-1010],[532,-1768],[1861,-7323],[-1329,758],[-798,2020],[-532,2525],[-798,1768],[532,-3283],[1330,-5303],[532,-2778],[-798,-252],[-798,1010],[-1330,3535],[-532,-1515],[0,-758],[-532,0],[-1064,4041],[-1861,1262],[-4787,-1010],[-1596,-252],[-798,757],[-532,2525],[-266,1516],[-266,5555],[532,0],[798,-252],[532,-505],[1330,-1516]],[[26861,84343],[-531,-1010],[-532,0],[532,1010],[531,505],[0,-505]],[[12766,84090],[4787,-8081],[798,-757],[1596,0],[1329,505],[1064,757],[1064,1768],[532,1515],[798,505],[1596,-1767],[0,-1011],[-1862,-3787],[-532,-1263],[-532,2020],[0,1010],[-2128,-2020],[266,-252],[266,0],[266,-253],[266,-505],[-1064,-1263],[-1861,505],[-1064,-505],[0,2273],[-2926,-4545],[-1329,-253],[-798,3788],[266,0],[532,-1263],[797,-757],[532,252],[-266,1768],[-266,758],[-2659,2272],[266,-2020],[-266,-1515],[-532,-1010],[-1064,-758],[-266,1010],[0,758],[0,505],[266,1010],[0,-757],[266,0],[266,-253],[266,1768],[798,3282],[532,2021],[-1596,-2273],[-532,-758],[-266,1768],[798,4798],[0,2525],[1596,-1515]],[[28723,86363],[-532,-505],[-266,1010],[532,1767],[532,506],[266,-758],[0,-1263],[-532,-757]],[[42021,98484],[266,-1263],[-266,-2272],[798,-8839],[1064,-3030],[2127,-253],[-1330,-2272],[-1329,505],[-1064,1767],[-1064,758],[-532,505],[-798,758],[-1064,1515],[-266,1262],[0,2021],[1064,3535],[266,1768],[-532,2525],[-1064,-1263],[-1861,-3788],[-266,-1262],[-798,-253],[-798,253],[-532,757],[-532,1263],[266,1515],[0,1263],[-798,1010],[266,1262],[532,758],[532,757],[532,253],[4521,0],[266,0],[1064,-758],[532,-252],[798,-505]]]}