{"type":"Topology","transform":{"scale":[0.00010537410747161198,0.0001598929806149989],"translate":[13.44793447934481,7.455625699512041]},"objects":{"TCD":{"type":"MultiPolygon","arcs":[[[0]]]}},"arcs":[[[99965,75308],[0,-1457],[0,-1458],[0,-1446],[0,-1458],[0,-1447],[0,-1457],[0,-1447],[0,-1457],[0,-1447],[0,-1457],[34,-1458],[0,-1447],[0,-1457],[0,-1447],[0,-1457],[0,-1447],[0,-370],[-137,-190],[-239,11],[-1093,243],[-1162,105],[-1093,0],[-615,-84],[-1264,-285],[-717,-53],[-1435,201],[-479,-32],[-205,-21],[-273,-106],[-581,-475],[-751,-296],[-205,-137],[-69,-201],[69,-179],[171,-159],[205,-147],[204,-169],[103,-201],[0,-211],[-103,-729],[-68,-137],[-444,-497],[-68,-52],[-308,-85],[-239,-74],[-171,-105],[-854,-571],[-102,-126],[-69,-159],[0,-116],[-68,-106],[-171,-105],[-341,-159],[-103,-95],[0,-158],[103,-338],[34,-116],[136,-201],[35,-53],[-69,-84],[-68,-53],[-1913,-327],[-410,-127],[-376,-180],[-171,-221],[205,-233],[273,-147],[103,-85],[137,-665],[0,-43],[68,-31],[34,-42],[0,-43],[-68,-31],[-137,-43],[-34,-21],[-68,-105],[-35,-53],[35,-74],[102,-137],[103,-85],[170,-63],[513,-53],[171,-74],[102,-116],[68,-201],[-34,-190],[-136,-105],[-205,-53],[-274,-32],[-205,-74],[-341,-222],[-205,-74],[-1504,-464],[-273,-116],[-239,-148],[-68,-74],[-786,-634],[-239,-243],[0,-63],[239,-137],[137,-117],[34,-95],[-34,-95],[0,-137],[170,-243],[615,-369],[137,-243],[0,-359],[34,-117],[137,-147],[341,-264],[103,-148],[-68,-254],[-342,-285],[-888,-602],[-137,-74],[-1025,-253],[-171,-64],[-307,-200],[-274,-254],[-785,-950],[-239,-475],[-171,-190],[0,-43],[34,-63],[239,-211],[376,-454],[205,-127],[341,-106],[376,-53],[410,0],[376,32],[444,85],[376,137],[308,190],[239,253],[1195,-506],[991,-233],[103,-84],[-444,-718],[-240,-201],[35,-85],[307,-316],[683,-1394],[34,-74],[0,-74],[0,-85],[-239,-686],[69,21],[34,21],[102,42],[615,127],[376,53],[137,-53],[68,85],[68,-32],[0,-95],[-34,-106],[-171,-317],[-512,-1932],[34,-296],[205,-296],[273,-264],[342,-211],[342,-105],[751,-169],[239,-148],[35,-53],[0,-190],[102,-32],[888,64],[240,0],[136,-74],[103,-444],[239,-465],[34,-84],[0,-180],[-34,-116],[-171,-222],[-34,-105],[-34,-127],[0,-127],[-34,-63],[-171,-116],[-34,-53],[-376,-887],[-547,32],[-547,126],[-239,127],[-375,63],[-69,0],[-341,0],[-103,11],[-171,53],[-102,21],[-205,-21],[-205,-32],[-205,0],[-205,137],[-103,-63],[-102,11],[-137,31],[-171,21],[-102,-21],[-103,-42],[-170,-127],[-103,-52],[-171,-32],[-239,-21],[-34,0],[-205,-43],[-205,-52],[-103,-43],[-205,-105],[-102,-42],[-68,0],[-137,42],[-137,-64],[-102,-84],[-274,-148],[-102,-190],[-102,-137],[-274,95],[-171,-21],[-785,52],[-171,-42],[-103,-127],[-68,-126],[-68,-85],[102,-126],[-102,-74],[-581,-95],[-171,-53],[-307,-127],[-205,-137],[-35,-11],[-34,-53],[-102,22],[-205,52],[-103,0],[-171,-31],[-68,-11],[-102,-21],[-69,-42],[-34,-43],[-68,-21],[-137,-10],[-171,-32],[-102,-53],[-69,-95],[-34,-126],[-68,-191],[-34,-116],[34,-126],[68,-243],[34,-106],[35,-53],[170,-126],[69,-53],[0,-43],[-34,-42],[0,-42],[68,-42],[-273,-328],[-35,-126],[0,-64],[35,-95],[34,-53],[-69,-63],[-68,-11],[-137,-10],[-68,-21],[-102,-127],[-69,-127],[-136,-95],[-239,-31],[-69,-21],[-273,-64],[-34,11],[-103,-21],[-136,10],[-103,21],[-102,11],[-308,-116],[-239,-233],[-513,-739],[-239,-253],[-307,-201],[-342,-85],[-136,22],[-376,95],[-137,52],[-137,-73],[-478,-360],[-68,-95],[-34,-95],[-69,-10],[-546,-222],[-69,-116],[-170,-222],[0,-21],[0,-95],[0,-21],[-35,0],[-34,10],[-34,-10],[-137,-74],[-68,-32],[-68,-21],[-34,11],[-103,63],[-34,21],[-34,-10],[-34,-22],[0,-10],[-35,-11],[-34,-10],[-68,-32],[-68,-32],[0,-31],[-35,-116],[-136,-169],[-34,-95],[0,-212],[-69,-84],[-136,-32],[0,-42],[34,-21],[34,-21],[0,-85],[-137,42],[-68,-21],[0,-53],[-34,-52],[-205,-85],[-103,-42],[-34,-63],[-68,-95],[-376,-264],[-102,-53],[-205,-64],[-69,-137],[-34,-148],[-68,-126],[-34,-11],[-69,21],[-68,21],[-34,21],[-34,-21],[-69,-53],[-34,-10],[-102,-32],[-69,-63],[-34,-64],[-68,-63],[-103,42],[-68,-42],[-444,-84],[-376,-127],[137,-264],[-513,0],[-68,10],[-137,32],[-205,11],[0,-11],[-205,74],[-68,11],[-34,-64],[-34,-74],[-35,-63],[-68,-32],[-102,-21],[-171,-63],[68,-148],[68,-148],[-34,-63],[-239,-53],[-137,-127],[-102,-158],[-205,-138],[-103,32],[-102,0],[-103,-32],[-170,-84],[-69,-21],[-170,-21],[-786,21],[-205,-21],[-205,105],[-103,53],[-102,11],[-137,-21],[-273,-127],[-137,-21],[-171,31],[-102,74],[-68,74],[-103,32],[-68,-21],[0,-42],[0,-43],[0,-21],[-103,0],[-136,42],[-69,0],[-68,-21],[-273,-148],[-35,-31],[0,-42],[0,-32],[-34,-21],[-68,10],[-34,95],[-69,21],[-34,-10],[-34,-32],[-34,-31],[0,-32],[-34,-53],[-69,-11],[-102,0],[-68,0],[-240,-105],[-102,-21],[-34,0],[-137,42],[-102,-116],[-137,-32],[-786,32],[-205,-21],[-239,-43],[-102,0],[-103,-10],[-205,-63],[-68,-32],[-69,-21],[-410,0],[-170,-43],[-239,106],[-308,-32],[-273,-84],[-205,10],[-103,-31],[-34,0],[-68,21],[-34,10],[-718,-10],[-102,32],[-342,-95],[-137,-11],[-170,11],[-171,21],[-171,42],[-103,53],[-102,-74],[-68,21],[-103,63],[-137,32],[-68,0],[-205,-32],[-376,-10],[-136,-32],[-35,-74],[-68,-10],[-239,42],[-103,-11],[-68,0],[-239,53],[-376,-74],[-376,-116],[-205,-95],[-136,-85],[-69,-42],[0,-53],[-68,-21],[-171,-42],[-136,-53],[-103,-10],[-34,-21],[-34,-64],[-34,-53],[-69,-31],[-68,0],[-103,21],[-205,-211],[0,-95],[171,-85],[137,63],[68,-63],[34,-106],[35,-84],[136,-53],[1128,-317],[68,-95],[171,-63],[273,-137],[205,-148],[-307,-137],[-103,-96],[-102,-31],[-103,-42],[-376,-507],[-956,-708],[-103,-116],[-68,-148],[-137,-116],[-307,-190],[-410,-402],[-205,-116],[-171,-52],[-547,-127],[-410,-138],[-307,-179],[-205,-253],[0,-296],[-273,-264],[-752,-106],[-4168,-74],[-888,-137],[-752,-190],[-376,-42],[-376,10],[-1298,148],[-171,0],[-239,0],[-171,-42],[-205,-180],[-170,-63],[-205,-32],[-342,-21],[-171,-32],[-171,-73],[-68,-148],[-137,-43],[-444,85],[-136,-95],[-171,-74],[-1298,-306],[-137,-64],[0,-10],[-137,-74],[-68,-74],[-34,-116],[-69,-21],[-68,0],[-68,0],[-171,-106],[-342,-264],[-171,-116],[-136,-53],[-69,0],[-34,32],[-102,42],[-205,42],[-137,-74],[-34,-63],[0,-53],[0,-21],[-307,32],[-103,-11],[-68,-42],[-69,-74],[-205,21],[-410,-42],[-341,-74],[-171,-53],[-103,-84],[-68,-117],[0,-52],[68,-22],[35,-31],[-35,-53],[-34,-11],[-102,11],[-34,0],[-205,-106],[0,-10],[-69,-32],[-239,-10],[-136,52],[-205,233],[-342,253],[-205,116],[-239,74],[-376,64],[-68,74],[-69,137],[34,74],[35,63],[34,64],[-69,84],[-68,63],[-68,21],[-103,11],[-102,32],[-171,74],[-103,95],[-34,116],[69,190],[0,53],[0,53],[-35,52],[-375,-74],[-171,-52],[-137,-85],[-68,-63],[-103,-159],[-68,-52],[-137,-22],[-68,22],[-102,21],[-103,10],[-137,-84],[-68,-127],[0,-422],[-34,-95],[-103,-53],[-854,-74],[-170,-53],[-342,-158],[-205,-74],[-205,-21],[-205,0],[-308,-74],[-615,-53],[-205,-42],[-170,-53],[-137,-95],[-205,-190],[-137,-95],[-307,-127],[-171,-42],[-1230,-190],[-341,-11],[-376,84],[-479,296],[-410,21],[-717,-63],[-342,21],[-307,63],[376,328],[273,348],[102,370],[0,634],[-205,31],[-273,42],[-205,11],[-444,211],[-342,518],[-580,1341],[-1264,1785],[-274,359],[-136,126],[-547,349],[-410,433],[-137,127],[-205,95],[-239,42],[-376,32],[-102,31],[-34,43],[0,52],[-34,74],[-103,159],[-34,63],[-68,42],[-69,11],[-68,32],[-34,74],[-103,63],[-376,179],[-136,53],[-69,11],[-102,0],[-68,-11],[-103,-21],[-137,32],[-2118,1109],[-2118,1109],[-171,200],[-68,275],[-2733,2027],[-820,433],[-34,95],[580,539],[786,444],[308,264],[444,602],[34,63],[0,63],[34,43],[69,21],[136,0],[2323,105],[2768,-443],[375,-21],[1196,242],[444,-10],[547,-85],[273,-10],[274,42],[102,42],[171,95],[102,43],[103,21],[410,31],[581,-21],[1605,-338],[513,11],[2152,348],[137,32],[-410,243],[-308,63],[-649,254],[-444,243],[0,31],[-136,43],[-342,338],[-1298,781],[-103,116],[-68,127],[0,158],[-69,117],[-68,73],[-137,74],[-136,95],[-137,233],[-68,105],[-205,64],[-34,31],[-69,22],[-102,21],[-103,0],[-102,21],[-103,31],[-34,32],[-68,116],[0,159],[68,148],[69,105],[34,106],[-69,148],[-751,918],[0,233],[102,264],[34,158],[-68,106],[-102,95],[-240,401],[-68,539],[-68,633],[68,391],[34,95],[239,211],[69,106],[-34,