{"type":"Topology","transform":{"scale":[0.00001951239024585355,0.000050353877726679326],"translate":[-0.16740167401673034,6.0996981517962325]},"objects":{"TGO":{"type":"MultiPolygon","arcs":[[[0]]]}},"arcs":[[[54796,97182],[-1291,-1241],[-184,-402],[184,-201],[369,-403],[0,-201],[-738,-603],[-184,-202],[0,-469],[-185,-201],[-554,-369],[-2767,-1006],[-738,-671],[369,-1777],[0,-772],[-922,-1106],[-554,-2046],[0,-469],[369,-302],[3875,-973],[4797,-1240],[2952,-772],[4427,-1106],[7381,-1878],[5350,-1375],[738,-671],[0,-167],[0,-1476],[185,-2146],[0,-1543],[368,-939],[0,-234],[-184,-202],[0,-402],[0,-201],[-369,-268],[-923,-537],[-184,-235],[184,-402],[554,-503],[738,-302],[923,168],[553,-570],[369,-2012],[738,-772],[923,-570],[184,-167],[4243,-1644],[3137,-1274],[1107,-738],[369,-469],[185,-537],[184,-2481],[0,-2180],[0,-1844],[184,-2650],[0,-603],[0,-235],[370,-201],[1291,-671],[185,-167],[-185,-369],[-1661,-1073],[0,-168],[0,-335],[-368,-503],[184,-68],[369,-33],[185,-201],[553,-1677],[0,-2280],[-184,-3186],[0,-3119],[0,-3957],[0,-335],[0,-1710],[184,-1945],[0,-2985],[0,-2884],[0,-2917],[-923,-101],[-3874,0],[923,-1408],[738,-336],[737,-234],[554,-202],[0,-268],[-369,-838],[0,-336],[185,-369],[553,-402],[185,-469],[-185,-302],[-369,-201],[-738,-403],[-369,-436],[185,-235],[738,-201],[553,-402],[0,-168],[-184,-167],[0,-168],[184,-201],[369,-168],[369,-168],[369,-134],[553,-67],[370,-33],[553,0],[369,-34],[0,-235],[184,-134],[923,-268],[184,-168],[185,-201],[-185,-436],[185,-168],[185,-100],[1106,-235],[554,-101],[1292,-838],[922,-1475],[1107,-1476],[-1107,-33],[-6642,-604],[-1107,-201],[369,-403],[-9594,-637],[-8118,-972],[-3690,-604],[-553,-33],[-185,-34],[0,704],[-553,336],[-4244,167],[-738,134],[-553,269],[-554,402],[-369,168],[-369,67],[-554,67],[-368,134],[-738,436],[-1292,1576],[-3874,0],[-1107,134],[-738,168],[-1661,805],[-1291,301],[-2583,470],[-923,436],[-923,469],[-553,470],[-369,503],[185,402],[0,134],[184,235],[369,201],[184,168],[-737,268],[-554,34],[-1292,-34],[-553,34],[-369,302],[-738,201],[-738,235],[-185,436],[370,1006],[0,301],[-554,336],[-738,268],[-922,201],[-739,67],[-368,168],[-1476,1073],[-739,168],[-368,134],[-185,168],[369,435],[1107,705],[0,335],[-553,402],[-1477,436],[-553,302],[738,101],[738,33],[2214,202],[553,134],[1107,704],[0,838],[-184,906],[184,771],[1108,1207],[553,906],[738,737],[0,436],[-923,1308],[-184,168],[-2029,-268],[-923,-68],[-923,34],[-1660,570],[-738,872],[-369,972],[184,1141],[185,268],[369,201],[554,201],[553,101],[922,101],[739,134],[184,268],[0,536],[185,604],[738,402],[1476,-100],[-185,402],[0,1040],[-369,1140],[0,1174],[0,100],[-553,1308],[0,738],[0,402],[-369,738],[-185,939],[-369,470],[369,134],[369,134],[185,268],[0,268],[-369,168],[-370,134],[-184,201],[0,269],[184,67],[370,33],[553,67],[1660,604],[923,201],[2214,403],[738,201],[369,302],[-185,469],[-184,67],[-553,67],[-185,67],[0,67],[0,201],[-184,302],[0,235],[0,201],[-2030,637],[-553,738],[-923,738],[-3506,604],[-1291,368],[-1107,436],[-922,403],[-2030,536],[-2030,1073],[-1476,1275],[-368,704],[-185,268],[369,201],[738,34],[553,-101],[554,-436],[554,235],[368,335],[-368,68],[553,67],[554,-34],[368,-67],[739,-34],[553,101],[184,268],[0,302],[370,268],[1106,604],[-737,973],[-2399,1643],[-738,603],[554,604],[922,604],[185,670],[0,302],[369,168],[1107,402],[737,403],[0,335],[-737,704],[0,402],[553,168],[554,134],[553,202],[184,268],[0,570],[554,1006],[-369,469],[-922,302],[-1476,201],[0,34],[0,33],[184,235],[185,201],[0,202],[-369,167],[-2768,369],[-922,67],[-2030,-33],[-1292,-101],[-737,-101],[-185,-167],[-185,-403],[-184,-167],[-369,-134],[-2398,-302],[-923,-67],[-923,33],[-184,269],[369,201],[-369,335],[0,268],[2030,168],[922,134],[553,168],[185,201],[-369,235],[-738,0],[-1292,-101],[-553,101],[-554,134],[-369,134],[0,34],[-184,134],[369,570],[0,134],[2583,-134],[1291,33],[923,235],[738,-168],[922,-67],[923,101],[184,268],[-368,403],[-923,67],[-2214,-202],[-1476,68],[-922,402],[0,604],[737,570],[1292,-570],[923,-168],[922,33],[553,235],[185,369],[-185,335],[-184,302],[-369,201],[-369,168],[-369,201],[0,369],[1107,1543],[0,234],[-184,805],[0,269],[553,301],[554,269],[369,134],[0,134],[-369,402],[-554,470],[0,134],[0,201],[184,101],[0,134],[-184,201],[923,67],[738,-67],[553,67],[0,67],[184,336],[-184,402],[-369,134],[-554,34],[-737,167],[-370,503],[185,1409],[0,670],[369,269],[185,335],[184,302],[1291,369],[-1107,302],[-553,100],[-2214,-134],[-738,0],[554,402],[-554,302],[-922,302],[-554,369],[0,168],[184,201],[0,235],[-553,201],[-369,33],[-554,-67],[-553,-67],[-554,-67],[-369,34],[-1476,201],[0,-67],[-184,-134],[-184,-101],[-554,-34],[0,68],[-2583,1877],[-922,336],[-2768,637],[-369,201],[-553,436],[-370,201],[-553,101],[-1660,201],[-370,134],[-369,101],[-368,100],[-1108,68],[-553,67],[-738,100],[-369,134],[-554,403],[0,436],[370,503],[184,268],[185,838],[553,336],[738,335],[923,302],[553,134],[0,235],[-184,369],[-185,201],[1107,2012],[369,168],[369,167],[369,101],[369,134],[185,268],[184,704],[-184,604],[-739,470],[-1660,234],[-1107,0],[-1660,-167],[-923,-34],[-923,101],[-1106,201],[-923,302],[-369,335],[2768,-201],[2583,-201],[6273,-503],[11623,-906],[4612,-369],[5720,-436],[0,-33],[185,-34],[0,-67],[-185,-100],[0,-67],[0,-101],[-184,-67],[737,-67],[-553,-872],[6458,872],[3136,235],[4982,33],[6641,67]]]}