{"type":"Topology","transform":{"scale":[0.00007819356386345815,0.00004361638704494054],"translate":[67.3440734407344,36.67814393210203]},"objects":{"TJK":{"type":"MultiPolygon","arcs":[[[0]],[[1]],[[2]]]}},"arcs":[[[40147,73093],[0,348],[184,0],[1565,-697],[461,-39],[368,271],[184,-77],[92,-426],[0,-387],[-138,-155],[-414,-116],[-368,-271],[-691,-736],[-46,78],[-368,852],[-138,232],[-415,426],[-184,348],[-92,349]],[[40976,99418],[230,78],[368,-194],[276,-348],[185,-426],[138,-542],[46,-387],[-277,77],[-184,271],[-368,697],[-230,310],[-184,464]],[[46224,81610],[276,-542],[-230,-542],[-414,-465],[-414,-155],[-645,194],[-184,-78],[-92,-116],[-230,-155],[0,39],[-47,39],[-92,39],[-46,0],[-46,-78],[-92,-116],[-506,-581],[-184,-155],[-783,-387],[-368,-426],[-46,-619],[0,-697],[-92,-774],[-185,-426],[-230,-310],[-230,-232],[-276,-155],[-553,0],[-138,-116],[-92,-194],[-92,-503],[-138,-193],[-276,116],[-92,309],[46,388],[138,425],[138,349],[184,193],[230,117],[184,232],[231,503],[-139,387],[-322,271],[-322,155],[-1013,232],[-460,271],[-461,78],[-230,155],[-230,309],[-138,349],[-185,271],[-276,193],[-322,39],[-599,-77],[-276,116],[-1841,1665],[-461,77],[-5018,-2478],[-230,-38],[-185,0],[-92,116],[-138,348],[-92,39],[-46,-78],[-92,-387],[0,-155],[-276,-542],[-230,-542],[-46,-580],[92,-697],[46,-155],[46,-155],[0,-155],[0,-155],[276,-735],[0,-310],[-1197,-581],[-645,1433],[-368,581],[-184,77],[-46,-77],[0,-117],[-46,-232],[-230,-774],[-599,-2439],[-138,-891],[-46,-890],[92,-426],[184,-310],[230,-271],[185,-309],[92,-387],[46,-426],[-92,-2710],[184,-581],[506,310],[92,155],[46,193],[46,155],[92,39],[93,-39],[322,-465],[230,-116],[552,116],[323,0],[230,39],[230,116],[230,194],[415,503],[230,155],[1105,77],[506,-77],[507,-232],[552,-426],[507,-194],[967,271],[506,-77],[414,-232],[92,116],[231,387],[184,271],[276,116],[276,0],[276,-116],[415,-310],[230,-116],[184,77],[92,233],[369,1045],[184,232],[138,-232],[46,-426],[0,-387],[-92,-813],[0,-348],[230,-117],[230,78],[1105,1161],[184,116],[138,-38],[277,-116],[138,0],[46,77],[92,116],[46,116],[138,78],[230,38],[415,233],[184,38],[184,-77],[276,-387],[184,-116],[231,-39],[460,116],[230,-39],[322,-309],[139,-504],[276,-1084],[0,-38],[138,-155],[276,-155],[138,-155],[92,-310],[-46,-348],[-46,-271],[0,-310],[184,-464],[323,-271],[414,-116],[322,77],[415,310],[138,77],[184,0],[138,-39],[92,78],[138,232],[277,155],[276,-155],[322,-310],[322,-116],[415,271],[230,658],[184,736],[276,658],[415,349],[552,232],[553,39],[690,-194],[184,0],[139,116],[414,658],[138,194],[460,348],[93,78],[184,271],[92,77],[138,78],[368,77],[415,310],[230,38],[414,-387],[230,-271],[185,-348],[92,-349],[-46,-348],[-323,-658],[-138,-387],[276,-775],[553,-348],[598,-39],[1290,387],[276,0],[184,-232],[138,-542],[0,-581],[-46,-464],[-138,-349],[-184,-232],[-92,-310],[-46,-464],[92,-465],[184,-348],[230,-271],[276,-78],[461,78],[460,271],[1243,1239],[230,155],[461,116],[460,348],[230,39],[231,-232],[138,-504],[92,-580],[0,-465],[138,-348],[230,-155],[553,-116],[138,-117],[184,-193],[276,-194],[46,-155],[0,-193],[0,-194],[138,-387],[138,-271],[138,39],[507,1587],[322,1239],[138,348],[231,117],[276,38],[506,349],[184,0],[461,-155],[184,0],[230,39],[368,580],[139,116],[230,-77],[322,-310],[184,0],[138,116],[277,426],[138,155],[184,116],[230,-38],[2348,-852],[230,0],[553,193],[230,-38],[829,-233],[230,-116],[184,0],[599,465],[184,77],[138,-77],[230,-155],[460,-194],[415,39],[1289,658],[737,194],[92,232],[0,310],[92,348],[322,310],[1427,465],[415,77],[1197,-194],[368,-232],[0,-464],[138,-1317],[0,-464],[-46,-349],[-368,-1626],[-138,-658],[92,-658],[276,-736],[552,-735],[139,-349],[92,-774],[92,-387],[138,-271],[782,-813],[415,-658],[184,-194],[138,-387],[0,-387],[-46,-348],[-184,-271],[-276,-117],[-599,0],[-322,-193],[-184,-271],[-184,-349],[-93,-425],[47,-426],[138,-349],[368,-580],[138,-310],[46,-465],[-46,-1006],[46,-349],[461,-1084],[46,-309],[138,-968],[138,-349],[230,-387],[230,-193],[461,-271],[184,-155],[414,-504],[184,-193],[1243,-39],[185,78],[184,387],[-92,348],[-185,387],[0,426],[93,116],[506,233],[92,154],[46,194],[0,194],[0,193],[184,387],[184,155],[231,0],[782,-387],[231,-39],[322,0],[875,426],[276,-39],[1795,-1277],[2164,-1162],[230,-271],[231,-309],[184,-271],[322,-39],[276,39],[231,-78],[184,-232],[230,-387],[92,-232],[92,-117],[230,-193],[92,-155],[46,-194],[0,-193],[92,-658],[0,-465],[-46,-387],[-184,-387],[-506,-852],[-138,-387],[-46,-426],[0,-2168],[230,-2632],[276,-659],[875,-696],[184,-659],[-46,-1432],[0,-619],[0,-155],[46,-116],[138,-117],[138,-154],[-46,-155],[-230,-504],[-92,-77],[-46,-116],[46,-310],[46,-155],[92,-116],[691,-503],[138,-232],[46,-426],[-46,-194],[-92,-271],[-184,-387],[-93,-194],[-46,-193],[-46,-232],[-46,-194],[-138,-348],[-184,-271],[-138,-310],[-46,-465],[138,-813],[276,-619],[369,-542],[1197,-929],[184,-310],[690,-1200],[323,-542],[414,-387],[-599,-310],[-322,-194],[-138,-387],[-46,-851],[-92,-310],[-1197,-620],[-322,-77],[-231,-194],[-138,-387],[-138,-387],[-230,-193],[-414,309],[-553,1433],[-368,580],[-1658,1433],[-368,-310],[-1289,-116],[-92,0],[-138,39],[-461,193],[-276,194],[-230,-39],[-230,-77],[-369,116],[-138,0],[-138,39],[-184,464],[-138,116],[-138,0],[-138,-155],[-46,271],[-185,-580],[-322,-78],[-368,155],[-322,-39],[-185,-271],[-46,-813],[-230,-387],[-322,-193],[-1427,-387],[-967,-504],[-230,-116],[-737,-464],[-553,-78],[-276,-116],[-460,-658],[-184,-78],[-185,78],[-322,39],[-92,-78],[-230,-232],[-138,0],[-92,116],[-184,348],[-93,117],[-276,38],[-506,-232],[-230,155],[-46,503],[138,426],[276,348],[276,117],[507,77],[184,155],[230,271],[184,348],[92,349],[0,929],[46,193],[46,581],[-460,78],[-553,0],[-874,348],[-1520,774],[-598,0],[-783,-619],[-184,77],[-230,194],[-323,39],[-322,-39],[-230,-116],[-230,-233],[-599,-967],[-138,-78],[-276,155],[-138,-77],[-461,-542],[-230,-349],[-184,-658],[-184,-310],[-230,-271],[-921,-116],[-921,-813],[-276,-464],[-322,-155],[-599,-155],[-506,-465],[-369,-735],[-598,-1781],[-553,-1200],[-92,-465],[-92,-193],[-1888,-426],[-460,-310],[-875,232],[-552,-155],[-1335,-774],[-461,-503],[-138,-194],[-184,-387],[-138,-193],[-414,-349],[-369,-542],[-3683,-3987],[-506,-271],[-645,-194],[-599,0],[-598,194],[-553,425],[-414,659],[-184,387],[-138,426],[-92,464],[-92,1084],[-138,426],[-691,1703],[-138,426],[-46,504],[0,929],[-46,271],[-184,503],[-92,232],[-47,271],[47,1394],[92,929],[92,349],[92,232],[-46,542],[460,1161],[0,620],[92,309],[0,465],[0,968],[-92,890],[46,310],[138,542],[138,890],[-184,1859],[46,1006],[46,116],[138,310],[93,194],[0,232],[92,697],[138,735],[0,233],[0,232],[-138,503],[0,194],[92,426],[460,426],[184,425],[92,388],[0,542],[-46,503],[-46,310],[138,154],[-414,659],[-368,387],[-461,38],[-1565,-774],[-230,-232],[-277,-194],[-276,155],[-460,542],[-138,39],[-92,-39],[-92,39],[-46,310],[46,232],[92,542],[92,581],[414,1006],[138,929],[230,658],[92,659],[231,1006],[92,503],[-92,1046],[-323,658],[-414,426],[-1059,619],[-783,1162],[-506,503],[-368,271],[-138,39],[-139,0],[-138,-78],[-92,0],[-138,155],[-46,194],[-138,425],[-46,155],[-138,194],[-138,193],[-138,117],[-185,38],[-276,0],[-92,-155],[46,-542],[-138,-232],[-322,116],[-507,349],[-184,-39],[-46,-77],[-46,-117],[-92,-77],[-138,39],[-184,77],[-138,39],[-369,0],[-230,-78],[-92,-154],[-138,-388],[-737,-116],[-276,-193],[0,-155],[276,-271],[-92,-271],[-460,-465],[-138,-116],[-277,39],[-138,-116],[-46,-194],[0,-232],[0,-232],[0,-194],[-138,-774],[-138,-116],[-184,-39],[-138,-155],[-138,-542],[-369,-1045],[-322,-1278],[-184,-387],[-92,-194],[-461,-271],[-138,-116],[-552,-851],[-599,-1084],[-92,-78],[-230,-193],[-92,-39],[-46,-155],[-46,-194],[-184,-77],[-139,-39],[-92,-77],[-46,-194],[0,-193],[46,-194],[92,-193],[-276,-155],[-322,-78],[-276,78],[-231,309],[-184,-580],[92,-697],[185,-697],[184,-465],[138,-116],[460,-155],[46,-193],[46,-349],[92,-271],[139,-271],[92,-154],[-46,-271],[0,-310],[138,-658],[0,-349],[0,-193],[-46,-194],[-46,-271],[-139,-348],[-92,-78],[-46,-77],[0,-155],[46,-232],[-46,-155],[-46,-155],[-46,