{"type":"Topology","transform":{"scale":[0.00014209484188262812,0.00007651020120039693],"translate":[52.43632436324364,35.139850039238894]},"objects":{"TKM":{"type":"MultiPolygon","arcs":[[[0]],[[1]],[[2]]]}},"arcs":[[[4687,47252],[-51,0],[-25,309],[-203,1125],[-101,353],[-51,199],[-25,133],[25,353],[-25,331],[-51,618],[-25,287],[25,286],[76,265],[127,177],[152,44],[51,-88],[0,-44],[0,-67],[-203,-198],[-25,-530],[76,-1037],[101,-1104],[152,-1059],[-25,-177],[0,-66],[25,-110]],[[7525,58110],[25,0],[25,66],[26,-286],[25,-67],[127,-309],[-26,-154],[-76,-155],[-126,-110],[-102,0],[-25,110],[-76,420],[-51,154],[-50,177],[50,132],[76,110],[76,67],[51,-89],[51,-66]],[[99112,29066],[-126,-110],[-127,-155],[-101,-176],[-51,-66],[-76,-23],[-101,67],[-102,220],[-50,67],[-178,-45],[-481,-220],[-203,22],[-127,154],[-126,177],[-51,44],[-51,44],[-76,22],[-101,133],[-76,22],[-228,-22],[-76,22],[-152,110],[-101,177],[-203,375],[-127,176],[-1596,861],[-126,155],[-51,88],[-51,132],[-126,375],[-51,67],[-127,44],[-127,66],[0,-177],[-50,-353],[-102,-110],[-278,0],[-127,-44],[-76,-66],[-76,-133],[-76,-220],[-101,-265],[-51,-265],[-51,-309],[76,-552],[0,-287],[-50,-265],[-76,-176],[-203,-309],[-329,-662],[-254,-199],[-101,0],[-2990,-110],[-506,-265],[-1267,-1015],[-228,-221],[-127,-353],[-25,-508],[127,-993],[25,-507],[-76,-442],[-279,-706],[-735,-2053],[-126,-419],[-76,-530],[-26,-264],[0,-265],[26,-265],[101,-508],[25,-265],[-50,-529],[-76,-464],[-127,-463],[-557,-1280],[-127,-265],[-228,-287],[-253,-132],[-507,-177],[-127,-66],[-126,-111],[-76,-154],[-102,-530],[-76,-88],[-76,22],[-126,66],[-279,89],[-279,-89],[-253,-176],[-456,-530],[-76,-177],[-76,-198],[0,-243],[76,-618],[0,-154],[-684,375],[-203,66],[-101,-22],[-127,-22],[-203,-110],[-658,-574],[-279,-111],[-861,-88],[-152,-44],[-127,-110],[-101,-155],[-178,-331],[-101,-154],[-558,-398],[-608,-198],[-1545,66],[-152,-66],[-101,-155],[-26,-243],[51,-154],[51,-177],[50,-220],[26,-177],[380,-485],[101,-199],[25,-66],[178,-111],[50,-66],[0,-88],[-50,-110],[-203,-221],[-532,-265],[-177,-287],[-26,-199],[26,-662],[25,-154],[101,-155],[26,-132],[-76,-419],[-26,-486],[-25,-243],[-101,-154],[-152,-44],[-279,-44],[-152,-45],[-456,-353],[-659,-772],[-25,-22],[-431,-331],[-177,-287],[-102,-177],[-101,-132],[-101,-111],[-507,-331],[-127,-44],[-50,22],[-203,133],[-76,0],[-76,-44],[-76,0],[-76,66],[-456,640],[-177,-22],[-254,-309],[-684,-1413],[-101,-110],[-76,154],[-127,464],[-51,199],[26,529],[-26,221],[-50,243],[-76,198],[-102,177],[-380,243],[-202,198],[-710,1082],[-177,198],[-228,155],[-405,22],[-837,-464],[-430,-44],[-938,221],[-481,287],[-304,552],[-456,640],[-76,22],[-51,44],[-76,22],[-50,44],[-51,88],[-51,89],[0,66],[26,132],[0,44],[-102,155],[-25,22],[0,-22],[-101,132],[76,133],[0,44],[-76,88],[-51,44],[-51,0],[-380,-110],[-76,-66],[-177,419],[-102,287],[-25,353],[51,66],[76,155],[25,88],[0,243],[0,66],[51,309],[0,133],[-51,88],[51,287],[0,220],[-25,199],[-51,464],[-26,242],[-76,199],[-76,199],[-101,198],[-127,177],[-152,110],[-152,44],[-101,66],[76,155],[152,176],[76,133],[0,132],[-25,265],[25,155],[51,66],[50,22],[76,66],[26,155],[0,110],[0,132],[25,111],[51,88],[76,155],[0,88],[0,66],[-26,397],[-101,795],[-101,265],[-26,132],[0,287],[-25,154],[-25,133],[-26,66],[-50,88],[-51,67],[-76,44],[25,88],[26,44],[0,44],[-76,375],[25,640],[152,1060],[-51,198],[0,155],[26,132],[50,89],[26,132],[25,155],[25,154],[-25,155],[-25,132],[-51,199],[-51,441],[-278,66],[-355,88],[-735,-22],[-836,-22],[-1495,-44],[-988,-22],[-1114,-22],[-228,199],[-152,375],[-203,794],[-152,354],[-735,1368],[-329,728],[-254,839],[-228,419],[-253,177],[-583,154],[-253,221],[-456,574],[-1013,485],[-76,22],[-76,-66],[-76,-199],[-51,-66],[-76,-22],[-76,111],[-51,220],[-50,243],[-51,199],[-101,198],[-102,22],[-228,-132],[-76,0],[-51,44],[-50,66],[-51,89],[-127,44],[0,88],[26,110],[0,89],[0,22],[25,44],[25,66],[-50,88],[-127,221],[-456,552],[-76,176],[-127,905],[-25,265],[25,155],[51,110],[25,132],[-25,111],[-51,132],[26,287],[-26,177],[-126,286],[-152,199],[-152,66],[-406,-287],[-152,22],[-937,1016],[-228,353],[-76,44],[-203,66],[-101,44],[-101,89],[-279,198],[-532,177],[-431,353],[-51,-88],[0,-199],[-101,-177],[-76,-22],[-76,-22],[-152,44],[-76,0],[-51,-66],[-50,-66],[-51,-66],[-152,-22],[-152,44],[-304,176],[-355,464],[-126,88],[-127,-22],[-127,-110],[-76,-177],[-76,-221],[-76,-220],[-126,-89],[-634,-88],[-101,44],[-178,199],[-101,44],[-557,133],[-102,66],[-126,154],[-26,133],[0,176],[-25,243],[-25,110],[-127,309],[0,89],[25,88],[0,88],[-50,88],[-127,89],[-127,44],[-228,22],[-456,176],[-1114,773],[-228,88],[-127,0],[-127,-44],[-101,-22],[-102,66],[-50,88],[-51,199],[-51,66],[-76,22],[-101,-44],[-25,22],[-51,0],[-76,89],[-101,110],[-76,88],[-127,0],[-101,-44],[-330,-22],[-354,155],[-127,22],[-127,-22],[-101,-45],[-101,-22],[-1014,596],[-177,331],[127,706],[25,199],[-51,243],[-152,309],[-76,397],[-228,353],[-76,199],[-127,441],[-177,398],[-25,132],[0,88],[-26,89],[-76,66],[-152,88],[-76,0],[-76,0],[-126,-88],[-51,-111],[-25,-22],[-127,-375],[-101,-132],[-228,-221],[-102,-132],[-126,-89],[-127,22],[-279,177],[-1064,287],[-101,44],[-253,221],[-279,309],[-51,22],[-355,-66],[-557,-376],[-127,-22],[-76,66],[-101,89],[-101,88],[-102,44],[-658,-22],[-254,-154],[-228,-243],[-456,-596],[-50,-177],[202,-331],[26,-220],[-26,-243],[-50,-199],[-127,-132],[-608,-133],[-101,22],[-228,133],[-26,22],[-279,44],[-1013,-265],[-101,0],[-102,44],[-202,155],[-102,66],[-380,0],[-101,44],[-279,243],[-430,132],[-203,0],[-1394,-419],[-456,-44],[-152,-88],[-532,-596],[-152,-111],[-126,-176],[-102,-22],[-304,-155],[-152,-132],[-76,-199],[-76,-44],[-405,-110],[-152,-66],[-51,-111],[-76,-243],[-50,-88],[-76,-44],[-102,-22],[-76,-66],[-50,-177],[-51,-154],[-329,-530],[-1065,-1081],[-202,-331],[-102,-221],[-25,-199],[-25,-265],[-127,-397],[0,-287],[25,-66],[102,-110],[25,-89],[0,-88],[0,-309],[-25,-199],[-102,-331],[-25,-198],[-25,-88],[-178,-221],[-329,-331],[-101,-111],[-127,-88],[-177,-265],[-102,-88],[-152,0],[-430,132],[-178,-22],[-1165,-1037],[-254,-110],[-177,0],[-152,22],[-152,0],[-127,-133],[-126,-198],[-127,-66],[-152,-23],[-1925,265],[-102,1633],[-50,530],[-127,508],[-51,265],[-25,573],[-254,1744],[-126,3752],[25,198],[76,442],[76,640],[178,993],[-26,353],[76,420],[26,551],[-51,971],[0,89],[-76,198],[-26,111],[-25,132],[0,265],[-101,794],[-26,287],[76,1060],[76,529],[102,420],[329,772],[127,464],[-76,397],[101,110],[76,243],[26,265],[76,220],[76,177],[76,265],[50,176],[-76,-22],[-25,265],[-76,133],[-253,132],[0,22],[-26,110],[-25,45],[-25,22],[-76,44],[-26,22],[-50,88],[-26,88],[-25,133],[0,132],[-76,265],[-101,88],[-254,22],[-177,67],[-76,0],[-76,-44],[-26,-67],[-25,-44],[-76,111],[-76,198],[-127,618],[-50,133],[-76,-89],[25,-220],[76,-199],[51,-132],[0,-67],[-127,89],[-101,198],[-26,243],[51,353],[-51,221],[0,132],[51,89],[203,176],[-203,44],[0,265],[152,596],[-152,-110],[-203,-221],[-101,-199],[101,-88],[76,-1457],[-101,199],[-177,331],[-76,199],[-26,242],[0,265],[-50,199],[-152,22],[25,154],[25,199],[0,199],[-76,66],[-50,-88],[-102,-398],[-76,-132],[-25,287],[51,397],[126,751],[-202,-287],[126,463],[26,177],[-51,-44],[-152,-45],[101,265],[-25,111],[-101,-67],[-102,-220],[-50,88],[-76,-66],[-304,-22],[-152,-177],[-51,22],[0,243],[-51,0],[-50,-132],[-76,-133],[-102,-88],[-101,0],[25,88],[76,265],[-50,0],[-102,0],[-50,0],[-26,-22],[-50,-66],[-26,0],[-25,22],[-51,132],[-25,22],[-76,-44],[-203,-132],[-101,0],[0,88],[51,88],[-26,66],[-50,22],[-102,0],[-76,23],[-101,110],[-76,44],[-152,0],[-330,-154],[-152,-111],[254,-243],[101,-22],[-152,-309],[-25,-154],[-26,-221],[0,-221],[102,-529],[-26,-331],[-76,-155],[-76,22],[-152,1854],[-50,177],[-304,640],[-26,221],[76,264],[51,111],[203,287],[50,110],[26,177],[25,154],[152,155],[76,242],[253,1038],[203,551],[228,375],[279,-88],[-152,-110],[-102,-133],[-202,-419],[-51,-110],[-51,-375],[-25,-45],[-152,-220],[51,-331],[253,-44],[786,220],[430,-44],[152,-66],[76,-155],[51,-198],[76,-199],[101,-88],[127,-66],[304,-22],[101,-89],[76,0],[26,133],