{"type":"Topology","transform":{"scale":[0.0000328326566498493,0.000013660726720618312],"translate":[124.03024030240306,-9.50106724465003]},"objects":{"TLS":{"type":"MultiPolygon","arcs":[[[0]],[[1]],[[2]]]}},"arcs":[[[0,11619],[548,371],[2412,2349],[549,123],[438,495],[658,2348],[329,742],[877,989],[2084,1483],[2960,1360],[329,370],[219,866],[658,247],[768,124],[0,-1484],[-439,-4079],[-109,-2472],[-220,-742],[0,-247],[-109,-247],[-658,-1854],[-877,-1854],[-329,-371],[-110,0],[-110,-124],[-219,-741],[0,-2225],[-110,-495],[-329,-989],[-109,-618],[0,-494],[109,-1236],[0,-742],[-329,-989],[-328,-618],[-549,-247],[-548,-124],[-439,-247],[-109,-247],[0,124],[-110,988],[0,371],[110,1360],[0,494],[-110,1237],[-219,1236],[-329,1236],[-329,989],[-439,865],[-438,494],[-329,-123],[-548,-495],[-439,-741],[-548,-2102],[-439,-494],[-877,371],[-877,1730],[-987,4079]],[[31359,1112],[-219,4450],[-219,1113],[-658,2596],[0,494],[0,1113],[0,494],[-219,494],[-658,989],[-658,1484],[-220,865],[-219,1236],[-109,2596],[109,2101],[439,1483],[987,495],[658,-124],[219,-123],[219,-371],[329,-989],[219,-247],[439,0],[219,370],[329,618],[439,619],[329,123],[767,-123],[220,247],[109,741],[0,371],[-109,371],[-110,742],[0,741],[438,4574],[0,1607],[-219,1483],[-438,1113],[-549,988],[-548,742],[-219,494],[-110,371],[-219,247],[-219,-370],[-110,-371],[-219,-1483],[0,-495],[-439,-865],[-1425,-1483],[-768,-1237],[-439,-370],[-548,-124],[-438,371],[-329,618],[-329,865],[-110,1236],[0,1236],[439,2472],[-110,1731],[1097,1483],[548,1484],[1535,5315],[110,1112],[328,618],[1316,1236],[439,989],[109,1236],[220,6552],[219,1730],[439,1483],[438,989],[658,495],[1426,494],[548,742],[219,123],[1097,-371],[438,248],[877,1236],[1974,1483],[658,124],[1974,-371],[657,371],[1645,1730],[768,247],[767,-618],[329,124],[877,1978],[549,-618],[877,0],[1645,618],[3618,2719],[1425,247],[3180,-1359],[1206,-1360],[768,-247],[658,371],[1315,865],[329,123],[329,124],[1426,124],[1206,370],[658,742],[1316,2225],[986,742],[987,1359],[329,124],[658,0],[219,371],[658,-989],[548,-618],[768,-371],[658,-124],[438,-370],[1207,-2472],[1206,988],[2302,2596],[878,495],[548,988],[219,248],[329,123],[548,-494],[220,0],[1315,618],[1316,1360],[3180,5315],[658,741],[438,-247],[549,-865],[2083,-2472],[658,-371],[658,-124],[767,124],[548,618],[987,1607],[220,247],[329,-247],[219,-495],[0,-618],[219,-741],[658,-866],[1425,-988],[549,-866],[219,-1483],[-329,-1236],[-2193,-3955],[-1425,-3338],[-2742,-5191],[-1973,-4574],[-219,-742],[-329,-123],[-2193,-1113],[-1974,-3337],[-877,-1113],[-4605,-741],[-658,-371],[-329,-494],[-877,-1484],[-329,-247],[-220,-124],[-658,-123],[-329,-247],[-1206,-3338],[-1096,-4450],[-1097,-2225],[-1206,-865],[-8114,-2472],[-877,-865],[-438,-495],[-2303,-3708],[-3070,-5068],[-548,-371],[-1755,618],[-658,-123],[-329,-371],[-658,-1360],[-329,-247],[-1206,0],[-658,-371],[-1973,-2719],[-548,0],[-1536,494],[-548,-247],[-658,-1113],[-548,-865],[-1974,-1730],[-3289,-2967],[-1096,-1607],[-1645,-3090],[-768,-865],[-438,-989],[-549,-2102],[-329,-865],[-328,-618],[-439,-371],[-1425,-247],[-549,-371],[-548,-741],[-548,-1236],[-1097,-1855]],[[47258,86897],[-219,-248],[-110,371],[-219,247],[-987,742],[-438,494],[-329,866],[-110,741],[110,618],[219,989],[439,866],[986,1977],[329,989],[329,1236],[658,1854],[877,1360],[549,-618],[-220,-2349],[-1206,-6798],[-219,-2225],[-110,-618],[-329,-494]]]}