{"type":"Topology","transform":{"scale":[0.000023040460806911976,0.00006779705535634397],"translate":[-176.219962199622,-22.339320227568194]},"objects":{"TON":{"type":"MultiPolygon","arcs":[[[0]],[[1]],[[2]],[[3]],[[4]],[[5]],[[6]],[[7]],[[8]],[[9]]]}},"arcs":[[[625,0],[-156,0],[-313,50],[-156,99],[0,75],[312,0],[313,-50],[312,-74],[-156,-50],[-156,-50]],[[56718,13200],[-312,-149],[-625,124],[-313,225],[-625,199],[-1250,299],[0,99],[313,25],[312,75],[-156,149],[-156,200],[312,174],[781,125],[313,99],[469,249],[0,100],[312,224],[469,149],[156,-124],[156,-548],[0,-224],[-156,-548],[0,-922]],[[39218,17957],[469,0],[2344,150],[469,-25],[312,-75],[313,-74],[312,-100],[156,-149],[-625,-150],[-312,-124],[156,-150],[469,-50],[469,50],[312,100],[469,74],[625,-49],[781,-125],[313,-50],[625,50],[312,174],[156,200],[625,199],[469,50],[625,50],[469,24],[625,-24],[468,-125],[157,-100],[-157,-249],[-312,-124],[-2500,-573],[-156,-125],[156,-174],[156,-149],[0,-150],[-156,-174],[-312,-100],[-469,-50],[-469,-49],[-937,74],[-469,125],[-781,423],[-469,175],[-2188,323],[-312,-99],[-1094,199],[-625,75],[-469,25],[-468,74],[-938,499],[-625,398],[313,349],[1093,274],[1094,124],[-625,-199],[-625,-199],[-312,-200],[625,-199],[468,-75]],[[82499,37160],[-937,-25],[-313,50],[-156,75],[-313,75],[-156,99],[625,75],[469,124],[312,200],[157,224],[312,-25],[469,-50],[156,-50],[-469,-249],[0,-299],[-156,-224]],[[50937,37733],[-625,-299],[0,100],[-156,-100],[-313,75],[-156,50],[-469,74],[0,50],[0,50],[-625,473],[0,125],[157,299],[312,124],[313,0],[625,0],[624,-174],[313,-399],[0,-448]],[[84530,38206],[-625,-25],[-625,100],[-156,149],[781,150],[313,199],[469,199],[468,175],[313,-224],[-156,-175],[-313,-174],[-156,-199],[-313,-175]],[[85780,39726],[-312,-125],[-625,50],[-469,224],[-469,374],[-312,274],[625,-50],[312,-125],[157,-323],[312,-75],[625,-75],[156,-149]],[[68593,51955],[-625,0],[-469,224],[157,224],[468,100],[782,-75],[312,-199],[-156,-150],[-469,-124]],[[99999,55068],[0,-299],[-312,-149],[-782,299],[-468,-75],[-313,-75],[0,-124],[469,-125],[-313,-149],[-312,-150],[-625,50],[-313,-174],[-312,-249],[0,-250],[-469,100],[-312,174],[-313,349],[625,75],[156,174],[-312,175],[-156,74],[-625,-149],[0,-199],[-313,-150],[-625,100],[0,-75],[-156,-25],[-156,0],[-313,0],[-469,424],[782,224],[1250,224],[625,398],[312,100],[625,50],[781,25],[625,-25],[625,-75],[313,-100],[312,-124],[469,-125],[0,-149]],[[26093,99376],[-937,-323],[-1250,24],[-781,299],[156,299],[781,224],[1563,100],[781,-199],[-313,-424]]]}