{"type":"Topology","transform":{"scale":[0.000014076281524222844,0.00001308660470763795],"translate":[-61.92961929619295,10.042526076972337]},"objects":{"TTO":{"type":"MultiPolygon","arcs":[[[0]],[[1]]]}},"arcs":[[[72634,60774],[-3069,-5678],[-3581,-4903],[-1535,258],[-767,-1419],[-256,-2323],[0,-2193],[1279,-4645],[256,-2323],[-2046,-1806],[256,-2194],[255,-1419],[512,-4129],[511,-1033],[512,-1032],[1279,-1935],[2557,-2065],[-2046,-2322],[-1023,-4000],[0,-4387],[512,-3871],[-1535,258],[-1534,-516],[-1791,-1033],[-1278,-1161],[-1023,-903],[-1791,-645],[-3069,-774],[-767,-129],[-1023,0],[-4348,645],[-1534,-129],[-4604,-904],[-5626,517],[-6138,-517],[-2814,517],[-767,-129],[-1790,-904],[-1023,-129],[-1279,-387],[-767,0],[-1023,129],[-512,387],[-767,516],[-767,517],[-1279,387],[-1534,258],[-6138,0],[-1791,-258],[-1278,-645],[-1023,-904],[-1279,-903],[-1535,-516],[-1278,0],[-1535,1032],[767,1032],[2302,1291],[256,258],[767,258],[2302,516],[511,516],[768,1161],[1023,904],[1278,516],[5371,1806],[512,129],[2557,1420],[2302,1935],[0,2323],[767,516],[1023,0],[3836,-645],[2814,129],[1023,0],[767,387],[767,774],[1023,1032],[512,1032],[256,1549],[0,516],[-256,774],[-256,1161],[-256,1420],[-256,516],[-511,516],[-256,387],[0,387],[256,129],[256,0],[0,258],[0,516],[-512,1549],[-256,516],[0,1161],[256,1419],[1023,2452],[512,2839],[0,2967],[-768,2839],[-1790,2323],[512,516],[-2814,1935],[-1278,774],[-2046,904],[-1535,387],[-3580,258],[-512,129],[-256,387],[-511,903],[3580,2710],[1023,516],[2814,-258],[3324,774],[1791,0],[255,0],[1023,387],[512,774],[256,258],[511,-903],[512,0],[0,258],[0,774],[511,0],[0,-387],[0,-129],[256,-258],[256,-258],[-512,-516],[512,129],[256,387],[511,258],[0,258],[1535,0],[511,516],[1535,1678],[255,387],[1023,129],[256,0],[3836,-516],[8184,0],[768,516],[1023,903],[4092,516],[1278,645],[9208,1033],[3069,-516]],[[99999,99483],[0,-1936],[-256,-2322],[-511,-1678],[-768,129],[-511,0],[-512,-1032],[-511,-129],[-767,129],[-768,0],[0,-258],[-1023,-1548],[-255,0],[-1791,-1161],[-511,-388],[-767,-516],[-768,0],[-1023,129],[-511,129],[-4348,-2322],[-1279,-387],[-1790,-1678],[-1279,-516],[-511,1161],[-1023,-516],[-1023,129],[-512,775],[0,1161],[768,387],[767,129],[1023,387],[511,1032],[512,904],[6138,4258],[1279,1290],[767,645],[767,387],[2302,903],[2046,516],[767,517],[1023,129],[1023,-646],[512,0],[1534,1678],[767,645],[512,-516]]]}