{"type":"Topology","transform":{"scale":[0.00004086081721225828,0.00007115735772643422],"translate":[7.479074790747916,30.229467338419994]},"objects":{"TUN":{"type":"MultiPolygon","arcs":[[[0]],[[1]],[[2]],[[3]]]}},"arcs":[[[84493,51542],[704,-427],[793,-356],[441,-143],[528,-94],[441,-143],[264,-190],[-1674,-712],[-352,-94],[-176,-72],[-88,-118],[-265,-451],[-176,0],[88,379],[88,119],[-352,-71],[-353,-451],[-440,-308],[-353,-214],[-176,-261],[-440,190],[0,261],[176,213],[-441,333],[-440,95],[-352,166],[-441,71],[-441,-237],[-264,-214],[-440,-47],[-529,213],[-176,214],[-176,403],[88,356],[440,403],[-264,570],[0,451],[881,166],[2026,-214],[1058,-23],[793,237]],[[88545,62078],[-1057,-356],[-440,48],[-441,118],[-881,166],[-441,167],[265,94],[264,119],[2819,-24],[265,-142],[-353,-190]],[[93039,63716],[616,-285],[-176,-190],[-2467,-498],[-1233,-356],[-441,-72],[-176,238],[353,190],[352,189],[440,285],[89,214],[0,71],[0,142],[176,48],[88,-143],[352,-94],[617,47],[0,308],[-176,167],[264,189],[264,119],[177,166],[264,143],[352,-119],[705,-48],[176,-118],[-704,-119],[-88,-71],[-89,-95],[-88,-166],[177,-48],[176,-94]],[[98501,41480],[88,-617],[-705,-1352],[-88,-214],[0,-783],[-440,-949],[176,-1471],[-352,-1472],[0,-783],[528,-546],[1586,-783],[617,-498],[88,-593],[-441,-427],[-528,-238],[-264,-142],[-1763,-546],[-6343,-1495],[-7577,-1780],[-705,-332],[-969,-1115],[-793,-404],[-881,-261],[-793,-332],[-529,-71],[-440,95],[-441,119],[-440,23],[-529,-284],[-264,-1116],[-265,-474],[-1057,-475],[-440,-475],[-265,-213],[-352,-190],[-441,-166],[-1321,-237],[-2731,0],[-1234,-499],[-1674,-1424],[-1586,-854],[-352,-332],[-264,-926],[0,-237],[1850,-2397],[705,-1495],[793,-783],[88,-261],[-177,-546],[89,-498],[616,-997],[0,-450],[-352,-570],[-1498,-1566],[-2291,-1258],[-2555,-2064],[-2995,-1970],[-705,-166],[-1762,-71],[-705,-95],[-5463,-1424],[-704,1542],[-705,1543],[-705,1542],[-705,1543],[-705,1566],[-616,1543],[-705,1542],[-705,1542],[-705,1543],[-705,1542],[-705,1567],[-705,1542],[-704,1542],[-617,1543],[-705,1542],[-705,1543],[-88,166],[-440,997],[-265,261],[-352,213],[-4141,1448],[-5110,1803],[-3877,1377],[-2995,925],[-705,356],[0,24],[-353,474],[-176,1448],[-352,1970],[-353,450],[-2467,1875],[-2290,1756],[-529,143],[-529,-48],[-528,24],[-529,71],[-440,119],[-2732,949],[-881,142],[-1145,48],[-969,142],[-617,332],[-352,641],[0,1875],[0,47],[-441,570],[-1850,1566],[-1498,1305],[-264,356],[-264,736],[-705,640],[-176,261],[-265,760],[-176,546],[529,1423],[88,1021],[352,379],[529,261],[969,499],[617,379],[616,333],[970,213],[1585,119],[441,119],[352,189],[177,238],[881,1661],[528,474],[969,333],[2115,450],[969,356],[2379,499],[176,95],[1057,427],[529,166],[176,95],[176,95],[177,237],[88,119],[881,261],[176,166],[-617,451],[88,237],[265,190],[793,403],[88,24],[176,119],[88,190],[-529,1423],[0,522],[265,546],[528,760],[441,1020],[352,498],[1146,617],[1497,1068],[265,261],[-881,309],[-1058,166],[-881,213],[-616,499],[-88,569],[0,522],[264,475],[881,997],[0,427],[-176,1162],[-88,428],[-441,474],[-1233,926],[-265,474],[-88,594],[88,1139],[529,878],[88,166],[88,759],[529,1044],[264,238],[264,261],[-88,237],[-176,261],[-88,285],[88,593],[1145,1495],[0,71],[89,190],[88,593],[-88,261],[-177,261],[-440,119],[-441,47],[-440,119],[-2115,119],[-1057,190],[0,23],[88,475],[529,332],[705,190],[1585,285],[2996,830],[529,285],[616,498],[177,475],[-529,285],[-793,213],[88,238],[793,166],[969,47],[881,-24],[881,72],[1674,332],[441,142],[0,166],[-793,594],[-88,142],[0,166],[-88,380],[440,95],[1762,308],[617,71],[2026,0],[617,72],[969,403],[793,166],[177,24],[528,261],[705,427],[793,664],[352,95],[177,48],[704,356],[265,71],[793,119],[1938,379],[264,71],[529,404],[440,95],[3260,24],[881,166],[617,308],[353,95],[352,-71],[176,-71],[353,23],[264,72],[705,71],[528,118],[529,167],[352,166],[529,-143],[441,48],[881,285],[528,118],[441,48],[1057,23],[529,95],[264,24],[264,-71],[176,-95],[265,-48],[2114,-23],[0,-24],[88,-142],[0,-641],[-793,-285],[-881,-166],[-528,-356],[88,-119],[352,-379],[88,-71],[177,-48],[176,-214],[176,-23],[1057,-71],[529,23],[529,214],[264,190],[352,261],[-88,237],[-1498,285],[-264,0],[-529,-95],[-264,0],[0,95],[617,190],[264,23],[88,72],[88,71],[89,47],[440,24],[2379,-261],[440,24],[1234,261],[264,-24],[353,-261],[1762,-119],[793,-332],[1850,-308],[440,-190],[-793,-95],[-352,-71],[-352,-95],[-177,213],[-616,48],[-793,-95],[-441,-166],[176,-238],[617,-118],[793,0],[441,47],[176,-118],[176,-167],[88,-118],[-88,-190],[-176,214],[-1057,-475],[176,-688],[881,-712],[1145,-546],[881,-190],[265,-95],[616,-356],[265,-166],[-177,-166],[-528,-261],[-265,-285],[-264,-118],[-352,-24],[-265,119],[177,213],[-265,71],[-352,-23],[-881,-119],[-176,-95],[-441,-285],[-88,-190],[352,-71],[705,-24],[353,-71],[176,71],[88,48],[352,308],[529,-545],[617,-404],[881,-261],[1145,-47],[353,23],[528,0],[1234,285],[704,95],[529,237],[176,380],[177,332],[352,570],[440,166],[529,47],[1145,-23],[970,95],[969,166],[1233,403],[705,356],[264,48],[89,142],[88,71],[1409,522],[176,119],[89,166],[-89,95],[-88,71],[265,166],[528,95],[1234,71],[969,333],[440,23],[441,-95],[264,-237],[-88,-119],[-176,-189],[-88,-143],[0,-142],[264,-214],[88,-118],[88,-95],[441,-309],[88,-118],[88,-143],[88,-308],[0,-143],[176,-95],[89,-142],[176,-95],[176,-47],[176,-72],[265,-213],[-177,-237],[-352,-214],[-969,-190],[-1322,-522],[-705,-617],[-1057,-712],[-1674,-1471],[-1321,-1519],[-705,-403],[-2027,-238],[-2290,-617],[-882,95],[-881,-284],[-793,-570],[-352,-522],[-264,-593],[-353,-570],[0,-735],[-88,-736],[88,-475],[353,-474],[176,-238],[88,-94],[176,-143],[88,-308],[88,-119],[529,-403],[441,-190],[352,-95],[264,-143],[617,-925],[353,-190],[1674,-736],[88,-23],[440,-119],[793,-142],[1498,237],[176,-24],[264,-71],[441,-190],[-264,-190],[-177,-261],[177,-308],[264,-190],[969,-214],[2203,-403],[969,48],[705,-285],[352,-332],[-881,-167],[-176,-332],[88,-213],[0,-119],[264,-308],[353,-214],[1145,-166],[-705,-285],[-176,-380],[-88,-332],[88,-617],[-352,-285],[176,-522],[528,-427],[881,-522],[529,-190],[617,-118],[352,-95],[-88,-261],[-617,-24],[-528,-166],[-441,-451],[-705,-285],[-352,-308],[-352,-332],[-529,-214],[176,-403],[-88,-428],[-793,-474],[-969,-238],[-705,-355],[176,-333],[-176,-284],[0,-570],[-1057,-332],[-176,-119],[-177,-47],[-88,-95],[265,-285],[88,-190],[-881,-190],[-529,-213],[-793,-404],[-440,-379],[-441,-190],[-264,-261],[-441,-214],[-352,-142],[-1674,-237],[-176,-72],[-88,-95],[-89,-142],[-88,-190],[-176,-142],[0,-261],[-176,-166],[-88,-238],[-353,-189],[-528,-119],[-2291,-166],[-881,-214],[-1322,-1020],[-1145,-166],[-264,23],[-176,48],[-265,0],[-352,-48],[-88,-71],[-177,-95],[-440,-332],[-264,-95],[-353,-24],[-1145,-261],[-441,-166],[-1057,-190],[-529,-308],[-352,-427],[-881,-854],[-529,-404],[-352,-47],[-176,-95],[0,-24],[-88,-24],[176,-237],[88,-285],[0,-593],[88,-261],[352,-546],[89,-261],[264,-451],[528,-522],[2291,-1542],[176,-119],[353,-95],[3524,-1661],[881,-261],[1938,-403],[353,-48],[705,-71],[1674,119],[1850,261],[1586,403],[440,47],[617,-498],[-88,-949],[-705,-309],[-440,-71],[-265,-190],[-176,-237],[176,-213],[617,-475],[264,-190],[529,-71],[1057,95],[1850,546],[881,142],[441,71],[352,214],[177,284],[-89,238],[-440,237],[-88,119],[705,285],[352,-95],[264,-48],[265,71],[176,166],[176,0],[353,-142],[1057,-214],[440,-142],[265,-190],[881,-640],[88,-119],[88,-712],[-617,-498],[529,-878],[-265,-404],[705,119],[529,-261],[440,-309],[617,-142],[617,-71],[1233,-309],[617,-95],[-176,-71],[-88,-24],[-88,0],[-2379,356],[-1234,72],[-264,-428],[264,-189],[353,-143],[352,-213],[176,-285],[265,-142],[528,0],[1058,94],[1057,-118],[2026,-356],[1146,0],[352,118],[-88,190],[-441,166],[-440,72],[-264,95],[-353,213],[-352,190],[2202,-759],[1322,-309],[176,-24]]]}