{"type":"Topology","transform":{"scale":[0.000037800756011340225,0.00003741924649306552],"translate":[176.12636126361264,-9.420015535695654]},"objects":{"TUV":{"type":"MultiPolygon","arcs":[[[0]],[[1]],[[2]],[[3]],[[4]],[[5]],[[6]],[[7]],[[8]]]}},"arcs":[[[99999,45],[0,-45],[-95,542],[-95,361],[95,-46],[95,-315],[0,-497]],[[99237,1579],[0,-45],[-190,316],[-96,181],[191,-91],[95,-361]],[[81523,23781],[-476,-316],[286,316],[95,316],[-95,226],[-96,316],[0,451],[96,542],[190,-361],[0,-632],[190,-361],[96,-226],[-286,-271]],[[59904,37229],[-286,-1173],[-190,45],[95,361],[191,451],[190,316]],[[67904,51489],[0,-136],[-286,181],[-381,767],[-95,226],[667,-542],[95,-226],[0,-270]],[[27143,59341],[0,45],[0,90],[-96,90],[0,90],[96,-180],[0,-135]],[[5143,83528],[-191,-226],[191,361],[95,0],[-95,-135]],[[32571,88221],[-381,-45],[-95,181],[0,90],[-95,45],[381,-45],[190,-90],[0,-136]],[[381,99773],[190,-541],[-381,361],[-190,361],[95,45],[286,-226]]]}