{"type":"Topology","transform":{"scale":[0.00003726074521117818,0.00003382254094115992],"translate":[118.28098280982812,21.90478139789829]},"objects":{"TWN":{"type":"MultiPolygon","arcs":[[[0]],[[1]],[[2]],[[3]],[[4]],[[5]],[[6]],[[7]]]}},"arcs":[[[88791,3245],[-579,-200],[-773,300],[-677,499],[-386,400],[97,249],[0,300],[-97,249],[-193,200],[2029,0],[0,-200],[-97,-99],[-97,-250],[0,-300],[97,-249],[483,-400],[193,-249],[0,-250]],[[86279,21717],[0,-150],[-96,50],[-194,0],[-96,0],[0,50],[-290,100],[-290,549],[-96,400],[0,100],[1062,49],[97,-49],[97,-200],[-97,-400],[-97,-199],[0,-150],[0,-150]],[[46666,45332],[-290,-150],[387,549],[1352,1448],[1160,1398],[193,99],[-869,-1547],[-484,-449],[-289,-350],[-387,-399],[-290,-200],[-483,-399]],[[35652,49975],[-97,-150],[387,150],[386,-50],[193,0],[194,299],[483,-898],[96,-400],[-96,-299],[-194,199],[-193,150],[-290,50],[-386,-200],[-290,-50],[-193,-100],[-97,-149],[-96,-400],[-97,-100],[-483,-299],[-483,-50],[-483,150],[-483,499],[96,300],[290,-350],[483,-100],[387,150],[386,300],[-290,49],[-193,150],[-97,150],[-193,250],[-96,-100],[0,-50],[-97,-50],[0,399],[0,400],[193,0],[193,-50],[773,499],[483,150],[-96,-449]],[[31594,49026],[-387,0],[0,200],[194,149],[193,50],[193,0],[290,100],[0,200],[0,499],[386,1049],[290,349],[387,-399],[-193,-150],[-194,-350],[-290,-898],[0,-200],[97,-200],[-97,-149],[-289,-50],[-194,0],[-193,-50],[-96,-50],[-97,-100]],[[34975,50873],[-193,-100],[-96,150],[-97,350],[-193,299],[-483,449],[579,450],[387,-200],[290,-250],[96,-349],[-193,-200],[97,-399],[-194,-200]],[[4541,76884],[483,-1298],[-97,-899],[-386,-449],[-773,449],[-483,150],[-773,-100],[-773,-449],[-386,-599],[-387,-200],[-386,200],[-290,0],[-193,100],[-97,249],[0,50],[193,300],[97,149],[0,200],[0,250],[-97,449],[-96,399],[-97,250],[193,50],[773,399],[1063,-699],[676,100],[97,899],[193,549],[773,150],[773,-649]],[[90047,98102],[387,-749],[96,50],[290,50],[290,50],[193,-50],[0,-100],[-96,-150],[-97,-150],[0,-249],[97,-100],[386,-300],[97,-99],[193,-150],[387,-150],[4637,-1148],[387,-200],[-194,-349],[0,-300],[0,-549],[290,-899],[290,-399],[193,-100],[677,100],[386,0],[387,-150],[386,-200],[290,-249],[-2126,-1049],[-579,-499],[-1933,-2296],[-289,-500],[-194,-699],[-193,-749],[-97,-798],[97,-749],[290,-1598],[0,-399],[-193,-400],[96,-848],[290,-599],[676,-450],[773,-100],[0,-199],[-289,50],[-290,-50],[-290,-100],[-193,-150],[289,-499],[97,-649],[-97,-599],[-579,-350],[-97,-249],[97,-300],[193,-249],[97,-300],[-290,-250],[-677,-349],[-676,-849],[0,-299],[0,-749],[-97,-250],[-96,-250],[-97,-299],[-96,-649],[0,-200],[-97,-150],[-97,-99],[97,-200],[97,-100],[96,-150],[97,-150],[0,-99],[-193,-250],[-580,-599],[-580,-849],[-483,-399],[-193,-200],[97,-200],[-97,-149],[-676,-550],[-290,-249],[-290,-599],[-290,-1248],[-676,-1149],[-194,-449],[0,-449],[194,-549],[193,-250],[97,-100],[96,-150],[0,-299],[-96,-400],[-387,-599],[-97,-349],[0,-649],[-386,-1648],[-580,-1797],[-869,-4094],[-483,-998],[-1160,-6640],[-386,-2696],[-290,-499],[-676,-999],[-290,-499],[-193,-649],[-194,-1149],[0,-1048],[-96,-998],[-483,-1049],[-194,-200],[-483,-349],[-193,-250],[-97,-249],[-193,-599],[-483,-849],[-290,-1348],[-290,-649],[-966,-1498],[-193,-299],[-1353,-1199],[-386,-399],[0,-299],[0,-649],[0,-300],[-97,-300],[-193,-349],[-483,-649],[-483,-449],[-1643,-1149],[-1159,-1198],[-290,-150],[-193,-299],[-483,-1398],[-290,-499],[-870,-1049],[-290,-649],[-193,-1248],[-483,-1747],[-966,-1748],[-193,-599],[-97,-1647],[0,-1548],[97,-5392],[-193,-749],[-290,-599],[-290,-249],[-387,-400],[0,-898],[97,-949],[0,-599],[-483,699],[-676,549],[-773,350],[-870,199],[0,-649],[-193,-249],[-387,50],[-386,349],[0,250],[97,699],[-580,998],[0,250],[0,199],[0,350],[0,1098],[96,350],[290,349],[0,300],[-2029,5392],[-193,299],[-580,699],[-386,1048],[-193,300],[-870,649],[-290,200],[-96,50],[-194,50],[-96,399],[0,150],[-483,299],[-966,500],[-484,299],[-483,449],[-290,150],[-289,150],[-97,-50],[-193,-50],[-290,0],[-1256,1049],[-1256,1797],[1256,-1598],[-97,749],[-290,400],[-96,349],[-580,649],[-966,849],[-290,449],[-193,499],[193,450],[193,449],[-193,599],[-290,599],[-483,799],[-483,1048],[-97,450],[0,299],[194,400],[0,249],[-97,100],[-97,100],[-96,150],[-97,249],[-290,500],[-96,199],[-193,1398],[-97,649],[-193,400],[-387,399],[483,349],[290,649],[-96,500],[-677,100],[-96,-200],[-97,-350],[-193,-249],[-387,0],[-96,249],[0,699],[-97,250],[-386,200],[-194,-200],[-193,-300],[-290,-99],[-290,249],[-96,400],[96,349],[97,250],[290,149],[386,50],[290,100],[97,300],[-97,150],[-966,249],[0,200],[773,0],[-97,299],[-386,350],[-290,349],[97,400],[193,150],[290,99],[193,250],[-97,449],[-193,300],[97,299],[193,400],[193,249],[0,250],[0,250],[387,898],[96,200],[290,50],[-386,250],[193,449],[386,0],[290,150],[193,-50],[-96,349],[-193,-150],[-194,50],[-290,0],[0,350],[290,549],[387,50],[483,0],[-387,1048],[-386,849],[193,399],[0,200],[-290,150],[0,150],[194,249],[96,250],[387,549],[-870,-50],[0,899],[483,499],[0,1698],[0,1248],[290,1048],[483,799],[97,998],[290,899],[96,300],[677,848],[96,300],[0,150],[580,449],[193,299],[193,749],[97,300],[773,699],[193,299],[290,799],[386,799],[580,1647],[290,450],[290,349],[290,150],[193,100],[193,150],[0,299],[97,300],[579,399],[97,300],[97,1048],[96,300],[290,249],[1160,1348],[0,100],[96,350],[290,249],[290,699],[290,1248],[966,1648],[290,998],[290,599],[1352,1498],[773,799],[193,449],[97,649],[193,599],[580,1049],[193,649],[194,249],[676,200],[193,250],[97,249],[96,250],[483,449],[483,350],[580,150],[676,-150],[-96,599],[290,349],[386,400],[193,599],[97,150],[387,199],[96,549],[580,1149],[193,299],[97,200],[0,150],[-97,199],[-97,200],[194,300],[193,199],[97,250],[96,399],[97,300],[193,299],[290,200],[193,100],[0,100],[97,299],[193,649],[193,300],[966,1448],[677,849],[773,649],[1835,599],[483,299],[387,300],[386,249],[967,350],[2029,349],[1159,200],[483,200],[676,549],[97,100],[290,0],[290,0],[386,-100],[193,-250],[97,-299],[193,-150],[290,150],[-290,549],[-676,599],[-290,200],[97,299],[193,150],[193,100],[97,100],[193,499],[290,599],[676,599],[1063,499],[1063,250],[1159,-100],[387,-349],[1062,-1448]]]}