{"type":"Topology","transform":{"scale":[0.00011127822555338306,0.00010746213207665576],"translate":[29.320493204932063,-11.731677818165082]},"objects":{"TZA":{"type":"MultiPolygon","arcs":[[[0]],[[1]],[[2]],[[3]],[[4]],[[5]],[[6]]]}},"arcs":[[[93723,34113],[-259,-251],[-162,16],[-64,157],[64,236],[97,188],[259,314],[291,32],[194,-16],[33,-126],[-97,-125],[-356,-425]],[[95017,37020],[-259,-612],[-129,-173],[0,-63],[0,-63],[-33,-63],[-32,-188],[-32,-48],[-97,-110],[0,-62],[-65,-110],[-97,0],[-259,78],[-259,-94],[-97,-204],[-65,-205],[-97,-125],[-356,-142],[-161,-47],[-162,0],[-162,63],[-259,267],[-129,110],[65,31],[161,0],[65,32],[32,31],[0,63],[33,63],[32,0],[0,63],[65,16],[65,0],[32,15],[388,393],[130,204],[-65,110],[32,158],[97,78],[162,16],[162,0],[129,31],[291,126],[162,31],[-65,79],[-64,16],[-227,-32],[0,63],[97,32],[97,47],[162,110],[194,94],[65,63],[65,235],[97,142],[64,126],[97,47],[33,47],[97,251],[32,95],[130,-158],[-33,-314],[-129,-613]],[[89129,54682],[-130,-31],[-97,0],[0,141],[0,157],[33,267],[-33,189],[130,78],[-33,-125],[65,-173],[65,-110],[-65,-94],[65,-126],[0,-173]],[[90196,54148],[65,-252],[33,-141],[32,-141],[194,-299],[97,-424],[32,-32],[194,-31],[33,-126],[-33,-110],[-32,-126],[-32,-125],[0,-142],[32,-110],[32,-110],[65,-110],[-97,-141],[-65,-79],[-32,-94],[129,47],[98,-47],[64,-110],[97,-78],[0,141],[65,79],[65,15],[32,-110],[65,0],[0,16],[0,47],[162,-47],[0,204],[-33,267],[0,205],[162,-205],[97,-267],[162,-1367],[32,-78],[227,-440],[-33,-409],[-226,-283],[-324,-110],[-323,110],[-130,110],[-129,173],[-97,189],[-162,785],[0,142],[-194,-63],[0,-110],[97,-110],[65,-126],[-33,-220],[-32,-47],[-259,94],[33,189],[-33,141],[-259,252],[-258,455],[-97,63],[-65,63],[-130,-78],[0,-63],[65,-16],[0,-16],[0,-47],[0,-47],[-97,79],[-65,-142],[33,-204],[97,-110],[0,-16],[-33,-16],[-32,0],[-65,32],[-97,47],[-32,47],[0,32],[-453,534],[-97,157],[-129,409],[-65,172],[323,409],[-64,534],[-194,582],[64,518],[-32,110],[32,110],[0,94],[65,79],[0,-63],[97,-94],[0,-47],[162,251],[323,283],[162,173],[65,298],[64,676],[162,173],[97,-283],[291,-503],[33,-330],[-65,-393],[0,-141],[32,-157]],[[92914,58218],[-226,-16],[-162,126],[-162,172],[-65,110],[-97,110],[-97,142],[65,110],[65,-47],[129,-79],[97,-141],[97,-173],[162,-47],[129,-32],[97,-125],[-32,-110]],[[93367,63324],[32,-47],[97,16],[33,78],[0,63],[64,47],[33,-31],[161,-157],[33,-47],[420,-236],[65,-79],[0,-110],[32,-94],[33,-31],[65,78],[0,79],[-65,78],[32,110],[97,110],[0,-62],[33,-79],[32,-47],[65,157],[32,189],[32,172],[-32,110],[129,-78],[0,-189],[0,-220],[97,-345],[-97,-173],[-161,-126],[-130,-63],[33,-173],[-33,-172],[-32,-189],[-32,-173],[64,-283],[33,-47],[64,47],[0,79],[0,94],[0,47],[130,-47],[0,-173],[-65,-345],[0,-550],[-65,-157],[65,-63],[-97,-142],[-259,-817],[-65,-94],[-32,-47],[-32,-63],[0,-157],[-33,-110],[-97,-32],[-32,79],[32,173],[-32,0],[-65,-157],[-32,-63],[-65,-47],[33,-95],[-33,-94],[-97,-110],[-129,-78],[-97,-16],[-33,31],[33,63],[97,47],[0,63],[-130,-31],[-97,-63],[-64,-16],[-65,110],[-324,0],[-129,31],[-65,126],[0,330],[65,157],[65,126],[-65,94],[129,16],[324,-47],[-97,126],[-162,235],[-65,157],[130,-47],[194,-15],[162,31],[64,94],[-97,16],[-64,31],[-97,63],[-33,79],[130,0],[226,47],[129,16],[162,-95],[97,32],[65,188],[-194,-78],[-227,63],[-388,267],[-97,-47],[-129,31],[-97,94],[-65,126],[97,-47],[65,-47],[64,-16],[97,47],[65,-31],[324,-47],[161,0],[-64,78],[64,173],[-32,157],[-97,47],[-129,-125],[64,188],[0,47],[-32,79],[-65,47],[-97,0],[-97,-63],[0,110],[33,32],[32,62],[-32,110],[0,126],[32,110],[65,0],[129,-47],[32,31],[0,79],[-64,94],[-65,47],[-291,110],[32,95],[130,110],[32,94],[-130,-63],[-97,173],[65,126],[130,47],[161,-94],[33,141],[-130,94],[-129,79],[-97,125],[0,110],[32,268],[32,141],[0,-47],[33,-47],[32,-32],[33,0],[64,-47],[33,-78],[32,-95]],[[41184,99842],[679,0],[65,0],[129,0],[0,-252],[130,-78],[323,-16],[679,-393],[1942,-1115],[1941,-1116],[1455,-848],[453,-268],[1942,-1115],[1908,-1116],[421,-236],[1520,-879],[1941,-1116],[1909,-1116],[1941,-1115],[1941,-1116],[1909,-1116],[1941,-1115],[1909,-1116],[1941,-1116],[1941,-1115],[680,-393],[1229,-723],[744,-424],[162,-236],[129,-1005],[33,-126],[194,-1132],[-162,-15],[-97,-79],[-32,-126],[0,-172],[-162,-16],[-227,-110],[-194,-173],[-129,-141],[-33,-95],[-64,-94],[0,-110],[0,-94],[64,-79],[162,-15],[33,-79],[-33,-141],[-65,-189],[33,-126],[420,32],[195,-16],[194,-63],[161,-78],[130,-126],[64,-142],[162,-565],[97,-189],[97,-173],[486,-361],[776,-581],[777,-566],[776,-581],[744,-566],[776,-566],[777,-581],[712,-519],[32,-47],[776,-566],[777,-581],[776,-566],[744,-581],[777,-566],[776,-565],[744,-582],[777,-565],[776,-566],[65,-63],[129,-47],[65,-267],[-32,-299],[-162,-157],[-259,-126],[194,-78],[130,-16],[97,-47],[0,-220],[0,-189],[-33,-157],[-64,-157],[-291,-503],[-98,-110],[-64,142],[32,173],[65,188],[32,173],[-65,157],[-161,-471],[-130,-173],[-194,16],[162,-252],[0,-94],[32,-519],[0,-94],[-64,-47],[-162,47],[-65,-31],[-32,-47],[-97,-189],[0,-126],[129,16],[291,110],[0,-126],[97,-235],[0,-79],[-32,-79],[-324,-298],[-64,-79],[-194,-393],[-259,-424],[-33,-63],[65,-62],[97,62],[130,189],[64,-110],[-388,-1179],[-97,-204],[-129,-173],[-97,-63],[-97,-47],[-65,-78],[-32,-126],[32,-79],[65,-31],[64,-63],[0,-141],[-97,-362],[-259,-550],[-323,-487],[-291,-204],[129,-47],[-65,-204],[0,-425],[-97,-172],[-129,-158],[-162,-345],[-194,-299],[-65,-204],[-32,-220],[0,-597],[-32,-94],[-65,-63],[-32,-79],[-65,-94],[0,-32],[-32,-235],[-97,-189],[-65,-204],[0,-220],[32,-63],[130,-126],[32,-63],[97,-361],[32,-94],[33,-47],[226,-142],[130,-125],[0,-48],[64,-361],[-32,-220],[-65,-204],[-97,-126],[65,-236],[32,-518],[97,-236],[97,-78],[130,-48],[64,-62],[65,-95],[0,-94],[32,-110],[65,-94],[65,-79],[65,-47],[32,-16],[129,0],[65,-31],[32,-63],[33,-63],[32,-47],[97,-16],[259,-15],[97,-63],[97,-32],[97,32],[0,78],[-97,32],[-129,63],[-194,125],[258,-94],[194,-79],[486,-487],[323,-361],[227,-189],[64,-78],[130,-236],[97,-78],[129,-95],[97,-78],[65,-95],[32,-125],[0,-126],[65,-220],[130,-267],[161,-110],[162,157],[32,-267],[-64,-362],[32,-329],[162,-189],[0,173],[0,78],[-65,79],[162,-16],[129,-47],[259,-173],[162,-31],[259,-32],[97,-62],[161,-48],[324,0],[65,-47],[32,-125],[162,-220],[65,-283],[452,-582],[33,-63],[-33,-94],[-32,-63],[-65,-47],[0,-47],[65,-597],[0,-251],[-129,15],[-97,-125],[-65,-252],[-65,-110],[-97,-78],[-97,0],[-65,94],[-32,157],[-356,-283],[-32,0],[-65,-110],[-32,-157],[-33,-157],[-32,-126],[-97,-141],[-129,-95],[-65,-15],[-65,-16],[-64,-31],[0,-63],[32,-79],[32,-78],[-64,-110],[-98,-16],[-161,0],[-97,0],[64,-157],[97,-94],[65,-126],[0,-189],[-32,-141],[-97,-189],[-65,-173],[-259,-220],[-97,-361],[-162,-1021],[0,-189],[65,-188],[97,-299],[32,-189],[-64,-125],[-33,-142],[162,-330],[-65,-172],[-388,-472],[259,63],[194,220],[130,314],[97,299],[129,-110],[97,-126],[32,-141],[-161,-142],[356,32],[161,-16],[130,-110],[259,-251],[32,-126],[-65,-236],[-129,-298],[0,-110],[97,-330],[0,-362],[32,-157],[130,79],[64,47],[-32,-283],[-129,-267],[-259,-472],[-324,-832],[-129,-267],[-65,31],[-32,0],[0,-16],[-97,-15],[64,-126],[0,-330],[0,-173],[-97,63],[-32,-79],[-32,-173],[-162,158],[-65,62],[-97,32],[97,-142],[0,-110],[-65,-78],[-129,-47],[97,-236],[65,-251],[65,-252],[0,-283],[-65,-550],[32,-251],[291,-330],[130,-204],[64,-236],[33,-220],[0,-770],[-65,-188],[324,-95],[64,-47],[0,-78],[33,-63],[97,-32],[194,-15],[65,-48],[0,-125],[32,-189],[65,-157],[129,-63],[97,-47],[97,-94],[97,-126],[97,-330],[97,-141],[259,-205],[65,-78],[-130,-47],[-129,15],[-65,16],[-129,110],[0,16],[-194,173],[-162,220],[-129,78],[-195,-16],[-97,-47],[-64,-15],[-33,-16],[-161,-267],[129,-63],[550,63],[-129,-157],[-33,-95],[65,-62],[194,-16],[129,-47],[0,-126],[-32,-189],[-32,-204],[32,-31],[97,-63],[0,-32],[0,-188],[0,-16],[-32,-94],[-33,-32],[33,-15],[32,-16],[65,-31],[0,-63],[-32,-79],[-33,-63],[-32,-63],[0,-110],[65,-141],[0,-78],[-33,-95],[130,32],[161,78],[130,95],[97,78],[129,16],[130,-126],[388,-503],[162,-267],[32,-283],[-129,-298],[-33,-63],[65,-79],[65,