{"type":"Topology","transform":{"scale":[0.00005457709153637301,0.00005695628087595228],"translate":[29.547295472954744,-1.475259480897563]},"objects":{"UGA":{"type":"MultiPolygon","arcs":[[[0]]]}},"arcs":[[[79815,8301],[-1518,0],[-3298,0],[-132,0],[-3232,0],[-528,0],[-2836,0],[-3364,0],[-3364,0],[-1055,0],[-2309,0],[-3298,0],[-3364,0],[-3364,0],[-3365,0],[-131,0],[-3233,0],[-3364,0],[-3364,0],[-2968,0],[-330,0],[-3364,0],[-3364,0],[-1187,0],[-330,148],[-594,149],[-725,-356],[-660,-208],[-264,-118],[-660,-682],[-263,-178],[-462,119],[-396,59],[-923,-89],[-330,-59],[-198,-30],[-132,59],[-66,89],[-132,89],[-264,0],[-132,-89],[0,-29],[-198,59],[-263,89],[-264,-30],[-264,-118],[-264,-60],[-330,30],[-330,89],[-263,29],[-330,-88],[-132,-238],[-132,-741],[-66,-267],[-132,-89],[-264,-118],[-66,-59],[-66,-60],[-66,-89],[-66,-266],[0,-119],[-198,-297],[-263,-296],[-792,-741],[-330,-178],[-132,-30],[-132,0],[-132,-29],[-131,-89],[-132,-237],[-132,-682],[-66,-267],[-198,-178],[-792,-267],[-527,-296],[-66,-30],[-264,-237],[-198,-386],[-132,-59],[-1253,-652],[-396,-148],[-396,-30],[-396,89],[-263,296],[-198,356],[-66,741],[-66,356],[-528,712],[-198,118],[-132,0],[-198,-29],[-132,-119],[-198,-178],[-65,-356],[-198,-59],[-132,30],[-396,237],[-198,30],[-462,-60],[-264,-148],[-329,-208],[-330,-207],[-330,-89],[-396,-30],[-725,30],[132,1038],[0,355],[-66,178],[-198,356],[0,178],[132,445],[0,148],[-66,385],[-198,267],[-132,297],[0,415],[198,1097],[0,296],[-66,356],[-264,682],[-66,296],[66,208],[132,148],[66,178],[-66,267],[-66,326],[0,178],[0,148],[264,326],[527,148],[198,237],[66,267],[0,1067],[0,356],[-198,682],[0,386],[264,1363],[66,89],[66,89],[132,89],[0,119],[-66,118],[-132,178],[0,119],[66,178],[198,59],[198,0],[132,89],[0,267],[-66,1067],[-66,267],[-198,385],[-66,119],[0,326],[396,2194],[66,326],[264,1719],[132,623],[329,1779],[264,652],[66,326],[0,356],[-198,741],[0,326],[198,475],[792,1067],[66,207],[264,-89],[132,-118],[131,-30],[132,89],[66,148],[594,2876],[132,386],[198,326],[989,1067],[330,385],[66,119],[264,563],[0,682],[-396,1423],[66,356],[198,1482],[-132,919],[66,178],[330,682],[264,119],[395,296],[264,208],[726,326],[1979,444],[198,89],[198,208],[329,593],[66,59],[66,297],[396,415],[132,326],[-66,711],[0,356],[198,208],[66,148],[66,178],[0,385],[66,89],[593,563],[132,89],[132,30],[198,-30],[198,-148],[330,-148],[198,237],[198,356],[329,237],[198,0],[462,-30],[198,30],[396,59],[264,119],[197,148],[396,297],[1385,1719],[792,978],[1517,1898],[2507,1927],[2506,1957],[1320,1008],[1253,1541],[462,504],[1121,1423],[1121,1305],[528,919],[132,860],[0,29],[0,30],[-198,326],[-1055,563],[-396,267],[-132,297],[-66,385],[0,741],[-924,-296],[-263,-60],[-264,30],[-792,119],[-264,148],[-132,148],[66,59],[132,60],[0,89],[0,148],[-66,59],[-1055,1127],[-264,178],[-725,0],[-264,-475],[-264,-563],[-528,-237],[-330,118],[-329,297],[-330,356],[-132,266],[-66,267],[0,267],[-66,208],[-132,118],[-1319,0],[-264,89],[-66,297],[198,355],[198,356],[132,297],[66,296],[-66,652],[0,326],[66,178],[395,534],[0,148],[0,89],[66,208],[594,1571],[66,89],[0,178],[0,118],[132,30],[198,59],[66,30],[132,178],[461,1156],[0,712],[-198,711],[-395,682],[-330,296],[-858,564],[-198,267],[-65,326],[65,385],[330,801],[726,2164],[330,622],[66,30],[198,59],[131,30],[66,89],[0,207],[0,60],[396,622],[528,534],[132,207],[132,119],[66,385],[0,208],[-198,356],[0,207],[66,504],[0,148],[-198,416],[-330,-89],[-330,-297],[-395,-118],[65,266],[396,742],[1254,1689],[65,208],[66,207],[66,208],[198,148],[198,60],[396,0],[132,29],[264,119],[593,415],[132,59],[396,89],[132,59],[528,356],[659,504],[462,148],[858,0],[791,-118],[660,-208],[1517,-800],[2375,-1216],[329,-59],[198,148],[0,30],[264,267],[264,148],[1913,267],[330,118],[198,149],[1451,1571],[66,118],[0,-29],[395,-148],[132,-60],[396,-326],[1319,-1423],[264,-415],[66,-326],[66,-801],[132,-296],[264,-148],[1385,-60],[198,-29],[198,-89],[198,-356],[132,-207],[264,-267],[329,-149],[1188,-237],[198,30],[132,148],[0,119],[66,237],[0,267],[-66,622],[0,238],[197,237],[3430,1956],[792,178],[3364,267],[2836,237],[1584,445],[1451,682],[1055,800],[330,119],[396,-148],[2308,-1809],[396,-207],[528,-89],[1715,-89],[2902,-148],[792,89],[725,385],[66,59],[1320,1305],[1781,1660],[2044,1986],[1518,1423],[1451,1453],[593,-267],[396,-296],[198,-415],[0,-534],[0,-237],[198,-208],[198,-178],[132,-177],[66,-208],[0,-208],[-66,-415],[-66,-237],[-66,-178],[0,-178],[132,-266],[198,-208],[264,-178],[263,-178],[0,-296],[-198,-445],[-197,-415],[-66,-296],[461,-149],[264,60],[726,237],[396,0],[395,-208],[66,-237],[-264,-237],[-857,-415],[66,-119],[264,-89],[264,-266],[-396,-238],[-132,-118],[264,-89],[132,0],[329,89],[330,30],[396,88],[198,0],[0,-88],[396,-475],[264,-711],[263,-119],[66,59],[66,178],[198,178],[462,119],[330,-119],[593,-593],[396,-178],[330,-118],[264,-149],[132,-385],[-66,-1393],[-132,-712],[-396,-504],[-132,-89],[-198,-59],[-198,-59],[-65,-149],[0,-207],[197,-356],[132,-207],[-66,-149],[-198,-444],[0,-208],[0,-207],[132,-178],[198,-178],[132,-208],[264,-682],[132,-2164],[198,-385],[396,-237],[857,-238],[396,-266],[198,-356],[528,-2668],[197,-297],[594,-622],[264,-416],[198,-177],[264,-60],[66,60],[197,148],[132,29],[0,30],[66,148],[66,30],[66,-30],[66,-59],[0,-59],[66,-30],[0,-59],[528,-237],[132,-30],[132,-148],[66,-148],[330,-1097],[329,-1542],[726,-1542],[198,-148],[264,-30],[132,149],[132,118],[131,30],[198,-237],[132,-860],[66,-356],[528,-474],[132,-297],[0,-415],[-264,-296],[-396,-208],[-330,-237],[-197,-445],[131,-681],[726,-1631],[330,-771],[857,-1927],[0,-326],[-198,-771],[0,-356],[0,-355],[66,-356],[132,-297],[132,-207],[462,-385],[66,-178],[-66,-178],[-330,-445],[-66,-207],[0,-3410],[-132,-385],[-593,-1157],[-132,-207],[-198,-178],[-132,-89],[-396,-59],[-198,-89],[-395,-593],[-396,-1423],[-1122,-860],[66,-296],[0,-326],[330,-712],[198,-711],[-264,-712],[-528,-237],[-1517,-148],[-395,-238],[-594,-563],[-924,-207],[-131,-327],[0,-385],[-132,-148],[-66,-178],[-66,0],[-330,-59],[-330,148],[-264,89],[-396,-356],[-197,-326],[-132,-356],[-66,-385],[-66,-771],[-66,-356],[-462,-1126],[-528,-653],[-264,-711],[-329,-267],[-1188,-563],[-132,-178],[-66,-208],[-66,-415],[-263,-741],[-462,-445],[-594,-296],[-725,-267],[-594,-356],[-264,-533],[-66,-60],[-396,-1749],[-66,-148],[-132,-178],[-329,-356],[-66,-148],[0,-326],[198,-652],[0,-356],[-198,-237],[-660,-475],[-1451,-1897],[-198,-178],[-1055,-1364],[-66,-355],[593,-1809],[594,-1808],[0,-682],[-330,-2787],[-462,-3617],[-263,-2520],[66,-2401],[66,-3558]]]}