{"type":"Topology","transform":{"scale":[0.0034404448085521267,0.0002860478499966293],"translate":[-177.389973899739,-0.3895042963629862]},"objects":{"UMI":{"type":"MultiPolygon","arcs":[[[0]],[[1]],[[2]],[[3]],[[4]],[[5]],[[6]],[[7]],[[8]],[[9]]]}},"arcs":[[[5051,24],[-3,-24],[-2,47],[6,12],[-1,-35]],[[266,2037],[-1,-12],[-1,6],[0,11],[-1,6],[1,0],[1,6],[1,0],[0,-17]],[[270,2149],[1,-24],[-2,12],[1,12]],[[219,4168],[0,-42],[-1,42],[0,6],[1,11],[0,-17]],[[2281,59822],[-2,-6],[0,12],[0,12],[5,18],[2,0],[-5,-36]],[[2283,59934],[-1,0],[0,6],[2,6],[0,6],[3,12],[1,0],[-2,-18],[-1,-6],[-2,-6]],[[29754,65749],[1,-6],[2,0],[1,-6],[1,-12],[1,-5],[0,-12],[0,-6],[-1,0],[0,-24],[0,-6],[-1,0],[0,-6],[-1,0],[0,6],[-1,0],[-1,0],[0,6],[0,6],[0,6],[0,6],[-1,12],[0,6],[-1,0],[-1,17],[0,18],[2,0]],[[99999,68777],[-2,-29],[-7,23],[3,0],[2,12],[1,30],[-2,41],[4,-29],[1,-48]],[[19,99964],[-3,0],[2,23],[2,-12],[0,-6],[-1,-5]],[[3,99940],[-3,0],[1,29],[2,24],[3,6],[3,0],[-2,-24],[-2,-17],[-2,-18]]]}