{"type":"Topology","transform":{"scale":[0.00005328106561598429,0.00004876659922020458],"translate":[-58.437584375843755,-34.97325536083055]},"objects":{"URY":{"type":"MultiPolygon","arcs":[[[0]]]}},"arcs":[[[94931,25277],[-337,-208],[-338,-277],[-676,-762],[-405,-692],[-203,-693],[-405,-1696],[-338,-1039],[-135,-935],[-135,-312],[-676,-415],[-338,-243],[-878,-1073],[-1014,-693],[-338,-346],[-675,-1212],[-203,-207],[0,-243],[-405,-1177],[270,-727],[0,-381],[-743,-208],[-1757,-900],[-1419,-866],[-2838,-2527],[-203,-277],[-67,-347],[0,-311],[-135,-243],[-1689,-346],[-406,-35],[68,173],[67,139],[338,277],[-135,104],[-135,104],[-68,173],[-67,173],[67,242],[203,520],[0,69],[-270,242],[-473,208],[-541,104],[-405,35],[203,-139],[743,-277],[-135,-277],[-338,-277],[-338,-208],[-270,-103],[-135,-139],[0,-277],[135,-208],[270,35],[0,173],[270,-69],[338,-277],[203,-450],[-135,-243],[-338,-277],[-4257,-2008],[-203,-104],[-1148,-312],[-608,-450],[-406,-173],[-811,-208],[-3243,-1419],[-405,-69],[-338,-104],[-473,-520],[-405,-69],[135,208],[0,138],[0,70],[-203,277],[-203,242],[-337,138],[-744,70],[-67,104],[0,138],[-135,173],[-136,104],[-202,104],[-406,69],[-878,-34],[-1757,-381],[-675,138],[-541,416],[-946,1177],[-743,381],[-473,34],[-1216,70],[-811,-70],[-946,243],[-743,311],[-879,-173],[-878,312],[-1149,-346],[-675,173],[-1284,-381],[-541,-208],[-1216,-762],[-946,-588],[-1216,-658],[-676,35],[-608,-277],[-270,-174],[-68,-415],[-405,519],[-338,35],[-338,138],[135,174],[68,242],[-270,138],[-270,70],[-136,-312],[-337,-277],[-203,0],[-406,35],[-405,-35],[-608,450],[-1149,589],[-270,242],[-68,312],[338,242],[338,277],[473,139],[-270,277],[-406,138],[-946,346],[-743,104],[-608,-34],[-405,-243],[-338,35],[-270,138],[-744,381],[-270,173],[-338,174],[-1283,346],[-1554,173],[-1487,554],[-270,208],[-271,519],[-270,243],[-675,415],[-406,450],[-405,346],[-338,243],[-541,311],[-270,208],[68,277],[-135,139],[-271,173],[-135,104],[-338,381],[-338,242],[-608,242],[-946,208],[-1689,35],[-1013,-70],[-338,243],[-878,0],[-473,-277],[-203,277],[-541,34],[-473,-242],[-675,-242],[-608,554],[-473,0],[-541,-104],[-743,-277],[-1081,-381],[-338,35],[-473,-277],[-541,69],[-540,-69],[-608,69],[135,173],[-135,312],[-541,138],[-338,519],[68,831],[-473,451],[-405,554],[-1352,1489],[-608,277],[-270,311],[-270,693],[-338,277],[-473,173],[-473,104],[-405,0],[-541,104],[-203,242],[-270,762],[-203,450],[-1554,2077],[-338,277],[-743,381],[-270,277],[-270,381],[-135,416],[-473,2423],[-68,1766],[203,1766],[-68,416],[-67,415],[-68,416],[68,485],[270,415],[676,762],[67,450],[-67,381],[-541,415],[-135,416],[135,346],[270,346],[676,624],[203,415],[67,450],[-338,1766],[0,900],[271,658],[743,243],[1757,-104],[810,69],[676,312],[743,623],[271,346],[135,347],[67,484],[68,381],[270,762],[135,831],[-135,623],[-405,485],[-811,796],[-203,312],[-67,381],[-68,450],[68,900],[-68,485],[-135,346],[135,173],[-135,520],[-203,1419],[-202,312],[-203,312],[-338,1558],[-68,450],[0,35],[203,242],[473,900],[1149,1593],[135,623],[-203,624],[-1284,1592],[-202,416],[67,415],[406,658],[202,797],[68,900],[-68,866],[-202,657],[-541,624],[-270,415],[135,416],[541,554],[270,208],[405,173],[879,173],[473,138],[202,312],[1149,3151],[135,900],[-135,935],[-473,589],[-473,346],[-270,138],[-406,554],[203,624],[338,277],[743,415],[270,243],[203,380],[68,935],[202,416],[135,138],[271,208],[135,139],[405,796],[203,208],[0,554],[-135,900],[270,900],[473,693],[338,692],[-135,970],[-811,1073],[-135,243],[135,381],[338,207],[811,208],[473,-69],[202,104],[135,311],[68,485],[0,208],[0,865],[-68,520],[0,346],[-135,554],[-202,727],[-136,450],[-405,866],[-270,381],[-473,796],[-68,797],[270,727],[473,623],[3717,3186],[405,658],[135,796],[-270,900],[-68,450],[135,208],[406,0],[473,-450],[405,-1073],[541,-347],[473,-69],[878,139],[405,34],[271,-138],[270,-416],[270,-69],[203,104],[405,346],[271,104],[337,0],[271,-139],[202,-173],[271,-104],[135,35],[270,277],[68,35],[135,-70],[270,-242],[68,-35],[608,104],[540,416],[406,588],[67,624],[135,519],[406,658],[540,589],[473,311],[203,0],[338,-173],[203,0],[337,208],[135,34],[676,104],[406,35],[878,-242],[743,103],[676,35],[676,-450],[337,-554],[203,-208],[1149,-762],[608,-277],[338,-207],[270,-243],[135,-277],[68,-415],[-68,-208],[68,-138],[270,-174],[203,-69],[202,0],[135,0],[203,-138],[135,-104],[135,-277],[744,-727],[202,-208],[338,-242],[1014,-624],[270,-311],[473,-728],[270,-346],[270,-208],[811,-450],[1149,-865],[608,-312],[338,-312],[608,-692],[135,-208],[0,-208],[135,-207],[203,-173],[338,-208],[202,-173],[68,-173],[676,-1143],[270,-312],[1216,-935],[270,-588],[135,-624],[-67,-588],[-338,-554],[-67,-450],[0,-1351],[-136,-935],[0,-450],[68,-138],[135,-173],[473,69],[1284,-69],[540,103],[473,35],[135,35],[203,104],[68,103],[67,139],[135,104],[1014,658],[270,242],[135,312],[203,727],[270,242],[338,70],[473,-104],[406,-35],[270,208],[0,381],[-68,865],[68,347],[338,277],[405,103],[338,-103],[540,-589],[676,-381],[338,-208],[405,-484],[879,-762],[1351,-1455],[338,-380],[67,-347],[68,-727],[135,-346],[203,-208],[608,-381],[203,-311],[270,-866],[203,-346],[270,-346],[338,-174],[743,-277],[338,-207],[878,-762],[338,-208],[338,-35],[202,104],[271,312],[338,693],[270,69],[338,-381],[270,-519],[473,-589],[540,-520],[811,-311],[203,-243],[203,-277],[270,-207],[270,-173],[541,-208],[3108,-416],[675,0],[271,-69],[202,-242],[338,-658],[203,-277],[1013,-727],[271,-277],[202,-381],[136,-346],[0,-832],[202,-450],[68,-173],[473,-450],[675,-415],[541,-520],[541,-623],[1283,-1108],[1081,-658],[946,-831],[406,-277],[202,35],[203,207],[338,312],[338,104],[405,-35],[338,-138],[338,-243],[67,-138],[203,-312],[135,-138],[203,-70],[608,-34],[338,-104],[270,-104],[541,-346],[202,-243],[68,-207],[68,-208],[135,-208],[135,-208],[270,-207],[541,-312],[1081,-208],[270,-173],[135,-277],[0,-727],[541,-1177],[946,-1316],[202,-589],[135,-692],[68,-1039],[135,-346],[135,-277],[473,-381],[203,-242],[338,-520],[405,-485],[406,-450],[1216,-761],[1081,-1143],[1081,-346],[811,-451],[270,-103],[608,0],[676,-347],[540,-277],[338,-173],[1216,-1246],[203,-312],[-68,-381],[-270,-277],[-676,-485],[-337,-450],[-406,-450],[-1284,-866],[-540,-519],[-135,-346],[-68,-762],[-67,-381],[-203,-242],[-2297,-1385],[-676,-520],[-540,-657],[-136,-520],[-337,-969],[67,-1489],[406,-3082],[-473,-3393],[0,-1835],[473,-831],[405,0],[338,69],[338,-35],[270,-173],[203,-346],[135,-346],[202,-243],[608,35]]]}