{"type":"Topology","transform":{"scale":[0.00017172343445151687,0.00008373738418732486],"translate":[55.975159751597516,37.18471711306684]},"objects":{"UZB":{"type":"MultiPolygon","arcs":[[[0]],[[1]],[[2],[3]]]}},"arcs":[[[91362,32910],[105,181],[146,0],[105,81],[210,262],[147,60],[21,-121],[-126,-766],[-63,-141],[-84,-40],[-168,80],[-105,81],[-125,141],[-63,182]],[[87211,34563],[21,202],[21,201],[105,384],[188,161],[126,-141],[105,-283],[84,-322],[84,-202],[167,-161],[336,-222],[0,-20],[42,-20],[42,-21],[21,21],[62,80],[42,20],[147,81],[63,-40],[42,-101],[-42,-182],[-252,-302],[-104,-141],[21,-323],[251,-423],[-21,-363],[-63,-162],[-63,-40],[-209,0],[-273,-121],[-84,20],[-62,81],[-21,141],[-21,101],[-126,0],[-63,-61],[-63,-121],[-84,-80],[-84,60],[0,303],[252,605],[-42,363],[-63,80],[-147,41],[-84,80],[-62,141],[-147,505],[-42,181]],[[87190,60475],[126,182],[251,282],[189,40],[189,-121],[817,-887],[189,-101],[21,0],[-84,-443],[-231,-242],[-482,-222],[-817,-928],[-231,-80],[-293,0],[-231,-81],[-105,-444],[-21,-685],[-63,-202],[-209,-121],[-566,-101],[-189,-161],[-566,-766],[-273,-444],[-167,-565],[-126,-322],[-189,-182],[-189,-141],[-335,-423],[-943,-847],[-126,-303],[105,-383],[209,-181],[818,-142],[21,0],[210,-201],[104,-141],[84,-182],[126,-403],[105,-121],[105,-20],[21,0],[209,121],[713,625],[189,60],[125,-121],[84,-201],[336,-867],[42,-242],[21,-263],[-84,-725],[0,-202],[84,-161],[84,20],[125,80],[126,21],[105,-81],[105,-101],[105,-161],[83,-162],[105,-161],[105,-20],[252,60],[272,-80],[147,-101],[105,-141],[105,-101],[230,-40],[84,-121],[147,-384],[105,-80],[42,222],[0,242],[-42,221],[21,162],[125,101],[126,-21],[84,-141],[63,-443],[63,-162],[63,-141],[83,20],[63,222],[147,303],[398,-545],[126,182],[42,403],[-63,2077],[42,141],[84,-20],[273,-403],[251,-182],[210,61],[147,262],[188,645],[84,403],[42,242],[-21,222],[-168,323],[-63,201],[105,464],[84,121],[126,81],[126,-20],[84,-162],[21,-242],[0,-242],[-105,-665],[0,-161],[63,-20],[21,100],[41,121],[21,61],[63,-40],[21,-182],[63,-40],[42,60],[0,262],[42,41],[63,-20],[42,-81],[545,-1250],[84,-363],[42,-384],[-21,-504],[42,-504],[146,-121],[462,121],[146,-181],[84,-202],[105,-81],[168,162],[126,181],[125,141],[147,21],[147,-121],[63,-242],[42,-323],[0,-343],[63,-625],[0,-222],[-42,-222],[-84,-282],[188,81],[336,161],[210,40],[41,61],[63,323],[42,80],[105,141],[63,-80],[168,-424],[125,-101],[168,-80],[315,-61],[21,-20],[21,-60],[0,-61],[0,-60],[0,-283],[104,-80],[126,-21],[126,-60],[252,-605],[167,-323],[231,-141],[251,-60],[755,121],[231,-101],[21,-343],[-21,-202],[84,21],[251,282],[440,323],[84,-101],[84,-182],[126,-121],[335,20],[147,-40],[42,-20],[21,-242],[-168,-363],[-272,-242],[-545,-323],[-503,-484],[-420,-161],[-209,-141],[-147,-343],[-63,-786],[-168,-121],[-209,141],[-105,0],[-42,-182],[-21,-181],[-21,-182],[-63,-141],[-84,-101],[-230,-20],[-420,424],[-209,60],[-168,121],[-189,363],[-209,262],[-168,-121],[-21,-201],[126,-323],[0,-222],[-42,-201],[0,-121],[63,-121],[251,-283],[21,-101],[42,-141],[-21,-282],[-63,-303],[-105,-242],[-146,-40],[-147,81],[-356,322],[-84,41],[-252,-20],[-84,40],[21,121],[84,20],[84,20],[84,41],[42,121],[-21,0],[-42,80],[-105,20],[-42,-20],[-272,-20],[-105,-40],[-378,-323],[-62,-121],[-21,-222],[-84,-343],[-168,-242],[-503,-403],[-21,-161],[42,-182],[105,-121],[167,-121],[42,-60],[42,-40],[21,-81],[-21,-141],[-84,-20],[-104,20],[-63,40],[-42,20],[-42,0],[-63,-40],[-231,20],[-230,101],[-210,-20],[-189,-283],[-104,-383],[-63,-161],[-84,-141],[-315,-282],[-84,-41],[-125,81],[-21,181],[0,484],[-42,242],[-84,283],[-105,141],[-105,-162],[-42,-221],[0,-202],[-63,-141],[-146,-20],[-273,80],[-126,81],[-125,121],[-105,161],[-42,182],[-63,141],[-252,121],[-188,262],[-126,20],[-168,-20],[-105,0],[-83,61],[-63,100],[-42,142],[-63,60],[-84,-40],[-84,-202],[-63,-262],[-84,-202],[-167,-40],[-692,161],[-336,-101],[-209,-342],[-126,20],[-503,-61],[-839,-403],[-251,-40],[-231,20],[-251,282],[-105,504],[-63,545],[-168,403],[-126,81],[-104,-21],[-105,-60],[-126,0],[-126,40],[-293,202],[83,423],[-20,41],[-42,101],[-21,20],[-84,181],[0,20],[-21,61],[0,242],[84,242],[188,181],[399,142],[42,40],[62,121],[147,363],[84,121],[84,60],[84,41],[84,60],[63,101],[209,403],[357,444],[83,121],[84,101],[63,40],[84,40],[21,41],[21,60],[0,61],[105,80],[0,101],[63,403],[-231,202],[-524,202],[-105,181],[0,202],[42,141],[126,20],[210,-262],[104,-81],[21,222],[-63,121],[-1048,1855],[-188,263],[-21,20],[-21,40],[-105,202],[-63,121],[-273,161],[-209,-81],[-168,-1270],[-314,-585],[-420,-403],[-608,-363],[-566,-666],[-1069,-524],[-126,-101],[-105,-141],[-251,-484],[-147,-201],[-147,-81],[-188,121],[-63,101],[-63,121],[-105,282],[-63,121],[-147,141],[-62,101],[-231,565],[-147,181],[-167,20],[-105,101],[-63,121],[-84,101],[-105,20],[-189,-101],[-83,-80],[-84,-121],[-147,-283],[-105,-322],[-42,-363],[0,-424],[42,-645],[-21,-161],[-84,-81],[-356,-40],[-210,-222],[0,-242],[231,-625],[126,-686],[63,-202],[146,-423],[63,-242],[42,-262],[-42,-585],[-188,-40],[-231,121],[-147,-20],[21,-363],[419,-585],[0,-283],[-209,-161],[-294,20],[-524,242],[-209,162],[-168,141],[-147,40],[-943,-242],[-105,-60],[-210,-202],[-146,-20],[-336,101],[-126,-21],[-314,-141],[-252,-101],[-105,-121],[147,-262],[252,-262],[209,-121],[63,0],[1363,424],[273,-303],[20,-161],[21,-182],[0,-181],[-41,-141],[-147,-41],[-420,101],[-104,-60],[-210,-283],[-84,-40],[-126,383],[-104,121],[-63,-222],[0,-121],[104,-121],[21,-100],[0,-242],[0,-101],[21,-121],[525,-1129],[20,-263],[-251,-161],[-126,323],[-105,524],[-105,403],[-125,141],[-42,-100],[21,-222],[63,-262],[125,-424],[0,-181],[-62,-222],[-42,-20],[-42,-20],[-21,-21],[-42,-181],[0,-20],[0,-61],[-21,-121],[-42,-80],[-84,80],[-147,383],[-84,121],[-209,-282],[-84,61],[-63,0],[-63,-263],[-63,-1915],[-21,-283],[-84,-242],[-125,-241],[-252,-242],[-84,-182],[21,-60],[42,-162],[-126,-80],[-356,-162],[-273,-40],[-293,40],[-482,262],[-860,41],[-1991,826],[-273,0],[-231,-100],[-524,-625],[-482,-121],[-105,-162],[42,-544],[-21,-41],[-21,-20],[-42,-40],[-21,0],[-146,40],[-84,-20],[-63,-121],[-63,-464],[-42,-463],[0,-444],[-84,-403],[-42,-404],[-42,-20],[-41,20],[-63,-20],[-63,-81],[-21,-60],[-21,-81],[0,-161],[42,-484],[146,-242],[713,-403],[482,-20],[231,-142],[21,-60],[42,-121],[42,-61],[21,-20],[105,41],[42,-21],[41,-141],[21,-161],[-62,-928],[21,-302],[104,-161],[755,-202],[147,20],[440,222],[84,60],[84,41],[84,0],[104,-61],[42,-40],[84,-141],[105,-20],[84,60],[105,101],[42,20],[42,20],[62,-20],[42,-20],[84,-161],[210,-706],[105,-262],[63,-142],[42,-242],[0,-262],[-42,-181],[-84,-161],[-84,-142],[-105,-80],[-126,-61],[-105,20],[-62,-80],[-21,-242],[21,-121],[21,-121],[21,-101],[0,-141],[-21,-61],[-147,-181],[-42,-182],[0,-201],[84,-464],[21,-242],[-21,-686],[21,-262],[42,-141],[125,-363],[42,-181],[0,-363],[21,-182],[63,-161],[231,-363],[209,-625],[105,-182],[294,-262],[461,-665],[147,-363],[21,-464],[-84,-706],[-147,-665],[-231,-545],[-62,-242],[-42,-202],[-42,-181],[-42,-141],[-63,-81],[-21,-40],[-84,-41],[-272,-60],[-189,-101],[-105,-161],[-252,-1230],[-167,-545],[-420,-968],[-314,-484],[-293,-625],[-252,-705],[-168,-726],[-21,-505],[105,-947],[21,-504],[-21,-424],[-63,-403],[-105,-363],[-42,-182],[-21,242],[-62,141],[-105,101],[-126,61],[-210,-20],[-63,20],[-62,60],[-147,141],[-63,41],[-63,-20],[-105,-41],[-63,-20],[-42,-60],[-21,-121],[-62,-101],[-63,-41],[-84,142],[-105,484],[-147,121],[-126,-61],[-104,-141],[-189,-303],[-105,-141],[-126,-101],[-125,-60],[-147,-20],[-147,-61],[-210,-242],[-146,-40],[-126,101],[-63,181],[-42,222],[-63,202],[-105,181],[-272,162],[-105,121],[-63,181],[-105,504],[-63,121],[-125,61],[-231,262],[-105,80],[-272,21],[-545,-222],[-755,-40],[-63,-41],[-126,-161],[-63,-40],[-146,20],[-63,20],[-399,262],[-146,20],[-147,-20],[-105,-60],[-147,181],[21,222],[84,201],[105,182],[84,262],[-21,182],[-84,161],[-105,161],[-84,343],[21,423],[126,807],[21,464],[-42,948],[21,463],[189,585],[335,686],[210,685],[-63,242],[-63,323],[-189,242],[-209,161],[-231,101],[-440,0],[-189,81],[-587,