{"type":"Topology","transform":{"scale":[0.0000033840676810153418,0.000007953278473932287],"translate":[-61.461614616146164,12.585523445415674]},"objects":{"VCT":{"type":"MultiPolygon","arcs":[[[0]],[[1]],[[2]],[[3]],[[4]]]}},"arcs":[[[8511,212],[-3192,-212],[-3191,0],[-2128,849],[2128,637],[0,425],[-1064,424],[1064,425],[2127,212],[2128,-212],[3191,-849],[1064,-1062],[-2127,-637]],[[37234,13588],[-2128,0],[-3191,425],[1063,424],[3192,213],[1064,849],[0,1061],[0,1274],[3191,637],[2128,212],[0,-424],[1064,-1274],[-2128,-849],[-1064,-637],[-1064,-1274],[-2127,-637]],[[80850,33970],[-1064,0],[0,1486],[2128,1911],[3192,-212],[-3192,-2336],[-1064,-849]],[[69148,51167],[-4255,-1274],[2128,0],[-2128,-849],[-2128,849],[-2127,637],[-3192,213],[-3191,0],[0,849],[4255,-637],[7447,637],[0,1061],[-2128,850],[-1064,637],[2128,1061],[8511,2123],[3191,1274],[1064,-637],[0,-424],[0,-425],[1064,-425],[-4256,-1698],[-5319,-3822]],[[87233,70488],[-5319,-1699],[-7447,1486],[-18085,5308],[-2127,3609],[0,4247],[4255,3397],[-1064,424],[-1064,1274],[8511,637],[3191,2760],[2128,3609],[3192,2973],[4255,1061],[3191,425],[3192,0],[7446,-425],[2128,-424],[1064,-849],[2128,-1911],[3191,-5520],[0,-7644],[-4255,-7643],[-8511,-5095]]]}