{"type":"Topology","transform":{"scale":[0.00000504010080151203,0.000004103283798652898],"translate":[-64.77364773647736,18.335129049366273]},"objects":{"VGB":{"type":"MultiPolygon","arcs":[[[0]],[[1]],[[2]],[[3]],[[4]],[[5]]]}},"arcs":[[[40714,412],[-714,-412],[-715,2058],[-2143,1234],[-2857,823],[-714,823],[2143,412],[1428,411],[715,0],[714,412],[2143,-412],[0,-2057],[0,-3292]],[[48571,27983],[2143,-2469],[-714,-1234],[-2143,411],[-2857,823],[-2858,-1646],[-714,-1646],[-2143,-1646],[-1428,-823],[-1429,411],[-1428,823],[-1429,412],[-1428,0],[0,-823],[-2143,-2058],[-1429,-1646],[-1428,412],[-1429,-2881],[-2857,-2880],[-3571,411],[-2858,0],[-4285,412],[2143,2880],[3571,412],[2143,3292],[1428,2880],[715,3704],[4285,2881],[2857,-1235],[4286,1235],[2143,-823],[6428,1234],[6429,-823]],[[10000,26337],[-1429,-1234],[-5714,823],[-2857,0],[714,2057],[5715,1235],[2142,-412],[715,-823],[714,-1646]],[[47857,32098],[-715,-1234],[-714,823],[714,1646],[-714,2469],[714,2058],[715,823],[714,-412],[0,-2469],[0,-1234],[-714,-2470]],[[88571,43209],[-1429,-3703],[-3571,-2469],[-3572,-1235],[-2143,-411],[-1428,-2058],[-3572,-3704],[-4285,-2880],[-2857,-412],[5000,7819],[1428,4115],[-714,4938],[714,0],[714,-411],[0,-823],[715,-412],[11428,412],[3572,1234]],[[97142,97118],[2857,-8230],[-2143,412],[-11428,5349],[-8572,823],[-3571,1235],[-2143,3292],[17857,0],[7143,-2881]]]}