{"type":"Topology","transform":{"scale":[0.000004824096481447269,0.0000070245516882288985],"translate":[-65.040050400504,17.68333822319154]},"objects":{"VIR":{"type":"MultiPolygon","arcs":[[[0]],[[1]],[[2]]]}},"arcs":[[[64178,11779],[4478,-1202],[2239,-721],[1492,-1202],[5224,2644],[7463,1202],[8209,-481],[6716,-1442],[0,-962],[-5970,-240],[-4478,-962],[-8209,-2644],[-4477,-961],[-43283,-4087],[-3732,-721],[1493,2404],[746,1923],[-746,6009],[746,1683],[1493,1202],[8209,-1683],[4477,1443],[4478,1923],[5224,721],[0,-481],[8208,-3365]],[[77611,94470],[746,-1442],[-2238,-240],[-5970,1201],[-1493,-480],[2239,-1923],[-1493,-3366],[-6716,2404],[-10448,-721],[-2985,1923],[2985,3125],[3732,962],[3731,721],[-746,961],[1492,721],[7463,-1202],[2985,-480],[2985,-962],[3731,-1202]],[[23134,99278],[7463,-2885],[7462,-2884],[3732,-3125],[-2985,-241],[-1493,241],[-2239,-481],[-1492,-1442],[-6717,1682],[-2238,962],[-2239,2404],[-746,-1443],[-1493,962],[-4478,-481],[-3731,241],[-2239,1923],[-6716,-1443],[-2985,2164],[5970,2163],[5224,962],[7463,-241],[2985,-1442],[2238,240],[-3731,1683],[-1492,1202],[4477,-721]]]}