{"type":"Topology","transform":{"scale":[0.0000337686753701306,0.00007188345321343857],"translate":[166.52146521465215,-20.253927299263054]},"objects":{"VUT":{"type":"MultiPolygon","arcs":[[[0]],[[1]],[[2]],[[3]],[[4]],[[5]],[[6]],[[7]],[[8]],[[9]],[[10]],[[11]],[[12]],[[13]],[[14]],[[15]],[[16]],[[17]],[[18]],[[19]],[[20]],[[21]],[[22]],[[23]],[[24]],[[25]],[[26]]]}},"arcs":[[[98187,70],[-214,-70],[-319,141],[-320,70],[-746,94],[-960,188],[-426,141],[0,306],[213,352],[320,235],[426,47],[746,70],[853,0],[533,-70],[640,-212],[426,-117],[320,-141],[320,-258],[-320,-329],[-213,-188],[-213,-118],[-320,-70],[-746,-71]],[[86566,8433],[-213,-141],[-640,24],[-1279,164],[-426,118],[-1280,634],[-213,117],[-639,0],[-214,47],[-106,94],[-107,141],[-213,118],[-213,70],[-107,47],[0,117],[-1066,635],[-107,141],[0,211],[0,376],[214,329],[319,141],[214,94],[0,164],[-107,329],[107,164],[106,118],[213,94],[320,94],[640,70],[1066,24],[533,94],[426,-188],[107,-188],[-213,-235],[-107,-305],[427,-1034],[213,-211],[640,-94],[746,-94],[639,-118],[960,-235],[426,-141],[640,-117],[-213,-165],[-1066,-587],[-213,-611],[-214,-305]],[[78890,21141],[1280,-70],[0,23],[106,24],[214,23],[106,24],[107,-24],[0,-117],[320,-70],[106,-94],[107,-118],[106,-94],[-319,-23],[-1919,-212],[746,-399],[107,-141],[213,-24],[853,-211],[319,-94],[853,-211],[640,-259],[426,-305],[107,-423],[-213,-352],[-640,-165],[-639,-141],[-320,-235],[-640,212],[-2559,634],[-426,24],[-320,-71],[-213,24],[-960,117],[-213,47],[-320,141],[-746,235],[-533,94],[-1599,258],[-107,235],[533,611],[0,188],[-106,164],[-213,141],[-214,141],[0,94],[107,1010],[213,282],[427,282],[853,282],[1172,164],[1173,-23],[1066,-235],[320,-212],[106,-281],[0,-517],[107,-235],[426,-118]],[[53624,37632],[107,-94],[533,141],[2025,164],[533,-47],[427,-141],[0,-70],[107,-259],[106,-47],[320,-23],[107,-71],[319,-187],[214,-259],[213,-282],[213,-211],[640,-118],[106,-117],[320,-282],[107,-70],[320,-24],[319,0],[214,47],[213,71],[0,-235],[-853,-823],[-213,-352],[-213,-164],[-427,-71],[-746,-70],[-107,-24],[0,-70],[-213,-71],[-213,-23],[-107,23],[-213,71],[-107,70],[-106,24],[-2026,-235],[-213,0],[-533,141],[-107,94],[-106,141],[-107,47],[-320,-188],[0,117],[-213,141],[0,118],[-107,-24],[0,-23],[-106,-47],[-213,47],[-214,-24],[-213,-47],[-106,-70],[106,469],[-106,0],[-320,-164],[-533,-94],[-1066,-117],[0,94],[533,164],[639,94],[533,141],[214,282],[-320,-71],[-213,0],[-107,71],[-107,282],[-106,47],[-214,0],[-213,47],[-426,117],[-427,24],[-319,-47],[-427,-94],[-213,-94],[-427,-306],[-213,-70],[-320,-47],[-213,70],[0,141],[-426,118],[106,164],[640,681],[426,188],[747,235],[320,165],[1172,775],[747,305],[852,71],[214,-94],[106,-141]],[[50106,37326],[-213,-141],[0,423],[959,400],[1066,164],[640,-235],[-426,-47],[-640,-164],[-426,-71],[-640,-188],[-320,-141]],[[54797,38595],[-427,-71],[-639,212],[-427,305],[214,400],[319,70],[320,-164],[427,-259],[213,-493]],[[53944,43974],[-320,-23],[-320,70],[214,165],[319,164],[320,94],[1173,258],[320,0],[746,-94],[-320,-70],[-746,-211],[-107,-71],[-106,-94],[-213,-94],[-960,-94]],[[60660,46135],[-319,-94],[-427,24],[-320,70],[-106,118],[106,188],[0,305],[533,211],[747,24],[639,-258],[-853,-588]],[[49253,51162],[107,-47],[106,-70],[107,-47],[213,-118],[533,-516],[320,-118],[0,-94],[107,-211],[106,-235],[214,-141],[319,23],[427,141],[320,24],[213,-24],[320,-47],[106,-47],[214,-70],[319,-211],[107,-212],[320,-164],[533,-71],[106,-70],[107,-165],[320,-164],[533,-71],[1492,24],[747,-118],[426,-305],[-320,-70],[0,-188],[214,-212],[-107,-188],[-320,71],[-213,-71],[-1599,400],[-533,235],[-427,117],[-639,70],[-427,24],[-1172,-117],[-960,-235],[-853,-141],[-1173,117],[-319,118],[-960,375],[-106,141],[0,376],[0,141],[-534,188],[-213,118],[0,117],[107,164],[106,517],[107,235],[213,94],[214,71],[106,94],[107,164],[0,141],[-107,94],[-106,211],[213,-94],[213,24],[213,47],[213,23],[320,-47]],[[54157,51679],[-639,0],[-427,47],[-213,164],[-320,353],[853,94],[320,0],[426,-94],[320,-212],[0,-211],[-320,-141]],[[50959,52290],[-426,-141],[-533,0],[-214,141],[320,235],[320,517],[320,117],[746,47],[-213,-211],[-107,-494],[-213,-211]],[[53304,54756],[-959,-352],[-3198,-71],[-320,-46],[-533,-94],[-320,-47],[-427,70],[-319,117],[-427,118],[-426,47],[-320,-47],[-746,235],[-427,47],[-426,-94],[-320,164],[-959,259],[-427,188],[-426,117],[-533,94],[-320,117],[106,188],[-426,165],[426,188],[747,164],[853,71],[426,141],[320,47],[1279,0],[640,141],[1066,516],[426,94],[213,94],[427,541],[213,47],[640,93],[639,-305],[427,-446],[640,-869],[106,-447],[533,-258],[2132,-493],[214,-118],[0,-211],[-214,-165]],[[26759,57622],[533,-94],[533,-188],[213,-47],[107,71],[0,117],[-107,235],[107,24],[213,-141],[426,-306],[0,-117],[-213,-141],[0,-118],[640,-140],[213,-47],[213,0],[107,70],[0,47],[106,23],[107,47],[107,-164],[106,-164],[213,-141],[214,-118],[320,-94],[746,-94],[320,-94],[746,-282],[320,-234],[426,-94],[853,140],[213,-70],[107,-23],[0,-94],[-213,-212],[533,-258],[1279,-470],[746,47],[427,-305],[319,-682],[-639,-469],[0,-259],[426,-141],[0,259],[213,164],[214,141],[320,141],[213,0],[320,-165],[106,-234],[213,-141],[-639,-329],[-213,-47],[-427,-24],[-213,-94],[-107,-141],[-320,-164],[-213,-118],[0,-117],[0,-117],[-320,-71],[-426,0],[-213,118],[-107,141],[-213,140],[-320,24],[-746,70],[-213,24],[-107,117],[-426,0],[-533,-23],[-214,0],[-533,117],[-639,-117],[-640,-188],[-320,-141],[213,-94],[0,-47],[107,-23],[320,-24],[-320,-188],[-320,-70],[-746,-24],[-640,-305],[-213,23],[-213,71],[-107,0],[-106,-188],[-214,0],[-213,141],[-853,141],[-320,305],[-426,165],[-320,187],[-106,306],[213,0],[106,-94],[214,-71],[213,-70],[320,-24],[-107,212],[-213,282],[-213,258],[-747,446],[-106,141],[-107,212],[107,258],[-107,71],[-106,94],[-214,47],[-106,23],[-107,24],[-107,305],[0,846],[214,188],[-320,657],[0,94],[0,235],[-107,118],[-106,23],[-214,24],[0,47],[-213,234],[-1066,752],[-426,-117],[-107,-71],[-213,94],[-533,-258],[-1279,-400],[-747,282],[-426,71],[-320,-71],[-107,141],[-106,141],[-107,141],[0,141],[-320,141],[-213,94],[-213,118],[-107,187],[107,329],[959,775],[-213,917],[107,164],[106,117],[0,118],[107,70],[320,24],[959,305],[3199,-587],[0,-493],[1812,-1010],[-533,-494],[320,-70],[320,-94],[106,-141],[-213,-164],[320,-118],[213,-117],[320,-118]],[[21109,62767],[-853,-118],[-533,0],[-427,94],[-853,282],[-426,70],[-853,94],[-320,118],[-533,376],[107,376],[533,281],[959,94],[2132,-117],[1067,-141],[106,-258],[-426,-423],[213,-400],[107,-328]],[[20362,64787],[-426,-141],[-640,94],[-106,-71],[-107,-23],[-213,-24],[-427,47],[-320,47],[-746,212],[1493,657],[533,118],[426,0],[0,-71],[-320,-47],[0,-94],[214,-23],[106,-94],[0,-70],[-213,-94],[746,-165],[0,-258]],[[50533,59313],[-747,-23],[-320,94],[-106,188],[-107,564],[-533,845],[-320,1057],[-746,799],[-213,493],[-107,541],[107,563],[746,1104],[213,1105],[640,23],[107,-634],[106,-141],[213,-141],[214,-24],[106,-70],[107,-212],[-213,-845],[0,-235],[426,-446],[0,-423],[107,-188],[639,-893],[214,-728],[213,-211],[320,-306],[106,-258],[107,-540],[-107,-494],[-320,-352],[-852,-212]],[[39658,66455],[-639,-118],[-3092,24],[-640,94],[-1066,211],[-106,164],[213,235],[3625,1574],[639,94],[533,47],[1493,259],[2452,187],[746,-47],[107,-140],[-746,-306],[-320,-211],[-427,-282],[-320,-306],[-106,-305],[-107,-258],[-213,-165],[-2026,-751]],[[18550,73572],[-213,-70],[-320,23],[-213,71],[-640,329],[-107,164],[533,-70],[747,-282],[533,-47],[-320,-118]],[[49253,68005],[-213,-423],[-320,71],[-320,0],[-746,-71],[213,329],[-106,352],[-320,658],[213,493],[0,1480],[-320,329],[-746,2138],[107,117],[106,71],[0,70],[-213,118],[-107,141],[107,164],[213,141],[213,70],[427,-94],[320,-234],[213,-282],[107,-188],[0,-329],[426,-775],[0,-141],[-107,-282],[107,-141],[320,-446],[0,-165],[0,-493],[106,-118],[427,-234],[106,-118],[-106,-940],[213,-211],[-107,-258],[-213,-400],[0,-399]],[[8635,70847],[747,0],[1385,71],[747,0],[320,0],[106,117],[427,282],[213,94],[320,118],[213,117],[106,188],[107,1527],[0,188],[-213,211],[320,212],[533,140],[426,71],[2239,-94],