{"type":"Topology","transform":{"scale":[0.00002059241184617764,0.000011110949545323638],"translate":[-178.18558185581855,-14.320266772895252]},"objects":{"WLF":{"type":"MultiPolygon","arcs":[[[0]],[[1]]]}},"arcs":[[[6818,760],[0,-760],[-2622,456],[-525,-456],[-524,608],[-1224,304],[-524,456],[-875,2583],[-524,2584],[350,1368],[1748,-1064],[1748,-3192],[0,-456],[699,-303],[2273,-2128]],[[98950,87537],[-524,-304],[-700,456],[-524,608],[0,1368],[-525,1519],[-174,1520],[699,1064],[-350,1976],[350,1671],[699,1520],[699,1064],[525,-1976],[699,-1519],[175,-1520],[-524,-1824],[174,-304],[175,-304],[0,-608],[-699,-152],[-175,-911],[350,-2280],[-350,-1064]]]}