{"type":"Topology","transform":{"scale":[0.000013428268564028559,0.0000059100795453849165],"translate":[-172.7819278192782,-14.053471564253783]},"objects":{"WSM":{"type":"MultiPolygon","arcs":[[[0]],[[1]]]}},"arcs":[[[90348,19428],[268,-1714],[3485,572],[3753,-4000],[2145,-6286],[-804,-5429],[268,-571],[536,-1714],[-2145,-286],[-5094,1429],[-3217,-858],[-1340,286],[-1609,1714],[-1340,-1428],[-1073,286],[-2412,1142],[-1341,0],[-2949,-2285],[-804,0],[-804,571],[-269,857],[-268,1429],[-268,1428],[-804,858],[-1340,571],[-1341,1714],[-1340,857],[-1073,286],[-2949,-857],[-1340,0],[-1073,857],[-1072,1714],[-1609,5429],[-804,2286],[-804,-572],[-536,0],[-1341,4000],[-804,1143],[-1609,571],[-1608,1429],[0,3714],[536,3714],[804,2858],[5898,4571],[6166,2286],[3486,-286],[3217,-1714],[10455,-9143],[3218,-857],[1608,-1429],[1341,-2000],[804,-3143],[0,-1714],[-536,-1143],[-268,-1143]],[[37265,94856],[4290,-11143],[268,-571],[-268,-2000],[0,-857],[536,-572],[804,-857],[268,-857],[268,-1714],[268,-2000],[0,-3714],[268,-3429],[805,-2000],[268,-2000],[-268,-3714],[-805,-2571],[-804,-2286],[-804,-2286],[-268,-4000],[268,-3714],[0,-1714],[-536,-857],[-1609,0],[-804,285],[-804,857],[-1073,2286],[-804,1714],[-536,858],[-1609,-286],[-3753,-2857],[-11528,-2857],[-805,1142],[-804,2286],[-536,1143],[-1072,1714],[-805,857],[0,1429],[-268,1714],[-804,3429],[0,2000],[-536,2000],[-804,1143],[-1073,1142],[-804,858],[-1609,5428],[-804,2571],[-1877,1715],[-804,1428],[-1072,2286],[-268,857],[-268,1714],[0,857],[-537,572],[-1072,-286],[-268,286],[-804,2286],[-1073,4000],[-536,3714],[1072,1714],[2681,0],[2681,-2571],[2681,0],[1609,571],[1608,2000],[805,572],[1876,285],[805,572],[2144,2285],[805,572],[5898,0],[1340,571],[3217,2286],[1609,857],[1876,0],[1609,-857],[1609,-1429],[1340,-2857]]]}