{"type":"Topology","transform":{"scale":[0.000019908398165972516,0.000006889464155762922],"translate":[32.60012600126001,35.0030752803784]},"objects":{"XX1":{"type":"MultiPolygon","arcs":[[[0]],[[1]]]}},"arcs":[[[0,25490],[904,980],[1085,245],[0,-490],[-181,-1470],[-542,-1226],[-543,-245],[-542,1471],[-181,735]],[[70885,8823],[-180,-490],[-2170,1226],[-1266,-1226],[-724,245],[-542,491],[-362,490],[0,245],[362,245],[362,1225],[-362,1471],[-362,0],[0,735],[-181,490],[-180,1471],[-362,245],[-181,1226],[-723,0],[-181,-2696],[0,-2206],[362,-1226],[-362,-735],[-181,-735],[-723,-1226],[-543,-245],[-361,980],[-543,491],[-1266,-2206],[-180,-1716],[-362,-245],[-543,245],[-542,-1225],[-1266,2205],[-1085,-2205],[-542,-245],[180,1470],[362,3186],[-181,736],[-542,0],[-543,-1226],[-723,-490],[-362,-1226],[181,-1470],[181,-490],[-542,-490],[-724,245],[-181,-245],[-723,0],[-1085,2450],[-723,-735],[-543,-1225],[-542,245],[-724,1225],[-180,2206],[-362,1226],[-362,735],[-361,0],[-181,-735],[0,-1471],[-362,-245],[-542,735],[-543,0],[-361,0],[-362,-490],[-362,-2696],[-181,-980],[-180,-1961],[0,-1471],[0,-735],[-543,245],[-181,1471],[362,3431],[362,2696],[0,2941],[0,2451],[-362,1471],[-1085,3921],[-543,2451],[-542,2941],[-181,1961],[-181,1716],[-361,735],[-724,-245],[-542,-1225],[-362,-1471],[-362,-735],[-1446,-981],[-904,0],[-543,-735],[-904,245],[-1447,735],[-1446,491],[-904,980],[-1628,1716],[-1627,-736],[-724,-735],[-1265,-2941],[-543,-245],[-542,1715],[-905,-735],[-1085,-1470],[-1265,-736],[-905,-1225],[-1265,-1471],[-905,-2696],[-1265,-1470],[-543,-245],[-542,-246],[-543,246],[-1266,245],[-542,-245],[-362,-491],[-542,-1470],[-181,-1226],[-904,245],[-362,2942],[-904,2205],[-904,1471],[-1808,980],[-724,736],[-723,735],[-543,1471],[-361,1470],[0,1716],[0,980],[1627,-490],[1628,-1226],[1265,-1960],[1266,-1226],[1989,1226],[1266,2696],[1085,3676],[724,4657],[361,5392],[0,9804],[-181,4167],[-542,4656],[1266,-490],[1989,-2941],[1085,-735],[3074,-1471],[3617,490],[6148,-1960],[904,-981],[7414,-1961],[11573,4412],[4159,5637],[2170,2696],[2532,-980],[2712,1961],[7414,6862],[1989,3432],[2713,2451],[2531,6127],[1447,735],[2893,1961],[2713,1961],[1989,3186],[9222,10294],[1809,1716],[542,245],[-181,-490],[-181,-490],[-180,-491],[0,-490],[-181,-4166],[-181,-981],[-362,-245],[-1266,-490],[-180,-490],[-4883,-7353],[-4340,-9069],[-10850,-15441],[-1446,-2941],[-1085,-3676],[-904,-4657],[-543,-1961],[-723,-1225],[-1266,-245],[-1266,735],[-1085,245],[-1085,-1226],[-1266,-4901],[-723,-2696],[-181,-2451],[-361,-11275],[723,-1225],[1989,-4902],[362,-1471],[361,-1961],[543,-1715],[1627,-3432]]]}