{"type":"Topology","transform":{"scale":[0.000017460349205238184,0.000014201076850482072],"translate":[20.02520025200252,41.84350180067321]},"objects":{"XX2":{"type":"MultiPolygon","arcs":[[[0]]]}},"arcs":[[[88040,28418],[-2474,-594],[-1237,0],[-825,594],[-618,-594],[-206,-238],[-619,119],[-619,475],[-618,238],[-1031,-475],[206,-595],[413,-713],[0,-357],[-619,-119],[-1856,714],[-1031,-119],[-412,-238],[-412,-238],[-3299,-4756],[-206,-595],[206,-356],[206,-476],[0,-595],[0,-1426],[0,-119],[0,-476],[-619,-119],[-2474,476],[-412,0],[-619,475],[-206,238],[-412,951],[-1031,1427],[-2062,1903],[-2062,1545],[-825,357],[-412,119],[-412,0],[-1444,-832],[-1855,-1784],[-619,-594],[-1443,-595],[-1650,-594],[-4123,-1189],[-5361,-1665],[-1443,-832],[-1031,-1189],[-619,-1546],[-824,-3448],[0,-1665],[618,-2140],[206,-595],[-206,-1427],[-206,-357],[-412,-1307],[-1031,-1427],[-619,-595],[-619,-594],[-1237,-476],[-412,357],[-1237,1427],[-412,356],[-413,-238],[-618,-1070],[-413,-356],[-1031,0],[-618,356],[-1237,1308],[0,476],[-413,832],[0,595],[413,832],[206,357],[412,238],[619,594],[412,1308],[0,832],[-206,952],[-206,1427],[-1856,4280],[-412,1308],[0,2259],[0,1308],[-619,1903],[-2268,4280],[-1031,1308],[-412,476],[-1031,951],[-7010,4756],[-1031,119],[-3918,-119],[-618,119],[-413,476],[-618,1189],[0,475],[0,952],[0,594],[-412,357],[-825,713],[-206,476],[0,476],[618,832],[0,476],[-412,594],[-619,714],[-412,356],[-1650,3567],[-824,1071],[-2887,1545],[-1237,1070],[619,952],[206,951],[-206,951],[0,1189],[206,595],[618,1070],[825,1783],[-206,357],[-413,714],[-3298,2853],[-619,1070],[0,1427],[619,595],[1030,832],[619,357],[619,357],[2061,-476],[2268,-1189],[1856,-595],[1443,1546],[0,595],[0,713],[0,714],[413,713],[618,238],[2062,832],[4742,714],[4743,951],[2680,951],[1443,1665],[-412,594],[-206,833],[-1237,713],[-1031,951],[618,1903],[825,1189],[1031,238],[1031,0],[1031,356],[618,357],[206,476],[619,1070],[412,594],[619,-119],[618,-119],[825,0],[1031,1071],[1650,2140],[1237,2259],[206,1784],[-413,475],[-618,0],[-619,-119],[-412,119],[-412,476],[-413,713],[-412,1546],[-619,1308],[-206,713],[413,952],[412,356],[1856,0],[1237,476],[4536,3092],[1443,475],[1443,238],[825,-238],[619,-238],[1030,-832],[619,-476],[412,-475],[413,-951],[-206,0],[-413,118],[-825,-594],[207,-357],[-207,-951],[-206,-951],[-206,0],[412,-595],[4124,-2259],[4742,-2378],[619,-357],[1237,-475],[3711,-119],[1031,-714],[825,-1664],[825,-3686],[618,-833],[1031,-594],[825,356],[618,595],[1031,-238],[825,-1546],[206,-2140],[206,-2259],[1650,-1665],[618,-238],[1444,0],[618,-119],[619,-356],[1031,-833],[618,-356],[1856,-357],[1237,0],[412,-595],[0,-356],[0,-1427],[-206,-1189],[-824,-2378],[-207,-1070],[-206,-357],[-206,-238],[0,-238],[619,-356],[824,-238],[825,0],[1443,119],[5567,-714],[1444,-475],[824,-714],[1856,-2021],[1031,-595],[825,0],[2474,952],[1237,118],[1649,-356],[413,-238],[1031,-714],[412,-1545],[-206,-595],[-619,-357],[-618,-237],[-619,-476],[0,-119],[-206,-1427],[-206,-238],[0,-118],[-413,-238],[-206,-119],[206,-357],[413,-594],[0,-238],[-619,-1665],[-2886,-4280],[-2268,-2141],[-413,-713],[-206,-1070],[412,-2259],[-412,-1071],[-1031,-1070],[-3505,-951],[-1237,-1189],[0,-1665],[2268,-3091],[412,-1903]]]}