{"type":"Topology","transform":{"scale":[0.0000629292585788787,0.000035038328733353275],"translate":[42.64782647826479,7.9959704258745035]},"objects":{"XX3":{"type":"MultiPolygon","arcs":[[[0]]]}},"arcs":[[[84725,0],[-2289,0],[-2860,0],[-2117,0],[-2460,0],[-2517,0],[-2231,0],[-1430,0],[-916,867],[-1029,579],[-1316,819],[-1316,771],[-1373,819],[-1316,820],[-1315,771],[-1373,819],[-1316,819],[-1316,771],[-1373,820],[-1316,819],[-1315,771],[-1316,819],[-1373,819],[-1316,772],[-1316,819],[-1373,771],[-1373,867],[-1430,820],[-1373,819],[-1430,819],[-1373,819],[-1430,820],[-1373,819],[-1430,819],[-1373,868],[-1431,819],[-1373,819],[-1430,820],[-1373,819],[-1430,819],[-1373,819],[-1373,820],[-1316,771],[-629,674],[-1087,1783],[-2002,3278],[-1430,2313],[-1259,1976],[-172,241],[-286,-49],[-400,-241],[-286,49],[-1201,1301],[-859,867],[-171,434],[-115,578],[0,916],[-114,530],[-343,1301],[-172,241],[-286,386],[-172,241],[-114,337],[-172,578],[-114,290],[-114,144],[-458,193],[-343,675],[-229,1108],[-458,4578],[-286,916],[-629,482],[-687,193],[-572,433],[-457,771],[-286,1350],[-172,916],[-172,963],[-286,820],[-400,674],[-1488,1783],[-457,868],[-401,1735],[-343,1831],[-172,2603],[-171,771],[-286,578],[-858,1542],[-401,1157],[-343,1301],[0,578],[172,289],[343,145],[286,337],[229,482],[114,530],[115,1157],[171,723],[172,434],[572,819],[286,482],[57,433],[57,482],[172,579],[229,433],[686,482],[229,386],[115,482],[171,1205],[229,578],[4176,11711],[858,2265],[172,-434],[229,-289],[343,-48],[-114,1108],[228,-482],[401,-1060],[286,-578],[229,-145],[343,-819],[286,-193],[343,-96],[458,-627],[286,-241],[57,482],[229,337],[172,49],[57,-482],[-229,-2651],[114,-916],[286,-867],[401,-627],[114,-96],[229,-96],[115,-145],[57,-144],[114,-434],[229,-579],[114,-771],[401,-1060],[686,-2361],[1545,-2699],[1144,-2602],[1488,-2217],[1659,-2073],[1144,-1783],[801,-867],[2002,-2940],[458,-482],[686,-723],[687,-482],[1201,145],[1201,-289],[687,-241],[686,193],[515,337],[973,482],[457,241],[630,-96],[1029,-290],[687,-48],[1030,97],[514,771],[-114,482],[229,0],[1716,1879],[286,193],[458,241],[1487,1687],[1087,1783],[286,241],[286,-49],[286,-192],[286,-97],[286,0],[572,241],[687,482],[458,530],[400,530],[515,1061],[171,192],[1202,723],[171,145],[229,385],[115,386],[229,289],[286,145],[171,144],[286,819],[229,193],[286,0],[229,-96],[229,-145],[229,-337],[171,-386],[115,-337],[114,-241],[286,-48],[-57,530],[229,0],[1487,-1205],[572,-144],[515,-241],[286,-193],[629,-241],[515,193],[1144,530],[458,-97],[400,-433],[687,-1301],[458,-627],[572,-386],[629,-144],[629,48],[515,241],[286,193],[458,530],[515,145],[457,337],[630,48],[286,96],[171,193],[572,771],[1373,1109],[630,915],[743,530],[58,193],[171,434],[57,145],[115,96],[229,48],[114,48],[1487,964],[1202,1591],[801,1156],[515,1060],[228,241],[744,386],[172,193],[400,578],[1659,1446],[286,241],[344,96],[457,-96],[858,337],[515,-145],[2460,-2265],[515,-192],[915,819],[2003,96],[858,-241],[2917,338],[458,241],[229,337],[343,867],[343,241],[0,241],[57,193],[115,97],[286,0],[172,0],[286,192],[286,48],[171,145],[115,193],[57,193],[0,192],[57,193],[229,386],[172,192],[457,193],[1144,193],[572,241],[401,482],[286,144],[972,-48],[859,338],[286,48],[1087,-434],[572,-434],[629,-626],[1430,-819],[229,-49],[286,0],[286,49],[0,-3229],[0,-3229],[0,-3181],[0,-3229],[0,-3180],[0,-3229],[0,-3181],[0,-3229],[0,-3181],[0,-3229],[0,-3180],[0,-3229],[0,-3181],[0,-3229],[0,-3229],[0,-3180],[-973,-2603],[-972,-2602],[-915,-2602],[-973,-2555],[-972,-2602],[-916,-2602],[-972,-2603],[-973,-2602],[-915,-2603],[-973,-2602],[-972,-2554],[-916,-2602],[-972,-2603],[-973,-2602],[-915,-2603],[-972,-2602]]]}