{"type":"Topology","transform":{"scale":[0.00011991839835597519,0.00006884398373295503],"translate":[42.54702547025471,12.111033232578635]},"objects":{"YEM":{"type":"MultiPolygon","arcs":[[[0]],[[1]],[[2]],[[3]],[[4]],[[5]],[[6]],[[7]],[[8]]]}},"arcs":[[[89732,98],[30,-98],[-270,49],[-120,0],[-120,98],[150,123],[150,-25],[90,-98],[90,-49]],[[87480,1006],[120,-74],[151,0],[120,-147],[30,-245],[0,-197],[-120,-73],[-151,-25],[-240,172],[-180,245],[-180,98],[30,123],[150,74],[90,-25],[90,74],[90,0]],[[80305,1496],[181,-98],[150,0],[240,-74],[360,-24],[270,-172],[451,172],[120,-49],[30,-147],[-90,-74],[-90,-147],[60,-98],[90,-245],[-241,73],[-120,-24],[-120,-74],[-390,123],[-360,24],[-60,123],[-90,221],[-60,0],[-30,0],[-181,-74],[-90,-24],[-30,49],[-90,220],[-30,74],[-60,-25],[-150,123],[-120,-25],[-90,-49],[-60,74],[-30,49],[-270,221],[-30,196],[120,49],[120,25],[210,0],[240,-98],[240,-295]],[[7535,7873],[-30,-220],[-90,-74],[-60,25],[-90,171],[-60,98],[-90,-49],[-60,49],[-30,197],[60,73],[90,25],[180,0],[120,-98],[0,-49],[60,-148]],[[91953,8609],[271,-49],[210,25],[180,49],[330,-515],[571,-736],[390,-172],[330,-123],[150,344],[90,368],[240,73],[150,-24],[151,-123],[270,49],[300,0],[300,295],[120,73],[180,221],[90,172],[241,24],[90,-172],[120,-147],[180,-196],[120,49],[120,98],[30,-24],[90,-172],[60,-123],[150,-24],[210,-49],[60,-221],[121,-98],[300,-221],[330,-122],[360,-319],[180,-98],[391,-442],[210,49],[180,172],[90,-25],[90,-98],[-90,-172],[-240,-122],[-180,-98],[-180,-49],[-91,-123],[0,-392],[-360,-246],[-270,-122],[-330,-221],[-390,49],[-301,-196],[-90,-123],[-150,-368],[-60,-98],[-240,-147],[-240,-343],[-120,-123],[-240,49],[-391,-49],[-120,24],[-150,-49],[-180,-269],[-210,98],[-120,73],[-270,-122],[-331,-98],[-1020,-319],[-361,-74],[-510,98],[-450,221],[-361,172],[-180,294],[-150,294],[-120,270],[-120,343],[-210,123],[-360,393],[-871,932],[-180,318],[-30,74],[60,98],[240,-98],[150,25],[180,171],[60,49],[0,148],[90,245],[30,147],[-60,858],[121,74],[120,49],[360,98],[90,221],[90,221],[60,147],[180,24],[450,-147]],[[1171,22565],[0,172],[0,25],[60,318],[210,614],[360,441],[150,98],[120,-147],[-30,-270],[-240,-466],[-60,-294],[-90,-147],[-480,-344]],[[2011,26367],[-60,-98],[-210,25],[90,392],[-180,123],[-210,196],[-60,98],[-90,172],[-30,49],[-60,294],[90,221],[150,270],[210,196],[120,73],[60,99],[240,-491],[60,-221],[0,-147],[-120,-540],[0,-441],[0,-270]],[[300,47657],[90,-24],[90,49],[120,98],[90,-25],[0,-171],[-120,-565],[-30,-196],[30,-122],[-30,-99],[-30,-73],[0,-25],[60,25],[0,-98],[-180,-417],[-90,-147],[-120,0],[-90,122],[-90,246],[0,343],[90,343],[0,761],[120,245],[90,172],[90,122],[30,123],[30,98],[180,172],[60,-49],[61,-123],[-211,-245],[-30,-98],[30,-25],[0,-49],[-30,-98],[-90,-98],[-120,-98],[0,-74]],[[87931,65832],[0,-24],[-180,-148],[-391,-171],[-330,122],[-90,-147],[-90,-24],[-90,0],[-90,-98],[-150,-270],[-90,-123],[-211,-98],[-300,-294],[-330,-98],[-180,-123],[-300,-319],[-150,-98],[-1141,-515],[-541,-417],[-930,-1104],[-871,-1153],[-210,-417],[-120,-269],[-150,-516],[-270,-539],[-60,-172],[-30,-172],[0,-147],[30,-171],[30,-148],[0,-49],[-60,-269],[-180,-344],[-91,-588],[-210,-417],[-30,-246],[60,-294],[120,-319],[90,-343],[-90,-589],[120,-221],[271,-245],[0,-196],[-60,-1055],[30,-638],[90,-613],[60,-73],[30,-74],[30,-98],[0,-74],[-60,-147],[0,-73],[0,-98],[-30,-123],[-60,-74],[-60,-49],[-180,-24],[-1261,-613],[-60,-99],[-60,-98],[-60,-73],[-61,-25],[-150,-24],[-90,-25],[-630,-441],[-330,-344],[0,-319],[0,-73],[-30,0],[-30,-25],[0,-171],[-30,-25],[-30,49],[-60,49],[-60,49],[-61,98],[-90,25],[-90,-123],[-60,-49],[-420,-147],[-660,-613],[-121,-172],[-30,-221],[60,-269],[61,-172],[0,-98],[-181,-98],[-870,-148],[-180,-73],[-120,-147],[-151,-147],[-180,-393],[-180,0],[-60,-49],[-30,-98],[-90,0],[-420,-319],[-120,-123],[-210,123],[-241,-172],[-210,-245],[-150,-123],[-1681,-735],[-1801,-589],[-1591,-736],[-901,-147],[-780,-564],[-241,-221],[-600,-907],[-120,-123],[-360,-98],[-481,-442],[-540,-637],[-120,0],[-150,98],[-210,-74],[-361,-270],[-150,-98],[-60,0],[-90,-24],[-60,319],[-30,147],[-90,0],[-120,-74],[-540,-98],[-1201,-662],[-1832,-810],[-990,-907],[-330,-245],[-391,-123],[-180,-123],[-330,-392],[-691,-564],[-330,-368],[-60,-466],[-90,24],[-120,98],[-150,99],[-210,-25],[-180,-172],[-120,-196],[-421,-1006],[-150,-515],[-60,-588],[60,-74],[0,-172],[-30,-171],[-30,-98],[-90,-123],[-330,-221],[-90,-98],[-30,-343],[-120,-123],[-150,-49],[-151,-123],[-30,-98],[-30,-122],[0,-344],[-30,-73],[-60,-74],[-60,-98],[-60,-392],[-150,-172],[-330,-221],[-480,-1055],[-150,-147],[-61,-49],[-90,-122],[-60,-49],[-60,0],[-60,0],[-960,49],[-150,-74],[-361,-564],[-90,-49],[-60,0],[-90,-25],[-60,-122],[-150,319],[-300,98],[-631,-25],[0,-49],[60,-147],[-360,0],[-961,-491],[30,368],[-120,221],[-180,172],[-120,147],[-60,-123],[-240,196],[-751,319],[-120,-122],[-450,-246],[-120,-24],[-120,-147],[-420,-859],[-391,-343],[-1291,-736],[-180,-196],[-660,-1227],[-1081,-1618],[-300,-344],[-1951,-1005],[-2132,-761],[-720,-809],[-1021,-687],[-150,-49],[-150,49],[-301,172],[-210,0],[-180,-98],[-360,-270],[-150,-49],[-1741,0],[-361,98],[-180,172],[-120,73],[-30,-73],[-60,-49],[-210,-123],[-720,-196],[-1411,-98],[-151,-50],[-270,-196],[-120,-49],[-360,25],[-150,-25],[-90,-98],[-1171,-441],[-270,-246],[-811,-1398],[-210,-294],[-120,-196],[-120,-540],[-390,-858],[-271,-417],[-300,-246],[-1441,-588],[-330,-295],[-300,-441],[-120,-245],[-30,-123],[-60,-147],[0,-25],[-60,-245],[0,-270],[-30,-49],[-181,-858],[-30,-147],[60,-589],[-30,-196],[-180,-98],[-180,49],[-180,147],[-120,196],[0,196],[150,98],[150,-24],[150,24],[60,246],[-30,24],[-120,270],[-30,74],[0,49],[0,73],[0,49],[-30,25],[-60,-25],[0,-73],[0,-74],[0,-24],[-60,-172],[-30,-25],[-60,0],[-60,74],[-60,24],[-180,-24],[-90,-49],[-30,-74],[-60,-221],[-150,-196],[-150,-49],[-121,196],[-90,-98],[-30,-122],[30,-368],[60,98],[60,24],[241,-49],[30,-49],[0,-171],[-60,-172],[-120,-147],[-151,-123],[-90,49],[-240,172],[-90,73],[-30,123],[0,49],[-30,49],[-90,74],[-210,49],[-180,-98],[-300,-344],[-30,49],[-30,98],[0,50],[30,147],[-61,196],[-90,196],[-120,147],[-330,221],[-360,25],[-300,-123],[-271,-221],[-420,-638],[-480,-858],[-30,-74],[-60,-171],[-60,-98],[-30,196],[-30,24],[-210,-122],[-241,-98],[-540,-442],[-180,-49],[-180,49],[-150,-24],[-301,-270],[-180,-25],[-180,98],[-90,221],[120,-24],[210,-74],[90,0],[91,98],[0,196],[-61,98],[-90,-98],[-240,49],[-270,-196],[-480,-441],[-240,-123],[-151,0],[-210,123],[-240,-197],[-120,-24],[-180,196],[-150,491],[-120,122],[-150,25],[-150,123],[-241,245],[-120,122],[-150,99],[-180,49],[-180,24],[-120,74],[-330,319],[-150,122],[-301,-24],[-90,73],[-120,147],[-90,74],[-60,25],[-120,-74],[-480,-809],[-30,-74],[-120,-98],[-181,-49],[-180,49],[-60,147],[150,1153],[30,564],[-90,515],[-150,466],[-270,392],[-30,148],[-30,171],[-60,123],[-60,98],[-30,123],[0,270],[-30,269],[-60,270],[-60,221],[-300,589],[-60,171],[0,98],[-121,344],[-60,368],[-30,122],[-510,1055],[-180,1055],[90,441],[90,491],[30,2575],[180,466],[30,123],[30,98],[30,98],[90,74],[-120,466],[30,1005],[-30,515],[-270,908],[-60,147],[-60,1177],[-60,148],[-540,981],[-211,784],[-150,663],[-210,441],[-90,1104],[-60,515],[-90,442],[-150,735],[-240,1349],[-60,295],[-30,441],[-120,417],[-30,466],[-30,123],[-30,98],[-151,172],[-30,98],[0,171],[30,74],[60,-24],[91,-123],[90,-294],[120,-663],[120,-196],[0,442],[-30,196],[-30,171],[120,589],[-90,491],[-180,441],[-90,466],[30,98],[60,148],[30,98],[0,73],[-30,49],[-30,25],[-30,171],[-60,74],[-61,49],[0,49],[-30,74],[-30,73],[-60,98],[-60,491],[0,172],[-90,515],[-390,858],[-90,515],[-30,295],[0,171],[90,-24],[30,-123],[-30,-98],[0,-98],[0,-172],[60,-270],[90,-294],[120,-270],[180,-171],[0,220],[60,491],[0,294],[-90,515],[-60,466],[-30,197],[-60,147],[-210,343],[-120,196],[-30,246],[-30,343],[30,785],[-30,245],[-120,245],[-300,221],[-271,393],[-150,171],[-180,147],[-180,123],[-180,74],[-180,0],[-120,-123],[-30,-294],[-120,-49],[-180,122],[-151,246],[-30,318],[-30,197],[90,24],[271,-122],[150,49],[90,98],