{"type":"Topology","transform":{"scale":[0.00011693033859507881,0.00009874898623260265],"translate":[21.980019800198022,-18.06890831203485]},"objects":{"ZMB":{"type":"MultiPolygon","arcs":[[[0]]]}},"arcs":[[[93564,87704],[31,-581],[31,-137],[92,-85],[31,17],[62,51],[92,0],[62,-34],[123,-137],[92,-34],[0,-291],[-154,-718],[93,-274],[123,-51],[92,51],[92,69],[124,34],[92,-51],[31,-103],[30,-120],[31,-102],[185,-69],[92,171],[31,308],[31,257],[215,-103],[462,-34],[154,-137],[123,-256],[62,-137],[0,-154],[-31,-103],[-31,-85],[-30,-103],[30,-137],[62,-154],[215,-153],[93,-120],[123,-274],[92,-119],[93,-103],[92,-68],[339,-137],[31,-86],[153,-393],[62,-291],[-62,-205],[-277,-462],[-154,-478],[-30,-257],[0,-256],[92,-188],[708,-360],[185,-188],[123,-171],[154,-154],[246,-85],[154,-257],[154,-136],[123,-154],[31,-325],[-62,-564],[31,-240],[216,-632],[92,-120],[246,-240],[62,-85],[154,-462],[123,-171],[246,-51],[0,-257],[62,-188],[0,-102],[0,-34],[0,-35],[-123,-256],[-154,-137],[-308,-274],[-123,-68],[-123,-85],[-401,-548],[-153,-410],[-93,-171],[-154,-120],[-154,-34],[-154,-188],[-92,-51],[-154,0],[-277,68],[-123,-17],[-123,-51],[-216,-52],[-92,-51],[-123,-103],[-154,-290],[-123,-86],[-93,0],[-92,34],[-93,-34],[-61,-188],[-31,-137],[92,-51],[93,0],[123,17],[123,-120],[62,-324],[30,-308],[31,-291],[62,-308],[123,-290],[185,-240],[184,-222],[278,-564],[-93,-308],[-123,-291],[-585,-1077],[0,-69],[0,-102],[0,-69],[-31,-51],[-154,-51],[-30,-69],[0,-136],[0,-137],[0,-120],[-62,-137],[-216,206],[-92,-137],[31,-872],[0,-120],[-62,-188],[-123,-325],[31,-68],[154,-69],[123,0],[154,17],[154,-17],[123,-154],[31,-171],[92,-1641],[-31,-376],[-92,-377],[0,-154],[92,-222],[31,-154],[-31,-154],[-61,-171],[-62,-513],[-338,-923],[-31,-342],[0,-342],[61,-154],[247,-273],[92,-137],[123,-325],[154,-718],[154,-291],[308,-120],[616,223],[338,-137],[154,0],[93,-34],[0,-223],[-62,-154],[-31,-34],[-215,-154],[-62,-171],[-154,-17],[-30,-85],[0,-240],[-93,-119],[-246,-120],[-93,-103],[-153,-239],[-154,-205],[-216,-137],[-185,-51],[-61,17],[-62,51],[-92,51],[-93,17],[-246,-51],[-61,-34],[-93,-137],[-154,-342],[-123,-85],[-92,-35],[-31,-51],[-31,-34],[-61,-34],[-62,-52],[0,-68],[-62,-51],[-92,0],[-31,51],[-92,222],[-62,69],[-92,17],[-62,0],[-123,-51],[-61,-35],[-93,-85],[-61,-34],[-62,68],[-31,68],[-61,69],[-62,17],[-61,-34],[-123,-137],[-93,-137],[-277,-598],[-308,-530],[-92,-274],[-31,-188],[31,-735],[61,-120],[247,-171],[184,-222],[93,-240],[-31,-291],[-246,-615],[-123,-1112],[0,-188],[30,-171],[62,-171],[154,-222],[31,-120],[-62,-136],[-246,-86],[-216,-325],[-154,-393],[-123,-564],[-123,-548],[-154,-393],[-246,-137],[-154,-34],[-62,-103],[-31,-171],[0,-188],[-30,-222],[-93,-85],[-338,-52],[-93,-85],[-246,-240],[-92,-17],[-185,69],[-123,17],[-62,-86],[-31,-205],[93,-325],[277,-68],[308,0],[215,-120],[339,-530],[31,-120],[-62,-119],[-308,-171],[-92,-103],[31,-274],[246,-136],[339,-69],[246,-119],[123,-120],[431,-616],[31,-154],[31,-136],[30,-171],[93,-69],[154,17],[61,-34],[31,-85],[31,-69],[-31,-51],[-31,-513],[62,-154],[185,-291],[154,34],[277,513],[123,137],[92,86],[308,102],[92,86],[62,256],[92,52],[124,-120],[277,-581],[123,-206],[-616,-239],[-739,-291],[-1077,-427],[-1478,-582],[-1417,-564],[-1323,-513],[-893,-359],[-801,-308],[-677,-154],[-308,-102],[-646,-342],[-863,-342],[-1139,-428],[-1231,-461],[-585,-360],[-801,-478],[-708,-325],[-893,-240],[-1108,-307],[-893,-257],[-154,0],[-1201,-325],[-862,-222],[-1170,-513],[-738,-308],[-893,-376],[-801,-462],[-646,-359],[-739,-102],[-154,-52],[0,-68],[61,-291],[0,-462],[31,-444],[339,-1266],[215,-478],[277,-206],[124,-51],[92,-137],[92,-171],[62,-188],[31,-205],[31,-667],[30,-119],[123,-206],[31,-85],[-31,-103],[-153,-359],[-62,-222],[31,-137],[246,-291],[31,-85],[92,-291],[0,-34],[-123,-51],[-339,-154],[-246,-17],[-277,136],[-123,69],[-216,34],[-92,-34],[-123,-120],[-62,-51],[-154,-34],[-92,34],[-216,171],[-338,85],[-339,-51],[-339,-120],[-338,-51],[-370,51],[-739,223],[-369,34],[-216,-51],[-338,-171],[-370,-69],[-492,-188],[-216,-34],[-185,17],[-154,68],[-184,17],[-216,-68],[-308,-308],[-154,-102],[-738,-86],[-124,-34],[-1878,-992],[-308,-359],[-92,-68],[-154,-35],[-185,-119],[-123,-137],[-92,-120],[-185,-393],[-92,-120],[-216,-51],[-400,0],[-185,-34],[-30,-17],[-124,-69],[-277,-325],[-184,-273],[-31,-69],[-123,-205],[-31,-119],[31,-86],[30,-68],[31,-52],[31,-51],[-31,-359],[-123,-410],[-31,-411],[123,-291],[-184,-530],[-31,-222],[31,-171],[123,-427],[0,-240],[-185,-376],[-31,-85],[-61,-377],[-123,-154],[-339,-290],[-62,-171],[-184,-188],[-62,-69],[-123,-34],[-246,0],[-401,-85],[-3109,-1386],[-585,-427],[-831,-804],[-770,-376],[-1324,-650],[-462,-308],[-339,-427],[-1139,-2001],[-154,-342],[-184,-803],[-216,-513],[-462,-530],[-862,-907],[-2278,-2684],[-92,-137],[0,-103],[0,-256],[30,-240],[-307,-393],[-308,-359],[-247,-274],[-246,-154],[-123,-34],[-400,-17],[-93,-51],[-308,-222],[-215,68],[-801,-428],[-215,-17],[-123,-51],[-123,-68],[-247,-257],[-92,-34],[-123,17],[-493,188],[-123,69],[-123,119],[-123,171],[-123,103],[-154,68],[-216,52],[-339,119],[-677,411],[-400,85],[-308,-51],[-62,17],[-61,51],[-62,69],[-92,34],[-370,51],[-92,34],[-31,69],[-61,85],[-62,86],[-61,34],[-93,-34],[-308,-274],[-61,-51],[-216,-34],[-123,-103],[-154,-34],[-61,-34],[0,-35],[0,-119],[0,-52],[-124,-34],[-154,0],[-123,-34],[-61,-120],[-62,69],[-462,-291],[-123,0],[-338,0],[-524,291],[-92,119],[-62,154],[0,154],[154,52],[-123,171],[-400,188],[-62,154],[-92,102],[-154,137],[-216,103],[-308,102],[-92,103],[-123,68],[-216,-17],[-431,-222],[-585,-137],[-61,-17],[-62,-86],[-61,-34],[-31,17],[-92,52],[-31,17],[-647,0],[-92,17],[-308,119],[-246,-17],[-93,17],[-154,86],[-277,239],[-154,86],[-61,68],[-62,120],[-92,120],[-123,68],[-93,34],[-154,17],[-61,35],[-123,153],[-31,52],[-93,51],[-61,51],[0,52],[0,136],[-31,52],[-123,154],[-62,-17],[-61,-103],[-31,68],[-31,69],[-61,51],[-93,17],[0,51],[-92,291],[0,17],[-185,171],[0,34],[-123,0],[-62,18],[-30,34],[-62,85],[0,69],[62,171],[-31,34],[-92,-17],[-154,-69],[-93,17],[-123,120],[-92,154],[-123,86],[-154,-86],[-124,171],[-215,137],[-585,119],[-277,0],[-92,18],[-62,51],[-62,34],[-30,34],[-739,120],[-370,0],[-92,-17],[-62,-69],[-30,-85],[-93,-51],[-154,-137],[-92,-51],[-62,0],[-92,17],[-123,51],[-62,68],[-61,69],[-62,51],[-246,51],[-154,86],[-247,51],[-369,154],[-154,34],[-154,-34],[-339,-103],[-92,-34],[-92,52],[-431,17],[-185,34],[-154,-17],[-246,-52],[-370,-85],[-369,-86],[-370,-85],[-338,-86],[-370,-85],[-369,-85],[-370,-86],[-369,-85],[-370,-86],[-369,-85],[-369,-86],[-370,-85],[-339,-86],[-369,-85],[-369,-86],[-370,-85],[-246,-69],[-185,0],[-277,-68],[-370,-86],[-30,137],[0,137],[61,137],[-215,188],[-154,222],[-185,137],[-123,68],[-123,52],[-277,17],[-154,-17],[-123,-35],[-154,-17],[-154,34],[-93,137],[-30,137],[30,154],[-30,171],[-93,102],[-369,171],[-216,189],[-184,273],[-185,308],[-62,274],[-31,102],[-369,445],[-123,85],[-400,120],[-524,256],[-246,171],[-339,360],[-246,153],[-123,120],[-62,137],[-123,479],[-92,273],[-185,257],[-400,479],[-93,102],[-523,240],[-123,0],[-31,34],[-31,85],[0,188],[-31,69],[-92,137],[-277,102],[-123,86],[-93,119],[-92,291],[-616,1112],[-61,102],[-62,51],[-154,18],[-31,34],[-61,68],[-62,120],[-123,205],[-61,137],[-93,85],[-215,52],[-31,17],[-62,85],[-61,34],[-31,-34],[-31,-17],[-61,-34],[-124,-51],[-92,-17],[-92,51],[-739,684],[-62,137],[-31,171],[-30,154],[-93,68],[-154,17],[-61,68],[31,120],[0,137],[-31,137],[-154,290],[-31,120],[0,171],[31,188],[92,188],[62,120],[31,137],[-154,68],[-277,69],[0,68],[-31,222],[0,103],[-31,34],[-92,103],[-62,68],[-31,154],[0,120],[-31,136],[-92,137],[62,-17],[215,17],[-308,547],[-215,325],[-31,223],[0,154],[0,615],[0,650],[0,34],[0,445],[0,1043],[0,1026],[0,1043],[0,1026],[0,444],[0,308],[0,223],[0,393],[0,1522],[0,1539],[0,1522],[0,1521],[0,1522],[0,1539],[0,1522],[0,1522],[0,1522],[0,1539],[0,1522],[0,598],[0,924],[0,1521],[0,1539],[0,1522],[0,1522],[1047,0],[1077,0],[1078,0],[1047,0],[1077,0],[1047,0],[1078,0],[1046,0],[1078,0],[1047,0],[1077,0],[1047,