{"type":"Topology","transform":{"scale":[0.0000782295645834687,0.00006781394129790213],"translate":[25.22005220052202,-22.396731854744203]},"objects":{"ZWE":{"type":"MultiPolygon","arcs":[[[0]]]}},"arcs":[[[66175,99700],[0,-1195],[46,-1394],[0,-1768],[46,-1021],[1427,0],[920,0],[2071,25],[1381,0],[552,-125],[506,-398],[230,-249],[184,-150],[230,-49],[276,149],[138,124],[231,299],[184,125],[138,-25],[92,-100],[92,0],[92,199],[322,225],[598,-50],[1289,-349],[230,-99],[230,-150],[184,-274],[230,-498],[138,-199],[276,-149],[92,-100],[92,-124],[0,-150],[92,-99],[46,0],[92,24],[92,0],[46,-49],[0,-50],[-46,-75],[46,-50],[231,-25],[276,0],[276,-49],[184,-150],[506,-274],[2117,-149],[322,-174],[368,-324],[736,-946],[277,-224],[506,-324],[184,-125],[92,-273],[92,-548],[92,-224],[184,-125],[1335,-224],[2531,75],[1012,-175],[1335,-597],[2024,-897],[1519,-697],[138,-149],[46,-199],[46,-349],[92,-573],[368,-298],[46,-25],[0,-25],[138,99],[184,75],[185,25],[414,-25],[782,-199],[368,-25],[230,75],[368,274],[231,99],[138,25],[-92,-423],[-323,-1569],[-230,-473],[-230,-299],[-874,-996],[0,-75],[736,-1444],[506,-1046],[323,-846],[184,-922],[0,-547],[46,-125],[46,-324],[138,-298],[92,-100],[276,-174],[92,-150],[0,-224],[-46,-224],[-92,-99],[-184,-324],[-506,-1071],[-46,-124],[-139,-75],[-92,-100],[0,-174],[138,-498],[93,-124],[184,-175],[506,-249],[184,-249],[46,-323],[-46,-274],[-230,-548],[-46,-573],[46,-647],[-46,-523],[-322,-249],[-230,-100],[-139,-249],[-92,-323],[0,-274],[0,-299],[139,-399],[46,-274],[-46,-199],[-93,-74],[-138,-75],[-46,-125],[0,-149],[184,-199],[-46,-125],[-46,-299],[46,-323],[415,-1519],[46,-498],[0,-100],[-92,-323],[-138,-200],[-46,-99],[-46,-125],[92,-224],[184,-324],[598,-522],[230,-274],[92,-299],[-46,-150],[-368,-323],[-276,-424],[-46,25],[0,-149],[184,-224],[46,-150],[-92,-298],[-230,-175],[-276,-149],[-231,-174],[-230,-125],[-276,-75],[-184,-99],[-184,-199],[-46,-249],[46,-324],[184,-523],[368,-847],[92,-398],[0,-473],[-92,-398],[-138,-324],[-230,-199],[-322,-25],[-552,50],[-368,-75],[-1243,-623],[0,-149],[92,-797],[92,-199],[138,-125],[-138,-99],[-138,-100],[-138,-124],[-46,-199],[138,-324],[0,-150],[0,-199],[0,-199],[92,-125],[184,-49],[138,0],[829,124],[184,-25],[138,-74],[92,-50],[46,-100],[46,-174],[46,-174],[92,-125],[138,-100],[92,-149],[92,-498],[-368,-1843],[-46,-348],[-46,-274],[-92,-249],[-184,-324],[-460,-597],[-46,-150],[46,-423],[-92,-598],[0,-298],[138,-175],[276,-25],[230,50],[184,-75],[46,-323],[46,-274],[-92,-1071],[0,-124],[0,-150],[46,-199],[-46,-124],[-92,-150],[-46,-149],[46,-324],[138,-149],[230,-50],[322,-25],[276,75],[368,448],[230,75],[231,-150],[46,-299],[-138,-572],[138,-249],[184,-224],[276,-200],[276,-124],[138,-174],[-46,-274],[-92,-349],[0,-622],[-230,-847],[-46,-1096],[46,-348],[46,-125],[-690,25],[-185,-149],[-46,-448],[-92,-225],[-230,-74],[-184,-25],[-138,-150],[-92,-697],[-46,-249],[-184,-348],[-46,-125],[46,-124],[92,-175],[0,-124],[-92,-448],[-92,-225],[-92,-174],[-552,-772],[-829,-1120],[-414,-847],[-414,-896],[-322,-374],[-552,-99],[-599,74],[-552,-74],[-414,-573],[-138,-623],[0,-597],[184,-1594],[138,-1519],[-46,-572],[-322,-648],[-644,-896],[-967,-1370],[46,-124],[184,-150],[138,-149],[46,-25],[47,0],[46,-25],[0,-99],[-46,-100],[-47,-75],[0,-49],[921,-1719],[0,-74],[46,-75],[-506,349],[-461,-548],[-644,-747],[-644,-797],[-690,-797],[-645,-797],[-690,-821],[-644,-797],[-690,-797],[-645,-797],[-690,-797],[-690,-821],[-645,-797],[-690,-797],[-644,-797],[-690,-821],[-645,-797],[-690,-797],[-690,-797],[-644,-797],[-829,-622],[-1012,-772],[-322,448],[-92,125],[-138,0],[-231,-100],[-92,0],[-92,50],[-230,124],[-92,25],[-46,75],[-276,349],[-138,99],[-184,-50],[-414,-199],[-138,-25],[-92,-49],[-230,49],[-415,224],[-1426,349],[-736,75],[-415,124],[-414,-174],[-1380,-125],[-276,-99],[-323,-249],[-230,-75],[-46,25],[-230,149],[-92,50],[-368,-25],[-828,125],[-276,-25],[-230,-75],[-461,-224],[-276,-99],[-506,-75],[-460,-25],[-460,100],[-369,323],[-184,150],[-184,149],[-276,75],[-322,25],[-552,-100],[-230,25],[-276,174],[-369,274],[-184,100],[-414,50],[0,49],[-46,50],[-230,299],[-138,50],[-276,74],[-92,50],[-368,249],[-184,50],[-460,50],[-323,174],[-414,100],[-782,523],[-230,74],[-875,-25],[-138,-74],[-230,174],[-276,-50],[-460,-224],[-460,50],[-230,-75],[-92,-224],[-138,-149],[-323,25],[-644,174],[-276,-75],[-460,-274],[-276,-149],[-184,0],[-92,25],[-92,50],[-967,921],[-92,124],[-92,299],[-46,125],[-138,174],[-92,50],[-1196,-50],[-461,100],[-460,274],[-414,448],[-230,548],[-92,622],[46,623],[138,323],[230,349],[138,348],[-46,274],[-184,200],[-506,174],[-230,149],[-368,100],[-783,50],[-414,124],[-1841,921],[-598,200],[-506,423],[-184,75],[-368,49],[-415,100],[-138,-25],[-138,-75],[-460,-124],[-184,-75],[-230,-50],[-276,75],[-1013,573],[-506,199],[-506,100],[-1519,25],[-966,199],[-736,50],[-184,74],[-184,125],[-138,174],[-93,149],[-138,299],[-46,125],[-92,50],[-46,-25],[-92,25],[-46,149],[92,174],[-92,100],[-92,25],[-46,25],[46,149],[92,174],[46,100],[-46,174],[-368,822],[-184,249],[-92,149],[-46,100],[0,224],[0,125],[-138,199],[-460,597],[-322,573],[-369,498],[-874,722],[-230,224],[-414,648],[-92,274],[0,249],[138,796],[0,299],[-92,822],[0,149],[46,349],[0,149],[0,200],[92,149],[92,124],[46,150],[230,1195],[-46,598],[-322,1170],[92,523],[184,523],[0,572],[-92,274],[-184,200],[-230,99],[-506,0],[-415,224],[-736,-149],[-1012,149],[-1473,0],[-460,-50],[-460,-273],[184,2116],[-230,1743],[-645,1818],[-184,249],[-230,174],[-230,75],[-276,50],[-184,0],[-92,0],[-138,0],[-184,74],[-138,125],[-184,324],[-138,149],[-415,249],[-414,50],[-414,0],[-460,99],[-1473,797],[-460,100],[-322,0],[-230,50],[-230,124],[-184,224],[-184,274],[-92,100],[-46,49],[-184,125],[-599,174],[-230,125],[-184,199],[-92,324],[-92,274],[-230,249],[-506,373],[-230,100],[-507,124],[-230,100],[-276,249],[-322,597],[-322,175],[-368,74],[-92,50],[-184,125],[0,25],[92,49],[92,175],[92,323],[0,100],[-138,199],[-92,125],[-138,99],[-138,75],[-691,0],[-552,174],[-506,324],[-322,548],[-1243,3785],[-276,647],[-414,573],[-276,572],[-138,274],[-46,374],[46,299],[230,547],[46,299],[0,25],[-368,1146],[-1611,1593],[-460,1096],[-46,1095],[-138,523],[-322,299],[-506,274],[-369,373],[-598,947],[-184,199],[-460,324],[-828,971],[-139,298],[-92,200],[-92,622],[-138,299],[-414,747],[-414,1145],[-230,523],[-414,349],[-414,299],[-369,398],[-506,996],[-368,1021],[-92,349],[0,423],[506,1270],[92,-100],[230,-124],[415,-349],[230,-124],[138,-25],[368,25],[460,-175],[138,-25],[966,0],[46,-24],[139,-75],[46,-25],[92,50],[92,124],[92,25],[874,199],[644,324],[322,25],[184,-100],[139,-149],[460,-149],[322,-150],[230,-199],[138,-149],[92,-225],[598,-274],[184,-249],[-230,-74],[0,-224],[92,-224],[138,-175],[783,-423],[506,0],[184,0],[690,423],[92,-99],[92,174],[184,50],[231,0],[184,50],[0,74],[0,175],[0,49],[92,50],[230,50],[184,149],[322,50],[92,75],[460,398],[138,50],[92,-50],[92,-124],[92,-125],[46,-99],[138,-50],[553,-75],[138,-50],[92,-99],[92,-75],[92,-25],[460,75],[598,-125],[1013,-597],[506,-175],[322,-74],[230,-100],[184,-149],[184,-249],[184,-175],[184,-99],[737,-274],[184,-25],[138,50],[368,373],[184,100],[184,75],[322,25],[1197,622],[322,-100],[460,324],[138,75],[598,25],[184,50],[369,224],[368,398],[460,523],[460,573],[-46,348],[0,374],[0,149],[138,199],[3406,3910],[1288,1319],[690,772],[322,747],[277,1171],[230,498],[1702,2913],[507,622],[690,449],[1979,946],[1150,548],[1243,1170],[874,623],[4648,2016],[598,125],[368,0],[184,50],[92,99],[277,274],[92,249],[506,424],[184,224],[92,547],[46,125],[276,548],[0,348],[-184,623],[-46,249],[46,324],[276,771],[-184,424],[46,597],[184,598],[46,523],[-46,75],[-46,74],[-46,100],[-46,124],[46,175],[184,298],[46,100],[276,398],[414,474],[185,99],[46,25],[276,50],[598,0],[322,75],[138,174],[276,573],[138,174],[184,199],[276,174],[231,50],[138,100],[460,523],[2807,1444],[184,50],[1104,124],[231,150],[460,448],[322,99],[276,-25],[230,-99],[276,-25],[322,50],[737,274],[552,99],[506,249],[322,75],[552,-50],[1105,-324],[552,-74],[506,74],